ref_x,ref_y,ref_z,fk_x,fk_y,fk_z,err_x,err_y,err_z,xy_err,xyz_err
1.469724798033411606e-02,-7.964182858581333457e-01,1.000000000000000056e-01,1.469724798033403279e-02,-7.964182858581321245e-01,9.999999999999992228e-02,-8.326672684688674053e-17,1.221245327087672194e-15,-8.326672684688674053e-17,1.224080674111502058e-15,1.226909468760048065e-15
1.578371121665600452e-02,-7.947418227389361212e-01,1.000000000000000056e-01,1.578371121665576859e-02,-7.947418227389343448e-01,9.999999999999992228e-02,-2.359223927328457648e-16,1.776356839400250465e-15,-8.326672684688674053e-17,1.791955076523080307e-15,1.793888609718182105e-15
1.734998309033825015e-02,-7.922712455106455387e-01,1.000000000000000056e-01,1.734998309033807321e-02,-7.922712455106444285e-01,9.999999999999997780e-02,-1.769417945496343236e-16,1.110223024625156540e-15,-2.775557561562891351e-17,1.124234656584770162e-15,1.124577225024600361e-15
1.913134159456142402e-02,-7.895359635793236519e-01,1.000000000000000056e-01,1.913134159456135464e-02,-7.895359635793228748e-01,9.999999999999986677e-02,-6.938893903907228378e-17,7.771561172376095783e-16,-1.387778780781445676e-16,7.802476885071849941e-16,7.924933784358564265e-16
2.086306472250581967e-02,-7.870653863510330694e-01,1.000000000000000056e-01,2.086306472250569130e-02,-7.870653863510328474e-01,1.000000000000000333e-01,-1.283695372222837250e-16,2.220446049250313081e-16,2.775557561562891351e-17,2.564810805166270591e-16,2.579785197273823653e-16
2.228043046735211918e-02,-7.853889232318358449e-01,1.000000000000000056e-01,2.228043046735183816e-02,-7.853889232318346236e-01,9.999999999999992228e-02,-2.810252031082427493e-16,1.221245327087672194e-15,-8.326672684688674053e-17,1.253162125870194285e-15,1.255925420363525559e-15
2.333380345282154433e-02,-7.846830440237528848e-01,1.000000000000000056e-01,2.333380345282210291e-02,-7.846830440237546611e-01,9.999999999999986677e-02,5.585809592645318844e-16,-1.776356839400250465e-15,-1.387778780781445676e-16,1.862110713394059125e-15,1.867274915051558342e-15
2.419966501679376991e-02,-7.845948091227424870e-01,1.000000000000000056e-01,2.419966501679354093e-02,-7.845948091227424870e-01,9.999999999999992228e-02,-2.289834988289385365e-16,0.000000000000000000e+00,-8.326672684688674053e-17,2.289834988289385365e-16,2.436530125726676726e-16
2.495246822368685224e-02,-7.848595138257735693e-01,1.000000000000000056e-01,2.495246822368748368e-02,-7.848595138257755677e-01,9.999999999999975575e-02,6.314393452555577824e-16,-1.998401444325281773e-15,-2.498001805406602216e-16,2.095787198028020294e-15,2.110621735322624440e-15
2.566666613791868112e-02,-7.852124534298150493e-01,1.000000000000000056e-01,2.566666613791847990e-02,-7.852124534298137171e-01,9.999999999999953371e-02,-2.012279232133096230e-16,1.332267629550187849e-15,-4.718447854656915297e-16,1.347378830851968820e-15,1.427608915424382848e-15
2.641671182390742390e-02,-7.853889232318358449e-01,1.000000000000000056e-01,2.641671182390776390e-02,-7.853889232318366220e-01,9.999999999999975575e-02,3.400058012914541905e-16,-7.771561172376095783e-16,-2.498001805406602216e-16,8.482780060049187792e-16,8.842939023140594750e-16
2.719709023984417939e-02,-7.853889232318358449e-01,1.000000000000000056e-01,2.719709023984424184e-02,-7.853889232318358449e-01,9.999999999999986677e-02,6.245004513516505540e-17,0.000000000000000000e+00,-1.387778780781445676e-16,6.245004513516505540e-17,1.521818240830898679e-16
2.795816600945033592e-02,-7.853889232318358449e-01,1.000000000000000056e-01,2.795816600945022143e-02,-7.853889232318347347e-01,9.999999999999970024e-02,-1.144917494144692682e-16,1.110223024625156540e-15,-3.053113317719180486e-16,1.116110892829120602e-15,1.157116473999121090e-15
2.870821169543902318e-02,-7.853889232318358449e-01,1.000000000000000056e-01,2.870821169543880114e-02,-7.853889232318346236e-01,9.999999999999947820e-02,-2.220446049250313081e-16,1.221245327087672194e-15,-5.273559366969493567e-16,1.241267076623636559e-15,1.348646817917613808e-15
2.945549986052337088e-02,-7.853889232318358449e-01,1.000000000000000056e-01,2.945549986052374558e-02,-7.853889232318366220e-01,9.999999999999992228e-02,3.747002708109903324e-16,-7.771561172376095783e-16,-8.326672684688674053e-17,8.627699134216877577e-16,8.667786749254164529e-16
3.020830306741639770e-02,-7.853889232318358449e-01,1.000000000000000056e-01,3.020830306741657464e-02,-7.853889232318356228e-01,9.999999999999992228e-02,1.769417945496343236e-16,2.220446049250313081e-16,-8.326672684688674053e-17,2.839228860707749534e-16,2.958809778180278533e-16
3.096110627430948004e-02,-7.853889232318358449e-01,1.000000000000000056e-01,3.096110627431004209e-02,-7.853889232318368441e-01,9.999999999999986677e-02,5.620504062164854986e-16,-9.992007221626408864e-16,-1.387778780781445676e-16,1.146430435001818812e-15,1.154799567778898843e-15
3.170839443939377222e-02,-7.853889232318358449e-01,1.000000000000000056e-01,3.170839443939431346e-02,-7.853889232318371771e-01,9.999999999999997780e-02,5.412337245047638135e-16,-1.332267629550187849e-15,-2.775557561562891351e-17,1.438009381502281843e-15,1.438277217113005036e-15
3.245844012538245948e-02,-7.853889232318358449e-01,1.000000000000000056e-01,3.245844012538286194e-02,-7.853889232318368441e-01,1.000000000000000333e-01,4.024558464266192459e-16,-9.992007221626408864e-16,2.775557561562891351e-17,1.077206011630695333e-15,1.077563531060264019e-15
3.321951589498861601e-02,-7.853889232318358449e-01,1.000000000000000056e-01,3.321951589498900459e-02,-7.853889232318371771e-01,1.000000000000000888e-01,3.885780586188047891e-16,-1.332267629550187849e-15,8.326672684688674053e-17,1.387778780781445676e-15,1.390274538422908074e-15
3.399989431092542702e-02,-7.853889232318358449e-01,1.000000000000000056e-01,3.399989431092505926e-02,-7.853889232318339575e-01,9.999999999999997780e-02,-3.677613769070831040e-16,1.887379141862766119e-15,-2.775557561562891351e-17,1.922875049368321506e-15,1.923075356677678504e-15
3.481060545681019525e-02,-7.853889232318358449e-01,1.000000000000000056e-01,3.481060545681082669e-02,-7.853889232318379543e-01,9.999999999999986677e-02,6.314393452555577824e-16,-2.109423746787797427e-15,-1.387778780781445676e-16,2.201904673288341531e-15,2.206273666092425217e-15
3.564613429083440810e-02,-7.853889232318358449e-01,1.000000000000000056e-01,3.564613429083514362e-02,-7.853889232318380653e-01,9.999999999999953371e-02,7.355227538141662080e-16,-2.220446049250313081e-15,-4.718447854656915297e-16,2.339096915266594605e-15,2.386212874112630928e-15
3.648993568757163963e-02,-7.853889232318358449e-01,1.000000000000000056e-01,3.648993568757211148e-02,-7.853889232318375102e-01,9.999999999999981126e-02,4.718447854656915297e-16,-1.665334536937734811e-15,-1.942890293094023946e-16,1.730888968561757275e-15,1.741759124677914291e-15
3.732546452159585249e-02,-7.853889232318358449e-01,1.000000000000000056e-01,3.732546452159622719e-02,-7.853889232318373992e-01,9.999999999999970024e-02,3.747002708109903324e-16,-1.554312234475219157e-15,-3.053113317719180486e-16,1.598839208671459339e-15,1.627729039027540495e-15
3.813617566748067622e-02,-7.853889232318358449e-01,1.000000000000000056e-01,3.813617566748117582e-02,-7.853889232318379543e-01,9.999999999999975575e-02,4.996003610813204432e-16,-2.109423746787797427e-15,-2.498001805406602216e-16,2.167779754565683497e-15,2.182124926419888046e-15
3.891655408341743172e-02,-7.853889232318358449e-01,1.000000000000000056e-01,3.891655408341793826e-02,-7.853889232318372882e-01,9.999999999999986677e-02,5.065392549852276716e-16,-1.443289932012703503e-15,-1.387778780781445676e-16,1.529597281865466658e-15,1.535879925037792783e-15
3.967762985302364376e-02,-7.853889232318358449e-01,1.000000000000000056e-01,3.967762985302320661e-02,-7.853889232318340685e-01,9.999999999999986677e-02,-4.371503159461553878e-16,1.776356839400250465e-15,-1.387778780781445676e-16,1.829356176258704989e-15,1.834612580099608653e-15
4.042767553901227551e-02,-7.853889232318358449e-01,1.000000000000000056e-01,4.042767553901267102e-02,-7.853889232318372882e-01,9.999999999999997780e-02,3.955169525227120175e-16,-1.443289932012703503e-15,-2.775557561562891351e-17,1.496502418167804795e-15,1.496759786859549003e-15
4.117496370409662321e-02,-7.853889232318358449e-01,1.000000000000000056e-01,4.117496370409653300e-02,-7.853889232318354008e-01,9.999999999999975575e-02,-9.020562075079396891e-17,4.440892098500626162e-16,-2.498001805406602216e-16,4.531581184534698432e-16,5.174479785625173708e-16
4.192776691098965003e-02,-7.853889232318358449e-01,1.000000000000000056e-01,4.192776691098942798e-02,-7.853889232318349567e-01,9.999999999999981126e-02,-2.220446049250313081e-16,8.881784197001252323e-16,-1.942890293094023946e-16,9.155133597044474904e-16,9.359022057391012158e-16
4.268057011788278787e-02,-7.853889232318358449e-01,1.000000000000000056e-01,4.268057011788216337e-02,-7.853889232318347347e-01,9.999999999999986677e-02,-6.245004513516505540e-16,1.110223024625156540e-15,-1.387778780781445676e-16,1.273811594446465368e-15,1.281349006941558646e-15
4.342785828296702455e-02,-7.853889232318358449e-01,1.000000000000000056e-01,4.342785828296660128e-02,-7.853889232318344016e-01,9.999999999999942268e-02,-4.232725281383409310e-16,1.443289932012703503e-15,-5.828670879282071837e-16,1.504076281618009190e-15,1.613065250730969427e-15
4.417790396895576732e-02,-7.853889232318358449e-01,1.000000000000000056e-01,4.417790396895528854e-02,-7.853889232318341795e-01,9.999999999999992228e-02,-4.787836793695987581e-16,1.665334536937734811e-15,-8.326672684688674053e-17,1.732793389746253109e-15,1.734792863528122823e-15
4.493897973856186834e-02,-7.853889232318358449e-01,1.000000000000000056e-01,4.493897973856238182e-02,-7.853889232318366220e-01,9.999999999999975575e-02,5.134781488891348999e-16,-7.771561172376095783e-16,-2.498001805406602216e-16,9.314673584975749724e-16,9.643814443178572236e-16
4.571935815449867935e-02,-7.853889232318358449e-01,1.000000000000000056e-01,4.571935815449860302e-02,-7.853889232318358449e-01,9.999999999999964473e-02,-7.632783294297951215e-17,0.000000000000000000e+00,-3.608224830031758756e-16,7.632783294297951215e-17,3.688072698881470375e-16
4.653006930038344757e-02,-7.853889232318358449e-01,1.000000000000000056e-01,4.653006930038310063e-02,-7.853889232318348457e-01,9.999999999999986677e-02,-3.469446951953614189e-16,9.992007221626408864e-16,-1.387778780781445676e-16,1.057720522961781881e-15,1.066785828617167940e-15
4.736559813440768818e-02,-7.853889232318358449e-01,1.000000000000000056e-01,4.736559813440712613e-02,-7.853889232318338465e-01,9.999999999999975575e-02,-5.620504062164854986e-16,1.998401444325281773e-15,-2.498001805406602216e-16,2.075935690672880161e-15,2.090911074629343146e-15
4.820939953114491971e-02,-7.853889232318358449e-01,1.000000000000000056e-01,4.820939953114561360e-02,-7.853889232318380653e-01,9.999999999999981126e-02,6.938893903907228378e-16,-2.220446049250313081e-15,-1.942890293094023946e-16,2.326341149472306527e-15,2.334440269237600719e-15
4.904492836516916032e-02,-7.853889232318358449e-01,1.000000000000000056e-01,4.904492836516909093e-02,-7.853889232318352898e-01,9.999999999999970024e-02,-6.938893903907228378e-17,5.551115123125782702e-16,-3.053113317719180486e-16,5.594315114139762021e-16,6.373214457958151149e-16
4.985563951105392855e-02,-7.853889232318358449e-01,1.000000000000000056e-01,4.985563951105316527e-02,-7.853889232318338465e-01,1.000000000000000333e-01,-7.632783294297951215e-16,1.998401444325281773e-15,2.775557561562891351e-17,2.139205960364384953e-15,2.139386013050535542e-15
5.063601792699068405e-02,-7.853889232318358449e-01,1.000000000000000056e-01,5.063601792699146120e-02,-7.853889232318378433e-01,9.999999999999958922e-02,7.771561172376095783e-16,-1.998401444325281773e-15,-4.163336342344337027e-16,2.144196810752504077e-15,2.184242124453253308e-15
5.139709369659689608e-02,-7.853889232318358449e-01,1.000000000000000056e-01,5.139709369659688221e-02,-7.853889232318356228e-01,9.999999999999992228e-02,-1.387778780781445676e-17,2.220446049250313081e-16,-8.326672684688674053e-17,2.224778631027185334e-16,2.375494629978060226e-16
5.214713938258550008e-02,-7.853889232318358449e-01,1.000000000000000056e-01,5.214713938258469517e-02,-7.853889232318339575e-01,9.999999999999970024e-02,-8.049116928532384918e-16,1.887379141862766119e-15,-3.053113317719180486e-16,2.051848644133016473e-15,2.074439169447694412e-15
5.289442754766990329e-02,-7.853889232318358449e-01,1.000000000000000056e-01,5.289442754767045146e-02,-7.853889232318378433e-01,1.000000000000001998e-01,5.481726184086710418e-16,-1.998401444325281773e-15,1.942890293094023946e-16,2.072221405220588504e-15,2.081309630776829158e-15
5.364723075456293011e-02,-7.853889232318358449e-01,1.000000000000000056e-01,5.364723075456240969e-02,-7.853889232318345126e-01,9.999999999999970024e-02,-5.204170427930421283e-16,1.332267629550187849e-15,-3.053113317719180486e-16,1.430304490371449327e-15,1.462527245724015184e-15
5.440003396145601244e-02,-7.853558351439570151e-01,1.000000000000000056e-01,5.440003396145590142e-02,-7.853558351439562379e-01,9.999999999999981126e-02,-1.110223024625156540e-16,7.771561172376095783e-16,-1.942890293094023946e-16,7.850462293418875587e-16,8.087309868639294699e-16
5.514732212654027688e-02,-7.852896589681992445e-01,1.000000000000000056e-01,5.514732212654044341e-02,-7.852896589681995776e-01,9.999999999999997780e-02,1.665334536937734811e-16,-3.330669073875469621e-16,-2.775557561562891351e-17,3.723801229870909677e-16,3.734130795427978390e-16
5.589736781252901965e-02,-7.852400268363808333e-01,1.000000000000000056e-01,5.589736781252917924e-02,-7.852400268363820546e-01,9.999999999999992228e-02,1.595945597898662527e-16,-1.221245327087672194e-15,-8.326672684688674053e-17,1.231629234976174426e-15,1.234440731767949568e-15
5.665844358213512066e-02,-7.852565708803203037e-01,1.000000000000000056e-01,5.665844358213550924e-02,-7.852565708803207478e-01,9.999999999999986677e-02,3.885780586188047891e-16,-4.440892098500626162e-16,-1.387778780781445676e-16,5.900916318210352995e-16,6.061909215660397934e-16
5.743882199807193167e-02,-7.853889232318358449e-01,1.000000000000000056e-01,5.743882199807170963e-02,-7.853889232318345126e-01,9.999999999999992228e-02,-2.220446049250313081e-16,1.332267629550187849e-15,-8.326672684688674053e-17,1.350644602892851895e-15,1.353208849780174801e-15
5.831019860385289189e-02,-7.856481132535538814e-01,1.000000000000000056e-01,5.831019860385247555e-02,-7.856481132535521050e-01,9.999999999999975575e-02,-4.163336342344337027e-16,1.776356839400250465e-15,-2.498001805406602216e-16,1.824493714946395238e-15,1.841514986655564741e-15
5.926705835766934993e-02,-7.860010528575953614e-01,1.000000000000000056e-01,5.926705835766999525e-02,-7.860010528575973598e-01,9.999999999999964473e-02,6.453171330633722391e-16,-1.998401444325281773e-15,-3.608224830031758756e-16,2.100010127334271325e-15,2.130782813697134852e-15
6.020185794425084169e-02,-7.864311980000209257e-01,1.000000000000000056e-01,6.020185794425082088e-02,-7.864311980000201485e-01,9.999999999999992228e-02,-2.081668171172168513e-17,7.771561172376095783e-16,-8.326672684688674053e-17,7.774348620928471984e-16,7.818812650250153369e-16
6.100705404832698631e-02,-7.869220046368912147e-01,1.000000000000000056e-01,6.100705404832765938e-02,-7.869220046368933241e-01,9.999999999999981126e-02,6.730727086790011526e-16,-2.109423746787797427e-15,-1.942890293094023946e-16,2.214203110530006651e-15,2.222710876742800048e-15
6.157510335462718087e-02,-7.874569287242666471e-01,1.000000000000000056e-01,6.157510335462779150e-02,-7.874569287242683124e-01,9.999999999999970024e-02,6.106226635438360972e-16,-1.665334536937734811e-15,-3.053113317719180486e-16,1.773752845565297093e-15,1.799837261104272912e-15
6.190600586315164744e-02,-7.880469996247735365e-01,1.000000000000000056e-01,6.190600586315150172e-02,-7.880469996247730924e-01,9.999999999999975575e-02,-1.457167719820517959e-16,4.440892098500626162e-16,-2.498001805406602216e-16,4.673848563465896352e-16,5.299516337745065208e-16
6.207145711741382521e-02,-7.887032467010381964e-01,1.000000000000000056e-01,6.207145711741367256e-02,-7.887032467010371972e-01,1.000000000000000333e-01,-1.526556658859590243e-16,9.992007221626408864e-16,2.775557561562891351e-17,1.010794655455512695e-15,1.011175656093036784e-15
6.207145711741385297e-02,-7.894091259091212676e-01,1.000000000000000056e-01,6.207145711741399868e-02,-7.894091259091217117e-01,9.999999999999981126e-02,1.457167719820517959e-16,-4.440892098500626162e-16,-1.942890293094023946e-16,4.673848563465896352e-16,5.061588988174682420e-16
6.190600586315159193e-02,-7.901480932050831685e-01,1.000000000000000056e-01,6.190600586315211928e-02,-7.901480932050847228e-01,9.999999999999936717e-02,5.273559366969493567e-16,-1.554312234475219157e-15,-6.383782391594650107e-16,1.641338114529990862e-15,1.761112597888392966e-15
6.157510335462718087e-02,-7.909036045449845398e-01,1.000000000000000056e-01,6.157510335462696577e-02,-7.909036045449835406e-01,9.999999999999975575e-02,-2.151057110211240797e-16,9.992007221626408864e-16,-2.498001805406602216e-16,1.022092241475419173e-15,1.052175213679923656e-15
6.100705404832693080e-02,-7.916866892914516951e-01,1.000000000000000056e-01,6.100705404832730550e-02,-7.916866892914531384e-01,9.999999999999975575e-02,3.747002708109903324e-16,-1.443289932012703503e-15,-2.498001805406602216e-16,1.491135849208603662e-15,1.511914763137528865e-15
6.020185794425086945e-02,-7.925083768071108370e-01,1.000000000000000056e-01,6.020185794425041148e-02,-7.925083768071089496e-01,9.999999999999997780e-02,-4.579669976578770729e-16,1.887379141862766119e-15,-2.775557561562891351e-17,1.942146697879025199e-15,1.942345017771084760e-15
5.926705835766934993e-02,-7.933521230480226061e-01,1.000000000000000056e-01,5.926705835766976627e-02,-7.933521230480236053e-01,9.999999999999992228e-02,4.163336342344337027e-16,-9.992007221626408864e-16,-8.326672684688674053e-17,1.082467449009527627e-15,1.085665291867151927e-15
5.831019860385291964e-02,-7.942013839702475320e-01,1.000000000000000056e-01,5.831019860385271147e-02,-7.942013839702465328e-01,9.999999999999936717e-02,-2.081668171172168513e-16,9.992007221626408864e-16,-6.383782391594650107e-16,1.020654450300911502e-15,1.203853098659215582e-15
5.743882199807193167e-02,-7.950396155298461442e-01,1.000000000000000056e-01,5.743882199807255617e-02,-7.950396155298480316e-01,9.999999999999975575e-02,6.245004513516505540e-16,-1.887379141862766119e-15,-2.498001805406602216e-16,1.988014295440816805e-15,2.003646917267409382e-15
5.662535333128271287e-02,-7.958668177268184429e-01,1.000000000000000056e-01,5.662535333128287940e-02,-7.958668177268187760e-01,9.999999999999964473e-02,1.665334536937734811e-16,-3.330669073875469621e-16,-3.608224830031758756e-16,3.723801229870909677e-16,5.185169430563076201e-16
5.579809705997162972e-02,-7.966940199237907416e-01,1.000000000000000056e-01,5.579809705997219871e-02,-7.966940199237922959e-01,9.999999999999964473e-02,5.689893001203927270e-16,-1.554312234475219157e-15,-3.608224830031758756e-16,1.655184384257791152e-15,1.694056731674420732e-15
5.499841599770430300e-02,-7.975212221207630403e-01,1.000000000000000056e-01,5.499841599770424749e-02,-7.975212221207627072e-01,9.999999999999986677e-02,-5.551115123125782702e-17,3.330669073875469621e-16,-1.387778780781445676e-16,3.376611507232129738e-16,3.650675994272796584e-16
5.426767295804621472e-02,-7.983484243177353390e-01,1.000000000000000056e-01,5.426767295804573593e-02,-7.983484243177344508e-01,9.999999999999975575e-02,-4.787836793695987581e-16,8.881784197001252323e-16,-2.498001805406602216e-16,1.009006797227700782e-15,1.039468540673477547e-15
5.364723075456293011e-02,-7.991756265147076377e-01,1.000000000000000056e-01,5.364723075456288848e-02,-7.991756265147071936e-01,9.999999999999964473e-02,-4.163336342344337027e-17,4.440892098500626162e-16,-3.608224830031758756e-16,4.460365043975677174e-16,5.737084865119031857e-16
5.311502922001945515e-02,-8.000028287116799364e-01,1.000000000000000056e-01,5.311502922001948290e-02,-8.000028287116799364e-01,9.999999999999975575e-02,2.775557561562891351e-17,0.000000000000000000e+00,-2.498001805406602216e-16,2.775557561562891351e-17,2.513374269302153602e-16
5.264349314537217217e-02,-8.008300309086522351e-01,1.000000000000000056e-01,5.264349314537207503e-02,-8.008300309086521240e-01,9.999999999999981126e-02,-9.714451465470119729e-17,1.110223024625156540e-16,-1.942890293094023946e-16,1.475229079552588249e-16,2.439492473478153576e-16
5.226571278147348898e-02,-8.016572331056246448e-01,1.000000000000000056e-01,5.226571278147397470e-02,-8.016572331056260881e-01,9.999999999999992228e-02,4.857225732735059864e-16,-1.443289932012703503e-15,-8.326672684688674053e-17,1.522830340529328502e-15,1.525105109110996495e-15
5.201477837917578562e-02,-8.024844353025969435e-01,1.000000000000000056e-01,5.201477837917642399e-02,-8.024844353025989419e-01,9.999999999999975575e-02,6.383782391594650107e-16,-1.998401444325281773e-15,-2.498001805406602216e-16,2.097888249863111902e-15,2.112708034516804086e-15
5.192378018933155315e-02,-8.033116374995692421e-01,1.000000000000000056e-01,5.192378018933190009e-02,-8.033116374995700193e-01,9.999999999999975575e-02,3.469446951953614189e-16,-7.771561172376095783e-16,-2.498001805406602216e-16,8.510829877773609022e-16,8.869849955225769193e-16
5.201477837917578562e-02,-8.042050158722993114e-01,1.000000000000000056e-01,5.201477837917516805e-02,-8.042050158722976461e-01,9.999999999999953371e-02,-6.175615574477433256e-16,1.665334536937734811e-15,-4.718447854656915297e-16,1.776153539859350669e-15,1.837759205860785942e-15
5.226571278147346122e-02,-8.051645704207871512e-01,1.000000000000000056e-01,5.226571278147326000e-02,-8.051645704207863741e-01,9.999999999999981126e-02,-2.012279232133096230e-16,7.771561172376095783e-16,-1.942890293094023946e-16,8.027853434390657659e-16,8.259615817642903987e-16
5.264349314537217217e-02,-8.060910368813961613e-01,1.000000000000000056e-01,5.264349314537164481e-02,-8.060910368813953841e-01,9.999999999999981126e-02,-5.273559366969493567e-16,7.771561172376095783e-16,-1.942890293094023946e-16,9.391889663583969544e-16,9.590746276694758964e-16
5.311502922001948290e-02,-8.068851509904895192e-01,1.000000000000000056e-01,5.311502922002009353e-02,-8.068851509904915176e-01,9.999999999999992228e-02,6.106226635438360972e-16,-1.998401444325281773e-15,-8.326672684688674053e-17,2.089609621416100893e-15,2.091267968892206704e-15
5.364723075456293011e-02,-8.074476484844307356e-01,1.000000000000000056e-01,5.364723075456248602e-02,-8.074476484844294033e-01,9.999999999999964473e-02,-4.440892098500626162e-16,1.332267629550187849e-15,-3.608224830031758756e-16,1.404333387430680490e-15,1.449946594634818582e-15
5.426767295804624247e-02,-8.077123531874619289e-01,1.000000000000000056e-01,5.426767295804621472e-02,-8.077123531874615958e-01,9.999999999999981126e-02,-2.775557561562891351e-17,3.330669073875469621e-16,-1.942890293094023946e-16,3.342213888644167624e-16,3.865904340312231514e-16
5.499841599770433076e-02,-8.077454412753407587e-01,1.000000000000000056e-01,5.499841599770448342e-02,-8.077454412753417579e-01,9.999999999999975575e-02,1.526556658859590243e-16,-9.992007221626408864e-16,-2.498001805406602216e-16,1.010794655455512695e-15,1.041204094160013897e-15
5.579809705997168523e-02,-8.076461770117040473e-01,1.000000000000000056e-01,5.579809705997186564e-02,-8.076461770117044914e-01,9.999999999999975575e-02,1.804112415015879378e-16,-4.440892098500626162e-16,-2.498001805406602216e-16,4.793364605007605814e-16,5.405215745588178711e-16
5.662535333128271287e-02,-8.075138246601885061e-01,1.000000000000000056e-01,5.662535333128294879e-02,-8.075138246601883951e-01,9.999999999999986677e-02,2.359223927328457648e-16,1.110223024625156540e-16,-1.387778780781445676e-16,2.607399605677453924e-16,2.953720137060073352e-16
5.743882199807193167e-02,-8.074476484844307356e-01,1.000000000000000056e-01,5.743882199807186228e-02,-8.074476484844301805e-01,9.999999999999953371e-02,-6.938893903907228378e-17,5.551115123125782702e-16,-4.718447854656915297e-16,5.594315114139762021e-16,7.318477420434460236e-16
5.825504818576551780e-02,-8.074476484844307356e-01,1.000000000000000056e-01,5.825504818576501820e-02,-8.074476484844289592e-01,9.999999999999981126e-02,-4.996003610813204432e-16,1.776356839400250465e-15,-1.942890293094023946e-16,1.845276169487004719e-15,1.855476318519485377e-15
5.910160710340717216e-02,-8.074476484844307356e-01,1.000000000000000056e-01,5.910160710340785217e-02,-8.074476484844326230e-01,9.999999999999986677e-02,6.800116025829083810e-16,-1.887379141862766119e-15,-1.387778780781445676e-16,2.006144512438225753e-15,2.010938861385367646e-15
5.995368106285756116e-02,-8.074476484844307356e-01,1.000000000000000056e-01,5.995368106285808157e-02,-8.074476484844319568e-01,9.999999999999986677e-02,5.204170427930421283e-16,-1.221245327087672194e-15,-1.387778780781445676e-16,1.327506703321279097e-15,1.334740928722425467e-15
6.078645237597732343e-02,-8.074476484844307356e-01,1.000000000000000056e-01,6.078645237597651851e-02,-8.074476484844288482e-01,9.999999999999975575e-02,-8.049116928532384918e-16,1.887379141862766119e-15,-2.498001805406602216e-16,2.051848644133016473e-15,2.066998545869987881e-15
6.157510335462718087e-02,-8.074476484844307356e-01,1.000000000000000056e-01,6.157510335462775680e-02,-8.074476484844325119e-01,9.999999999999986677e-02,5.759281940242999553e-16,-1.776356839400250465e-15,-1.387778780781445676e-16,1.867387722342668570e-15,1.872537370788634436e-15
6.229757383157219497e-02,-8.074476484844307356e-01,1.000000000000000056e-01,6.229757383157204925e-02,-8.074476484844304025e-01,9.999999999999975575e-02,-1.457167719820517959e-16,3.330669073875469621e-16,-2.498001805406602216e-16,3.635477168592509124e-16,4.410975772226826552e-16
6.297040893223851410e-02,-8.074476484844307356e-01,1.000000000000000056e-01,6.297040893223784797e-02,-8.074476484844287372e-01,9.999999999999975575e-02,-6.661338147750939243e-16,1.998401444325281773e-15,-2.498001805406602216e-16,2.106500081146020636e-15,2.121259701702348950e-15
6.362669890747860157e-02,-8.074476484844307356e-01,1.000000000000000056e-01,6.362669890747833790e-02,-8.074476484844300694e-01,9.999999999999958922e-02,-2.636779683484746784e-16,6.661338147750939243e-16,-4.163336342344337027e-16,7.164218939837045475e-16,8.286096941105924854e-16
6.429953400814494846e-02,-8.074476484844307356e-01,1.000000000000000056e-01,6.429953400814514275e-02,-8.074476484844311797e-01,9.999999999999986677e-02,1.942890293094023946e-16,-4.440892098500626162e-16,-1.387778780781445676e-16,4.847302891456678175e-16,5.042050700450314966e-16
6.502200448508993480e-02,-8.074476484844307356e-01,1.000000000000000056e-01,6.502200448508994868e-02,-8.074476484844316237e-01,9.999999999999975575e-02,1.387778780781445676e-17,-8.881784197001252323e-16,-2.498001805406602216e-16,8.882868333007364787e-16,9.227424496649088818e-16
6.580514042193105761e-02,-8.074476484844307356e-01,1.000000000000000056e-01,6.580514042193084945e-02,-8.074476484844305135e-01,9.999999999999986677e-02,-2.081668171172168513e-16,2.220446049250313081e-16,-1.387778780781445676e-16,3.043636481661797358e-16,3.345093866678458641e-16
6.662688165143337837e-02,-8.074476484844307356e-01,1.000000000000000056e-01,6.662688165143343388e-02,-8.074476484844302915e-01,9.999999999999986677e-02,5.551115123125782702e-17,4.440892098500626162e-16,-1.387778780781445676e-16,4.475452091311809617e-16,4.685680459230493957e-16
6.747068304817066542e-02,-8.074476484844307356e-01,1.000000000000000056e-01,6.747068304817033235e-02,-8.074476484844297364e-01,9.999999999999975575e-02,-3.330669073875469621e-16,9.992007221626408864e-16,-2.498001805406602216e-16,1.053250040573010318e-15,1.082467449009527627e-15
6.831999948671663159e-02,-8.074476484844307356e-01,1.000000000000000056e-01,6.831999948671604872e-02,-8.074476484844290702e-01,9.999999999999970024e-02,-5.828670879282071837e-16,1.665334536937734811e-15,-3.053113317719180486e-16,1.764390308890730621e-15,1.790611116746422395e-15
6.915828584164518400e-02,-8.074476484844307356e-01,1.000000000000000056e-01,6.915828584164457338e-02,-8.074476484844289592e-01,9.999999999999964473e-02,-6.106226635438360972e-16,1.776356839400250465e-15,-3.608224830031758756e-16,1.878377932716793909e-15,1.912719666432588471e-15
6.999657219657370866e-02,-8.075138246601885061e-01,1.000000000000000056e-01,6.999657219657370866e-02,-8.075138246601881731e-01,9.999999999999975575e-02,0.000000000000000000e+00,3.330669073875469621e-16,-2.498001805406602216e-16,3.330669073875469621e-16,4.163336342344337027e-16
7.084588863511973034e-02,-8.076461770117040473e-01,1.000000000000000056e-01,7.084588863512000789e-02,-8.076461770117051575e-01,9.999999999999992228e-02,2.775557561562891351e-16,-1.110223024625156540e-15,-8.326672684688674053e-17,1.144391699630559412e-15,1.147416973023806371e-15
7.168969003185701738e-02,-8.077454412753407587e-01,1.000000000000000056e-01,7.168969003185778066e-02,-8.077454412753428681e-01,9.999999999999986677e-02,7.632783294297951215e-16,-2.109423746787797427e-15,-1.387778780781445676e-16,2.243270458881275507e-15,2.247559042858114014e-15
7.251143126135933814e-02,-8.077123531874619289e-01,1.000000000000000056e-01,7.251143126136011530e-02,-8.077123531874639273e-01,9.999999999999997780e-02,7.771561172376095783e-16,-1.998401444325281773e-15,-2.775557561562891351e-17,2.144196810752504077e-15,2.144376444381667746e-15
7.329456719820046096e-02,-8.074476484844307356e-01,1.000000000000000056e-01,7.329456719820064137e-02,-8.074476484844319568e-01,1.000000000000000333e-01,1.804112415015879378e-16,-1.221245327087672194e-15,2.775557561562891351e-17,1.234499236530189177e-15,1.234811215114024934e-15
7.405012792599791061e-02,-8.068851509904895192e-01,1.000000000000000056e-01,7.405012792599828531e-02,-8.068851509904901853e-01,9.999999999999970024e-02,3.747002708109903324e-16,-6.661338147750939243e-16,-3.053113317719180486e-16,7.642869566678791422e-16,8.230124916676482870e-16
7.478914352836910084e-02,-8.060910368813961613e-01,1.000000000000000056e-01,7.478914352836908697e-02,-8.060910368813957172e-01,9.999999999999970024e-02,-1.387778780781445676e-17,4.440892098500626162e-16,-3.053113317719180486e-16,4.443059973708341306e-16,5.390944523996086112e-16
7.549506887988785553e-02,-8.051645704207871512e-01,1.000000000000000056e-01,7.549506887988755022e-02,-8.051645704207857079e-01,9.999999999999964473e-02,-3.053113317719180486e-16,1.443289932012703503e-15,-3.608224830031758756e-16,1.475229079552588150e-15,1.518714489757095095e-15
7.615135885512797076e-02,-8.042050158722993114e-01,1.000000000000000056e-01,7.615135885512773484e-02,-8.042050158722980902e-01,9.999999999999986677e-02,-2.359223927328457648e-16,1.221245327087672194e-15,-1.387778780781445676e-16,1.243824555283528179e-15,1.251542577689684118e-15
7.674146832866318713e-02,-8.033116374995692421e-01,1.000000000000000056e-01,7.674146832866279855e-02,-8.033116374995677988e-01,9.999999999999981126e-02,-3.885780586188047891e-16,1.443289932012703503e-15,-1.942890293094023946e-16,1.494683490070454178e-15,1.507258094156134693e-15
7.727642738411102941e-02,-8.024844353025969435e-01,1.000000000000000056e-01,7.727642738411068246e-02,-8.024844353025957222e-01,9.999999999999975575e-02,-3.469446951953614189e-16,1.221245327087672194e-15,-2.498001805406602216e-16,1.269571097047218333e-15,1.293913018968363409e-15
7.776726610508893911e-02,-8.016572331056246448e-01,1.000000000000000056e-01,7.776726610508916115e-02,-8.016572331056250889e-01,9.999999999999986677e-02,2.220446049250313081e-16,-4.440892098500626162e-16,-1.387778780781445676e-16,4.965068306494546235e-16,5.155369359468228577e-16
7.819743936617060132e-02,-8.008300309086522351e-01,1.000000000000000056e-01,7.819743936617024049e-02,-8.008300309086511248e-01,9.999999999999997780e-02,-3.608224830031758756e-16,1.110223024625156540e-15,-2.775557561562891351e-17,1.167385124390579227e-15,1.167715033998519266e-15
7.855040204193006192e-02,-8.000028287116799364e-01,1.000000000000000056e-01,7.855040204192952069e-02,-8.000028287116777159e-01,9.999999999999986677e-02,-5.412337245047638135e-16,2.220446049250313081e-15,-1.387778780781445676e-16,2.285457197624279097e-15,2.289666766500421113e-15
7.880960900694081173e-02,-7.991756265147076377e-01,1.000000000000000056e-01,7.880960900694085336e-02,-7.991756265147077487e-01,9.999999999999992228e-02,4.163336342344337027e-17,-1.110223024625156540e-16,-8.326672684688674053e-17,1.185718710066886779e-16,1.448883583792047552e-16
7.894197001035060945e-02,-7.983484243177353390e-01,1.000000000000000056e-01,7.894197001035066497e-02,-7.983484243177360051e-01,1.000000000000000333e-01,5.551115123125782702e-17,-6.661338147750939243e-16,2.775557561562891351e-17,6.684427777288335247e-16,6.690187733356917283e-16
7.895851513577684111e-02,-7.975212221207630403e-01,1.000000000000000056e-01,7.895851513577728520e-02,-7.975212221207638175e-01,9.999999999999981126e-02,4.440892098500626162e-16,-7.771561172376095783e-16,-1.942890293094023946e-16,8.950904182623619234e-16,9.159339953157541458e-16
7.890887975949814614e-02,-7.966940199237907416e-01,1.000000000000000056e-01,7.890887975949799349e-02,-7.966940199237905196e-01,9.999999999999981126e-02,-1.526556658859590243e-16,2.220446049250313081e-16,-1.942890293094023946e-16,2.694578982019246649e-16,3.321984133216000568e-16
7.884269925779324728e-02,-7.958668177268184429e-01,1.000000000000000056e-01,7.884269925779403831e-02,-7.958668177268203303e-01,9.999999999999964473e-02,7.910339050454240351e-16,-1.887379141862766119e-15,-3.608224830031758756e-16,2.046444395548054977e-15,2.078010473580588305e-15
7.880960900694081173e-02,-7.950396155298461442e-01,1.000000000000000056e-01,7.880960900694121418e-02,-7.950396155298472545e-01,9.999999999999970024e-02,4.024558464266192459e-16,-1.110223024625156540e-15,-3.053113317719180486e-16,1.180917386073554836e-15,1.219746236739076640e-15
7.880960900694081173e-02,-7.942013839702475320e-01,1.000000000000000056e-01,7.880960900694111704e-02,-7.942013839702483091e-01,9.999999999999964473e-02,3.053113317719180486e-16,-7.771561172376095783e-16,-3.608224830031758756e-16,8.349770295452320949e-16,9.096040369901381856e-16
7.880960900694081173e-02,-7.933521230480226061e-01,1.000000000000000056e-01,7.880960900694039539e-02,-7.933521230480217179e-01,9.999999999999953371e-02,-4.163336342344337027e-16,8.881784197001252323e-16,-4.718447854656915297e-16,9.809151850266479694e-16,1.088499931918706000e-15
7.880960900694081173e-02,-7.925083768071108370e-01,1.000000000000000056e-01,7.880960900694172766e-02,-7.925083768071131685e-01,1.000000000000000333e-01,9.159339953157541458e-16,-2.331468351712828735e-15,2.775557561562891351e-17,2.504931088635696285e-15,2.505084855008182841e-15
7.880960900694081173e-02,-7.916866892914516951e-01,1.000000000000000056e-01,7.880960900694053417e-02,-7.916866892914510290e-01,9.999999999999992228e-02,-2.775557561562891351e-16,6.661338147750939243e-16,-8.326672684688674053e-17,7.216449660063517513e-16,7.264329320467943980e-16
7.880960900694081173e-02,-7.909036045449845398e-01,1.000000000000000056e-01,7.880960900694096438e-02,-7.909036045449847618e-01,9.999999999999970024e-02,1.526556658859590243e-16,-2.220446049250313081e-16,-3.053113317719180486e-16,2.694578982019246649e-16,4.072131729349395794e-16
7.880960900694081173e-02,-7.901811812929621093e-01,1.000000000000000056e-01,7.880960900694058968e-02,-7.901811812929614431e-01,9.999999999999986677e-02,-2.220446049250313081e-16,6.661338147750939243e-16,-1.387778780781445676e-16,7.021666937153402450e-16,7.157495128933059646e-16
7.880960900694081173e-02,-7.895083901727579789e-01,1.000000000000000056e-01,7.880960900694022886e-02,-7.895083901727564246e-01,9.999999999999992228e-02,-5.828670879282071837e-16,1.554312234475219157e-15,-8.326672684688674053e-17,1.660006194093641639e-15,1.662093232110958025e-15
7.880960900694081173e-02,-7.888521430964932080e-01,1.000000000000000056e-01,7.880960900694032600e-02,-7.888521430964920977e-01,9.999999999999986677e-02,-4.857225732735059864e-16,1.110223024625156540e-15,-1.387778780781445676e-16,1.211825722864169741e-15,1.219746236739076640e-15
7.880960900694081173e-02,-7.881793519762890776e-01,1.000000000000000056e-01,7.880960900694107540e-02,-7.881793519762896327e-01,9.999999999999981126e-02,2.636779683484746784e-16,-5.551115123125782702e-16,-1.942890293094023946e-16,6.145525706514756784e-16,6.445332334366683461e-16
7.880960900694081173e-02,-7.874569287242666471e-01,1.000000000000000056e-01,7.880960900694083948e-02,-7.874569287242672022e-01,9.999999999999986677e-02,2.775557561562891351e-17,-5.551115123125782702e-16,-1.387778780781445676e-16,5.558049685633555805e-16,5.728686258851893309e-16
7.880960900694081173e-02,-7.866738439777996028e-01,1.000000000000000056e-01,7.880960900694138072e-02,-7.866738439778009351e-01,9.999999999999986677e-02,5.689893001203927270e-16,-1.332267629550187849e-15,-1.387778780781445676e-16,1.448684182421679859e-15,1.455316171779398291e-15
7.880960900694081173e-02,-7.858521564621403499e-01,1.000000000000000056e-01,7.880960900694128357e-02,-7.858521564621415711e-01,9.999999999999970024e-02,4.718447854656915297e-16,-1.221245327087672194e-15,-3.053113317719180486e-16,1.309227883336067686e-15,1.344355853118132645e-15
7.880960900694081173e-02,-7.850084102212285808e-01,1.000000000000000056e-01,7.880960900694035376e-02,-7.850084102212276926e-01,9.999999999999975575e-02,-4.579669976578770729e-16,8.881784197001252323e-16,-2.498001805406602216e-16,9.992970910418892422e-16,1.030046021478131839e-15
7.880960900694081173e-02,-7.841591492990036549e-01,1.000000000000000056e-01,7.880960900694074234e-02,-7.841591492990036549e-01,9.999999999999975575e-02,-6.938893903907228378e-17,0.000000000000000000e+00,-2.498001805406602216e-16,6.938893903907228378e-17,2.592584715281538101e-16
7.880960900694081173e-02,-7.833209177394051537e-01,1.000000000000000056e-01,7.880960900694124194e-02,-7.833209177394068190e-01,9.999999999999986677e-02,4.302114220422481594e-16,-1.665334536937734811e-15,-1.387778780781445676e-16,1.720006101027910046e-15,1.725595632533040920e-15
7.880960900694081173e-02,-7.824937155424327440e-01,1.000000000000000056e-01,7.880960900694077009e-02,-7.824937155424325219e-01,9.999999999999986677e-02,-4.163336342344337027e-17,2.220446049250313081e-16,-1.387778780781445676e-16,2.259140179941513686e-16,2.651347637902923144e-16
7.880960900694081173e-02,-7.816665133454604453e-01,1.000000000000000056e-01,7.880960900694050641e-02,-7.816665133454593350e-01,9.999999999999975575e-02,-3.053113317719180486e-16,1.110223024625156540e-15,-2.498001805406602216e-16,1.151438306517623764e-15,1.178223367581172829e-15
7.880960900694081173e-02,-7.808393111484881466e-01,1.000000000000000056e-01,7.880960900694040927e-02,-7.808393111484871474e-01,1.000000000000000888e-01,-4.024558464266192459e-16,9.992007221626408864e-16,8.326672684688674053e-17,1.077206011630695333e-15,1.080419427487817637e-15
7.880960900694081173e-02,-7.800121089515158479e-01,1.000000000000000056e-01,7.880960900694086724e-02,-7.800121089515155148e-01,9.999999999999986677e-02,5.551115123125782702e-17,3.330669073875469621e-16,-1.387778780781445676e-16,3.376611507232129738e-16,3.650675994272796584e-16
7.880960900694081173e-02,-7.791849067545435492e-01,1.000000000000000056e-01,7.880960900694145010e-02,-7.791849067545455476e-01,9.999999999999981126e-02,6.383782391594650107e-16,-1.998401444325281773e-15,-1.942890293094023946e-16,2.097888249863111902e-15,2.106865761225356410e-15
7.874342850523594062e-02,-7.783521898762580937e-01,1.000000000000000056e-01,7.874342850523563531e-02,-7.783521898762567615e-01,9.999999999999975575e-02,-3.053113317719180486e-16,1.332267629550187849e-15,-2.498001805406602216e-16,1.366803587226642724e-15,1.389443117314906591e-15
7.861106750182617064e-02,-7.775139583166594814e-01,1.000000000000000056e-01,7.861106750182601799e-02,-7.775139583166590374e-01,9.999999999999997780e-02,-1.526556658859590243e-16,4.440892098500626162e-16,-2.775557561562891351e-17,4.695944831791984772e-16,4.704140204225352512e-16
7.851179674926886398e-02,-7.766784840977174476e-01,1.000000000000000056e-01,7.851179674926885010e-02,-7.766784840977174476e-01,9.999999999999992228e-02,-1.387778780781445676e-17,0.000000000000000000e+00,-8.326672684688674053e-17,1.387778780781445676e-17,8.441528768080324345e-17
7.854488700012127178e-02,-7.758540392414017273e-01,1.000000000000000056e-01,7.854488700012098035e-02,-7.758540392414005060e-01,9.999999999999975575e-02,-2.914335439641035919e-16,1.221245327087672194e-15,-2.498001805406602216e-16,1.255537199560790644e-15,1.280146003266463009e-15
7.880960900694081173e-02,-7.750488957696820558e-01,1.000000000000000056e-01,7.880960900694103377e-02,-7.750488957696833880e-01,9.999999999999981126e-02,2.220446049250313081e-16,-1.332267629550187849e-15,-1.942890293094023946e-16,1.350644602892851895e-15,1.364547203373184779e-15
7.938317335504982419e-02,-7.742685683638714789e-01,1.000000000000000056e-01,7.938317335505046257e-02,-7.742685683638731442e-01,9.999999999999986677e-02,6.383782391594650107e-16,-1.665334536937734811e-15,-1.387778780781445676e-16,1.783498218712303113e-15,1.788889374889859121e-15
8.019939954274341032e-02,-7.735075423426569508e-01,1.000000000000000056e-01,8.019939954274377114e-02,-7.735075423426576169e-01,9.999999999999975575e-02,3.608224830031758756e-16,-6.661338147750939243e-16,-2.498001805406602216e-16,7.575797802392803626e-16,7.977012308035776976e-16
8.114247169203800403e-02,-7.727575456840687362e-01,1.000000000000000056e-01,8.114247169203732402e-02,-7.727575456840670709e-01,1.000000000000000333e-01,-6.800116025829083810e-16,1.665334536937734811e-15,2.775557561562891351e-17,1.798820418931527183e-15,1.799034538729801748e-15
8.209657392495009476e-02,-7.720103063661371001e-01,1.000000000000000056e-01,8.209657392495001149e-02,-7.720103063661371001e-01,9.999999999999992228e-02,-8.326672684688674053e-17,0.000000000000000000e+00,-8.326672684688674053e-17,8.326672684688674053e-17,1.177569344012831190e-16
8.294589036349608868e-02,-7.712575523668923072e-01,1.000000000000000056e-01,8.294589036349570010e-02,-7.712575523668910860e-01,9.999999999999964473e-02,-3.885780586188047891e-16,1.221245327087672194e-15,-3.608224830031758756e-16,1.281574444413368740e-15,1.331399985283916071e-15
8.370145109129351058e-02,-7.705047983676474033e-01,1.000000000000000056e-01,8.370145109129331629e-02,-7.705047983676464041e-01,9.999999999999986677e-02,-1.942890293094023946e-16,9.992007221626408864e-16,-1.387778780781445676e-16,1.017914687034396300e-15,1.027331304655029581e-15
8.444046669366472857e-02,-7.697575590497158782e-01,1.000000000000000056e-01,8.444046669366435387e-02,-7.697575590497143239e-01,9.999999999999981126e-02,-3.747002708109903324e-16,1.554312234475219157e-15,-1.942890293094023946e-16,1.598839208671459339e-15,1.610600832638294642e-15
8.514639204518348325e-02,-7.690075623911276637e-01,1.000000000000000056e-01,8.514639204518358040e-02,-7.690075623911275526e-01,9.999999999999992228e-02,9.714451465470119729e-17,1.110223024625156540e-16,-8.326672684688674053e-17,1.475229079552588249e-16,1.693999886994382596e-16
8.580268202042359849e-02,-7.682465363699131355e-01,1.000000000000000056e-01,8.580268202042293235e-02,-7.682465363699109151e-01,9.999999999999981126e-02,-6.661338147750939243e-16,2.220446049250313081e-15,-1.942890293094023946e-16,2.318213734067276083e-15,2.326341149472306527e-15
8.639279149395881485e-02,-7.674662089641025586e-01,1.000000000000000056e-01,8.639279149395889812e-02,-7.674662089641031137e-01,9.999999999999997780e-02,8.326672684688674053e-17,-5.551115123125782702e-16,-2.775557561562891351e-17,5.613217783960923392e-16,5.620075719058477929e-16
8.692775054940665713e-02,-7.666610654923827761e-01,1.000000000000000056e-01,8.692775054940708734e-02,-7.666610654923839974e-01,9.999999999999970024e-02,4.302114220422481594e-16,-1.221245327087672194e-15,-3.053113317719180486e-16,1.294805783347096788e-15,1.330314634173972771e-15
8.741858927038456684e-02,-7.658366206360670558e-01,1.000000000000000056e-01,8.741858927038441418e-02,-7.658366206360666117e-01,9.999999999999981126e-02,-1.526556658859590243e-16,4.440892098500626162e-16,-1.942890293094023946e-16,4.695944831791984772e-16,5.081999660983148282e-16
8.784876253146625680e-02,-7.650011464171250219e-01,1.000000000000000056e-01,8.784876253146678415e-02,-7.650011464171261322e-01,9.999999999999997780e-02,5.273559366969493567e-16,-1.110223024625156540e-15,-2.775557561562891351e-17,1.229105141302951357e-15,1.229418488699069013e-15
8.820172520722568965e-02,-7.641629148575264097e-01,1.000000000000000056e-01,8.820172520722598108e-02,-7.641629148575271868e-01,9.999999999999958922e-02,2.914335439641035919e-16,-7.771561172376095783e-16,-4.163336342344337027e-16,8.300030970468208195e-16,9.285681644888356410e-16
8.846093217223643945e-02,-7.633301979792409542e-01,1.000000000000000056e-01,8.846093217223663374e-02,-7.633301979792417313e-01,9.999999999999992228e-02,1.942890293094023946e-16,-7.771561172376095783e-16,-8.326672684688674053e-17,8.010741897413915294e-16,8.053900950903363479e-16
8.859329317564623718e-02,-7.625029957822686555e-01,1.000000000000000056e-01,8.859329317564570982e-02,-7.625029957822669902e-01,9.999999999999975575e-02,-5.273559366969493567e-16,1.665334536937734811e-15,-2.498001805406602216e-16,1.746838116107825321e-15,1.764608606486232432e-15
8.860983830107246884e-02,-7.616757935852963568e-01,1.000000000000000056e-01,8.860983830107183046e-02,-7.616757935852948025e-01,9.999999999999964473e-02,-6.383782391594650107e-16,1.554312234475219157e-15,-3.608224830031758756e-16,1.680301549862907045e-15,1.718605877655567993e-15
8.856020292479377387e-02,-7.608485913883240581e-01,1.000000000000000056e-01,8.856020292479382938e-02,-7.608485913883238361e-01,9.999999999999981126e-02,5.551115123125782702e-17,2.220446049250313081e-16,-1.942890293094023946e-16,2.288783399261118726e-16,3.002224531865041098e-16
8.849402242308887501e-02,-7.600213891913517594e-01,1.000000000000000056e-01,8.849402242308879174e-02,-7.600213891913510933e-01,9.999999999999981126e-02,-8.326672684688674053e-17,6.661338147750939243e-16,-1.942890293094023946e-16,6.713178136967714425e-16,6.988675367311054642e-16
8.846093217223643945e-02,-7.591941869943794607e-01,1.000000000000000056e-01,8.846093217223545413e-02,-7.591941869943773513e-01,9.999999999999964473e-02,-9.853229343548264296e-16,2.109423746787797427e-15,-3.608224830031758756e-16,2.328203132992882733e-15,2.355997175872342248e-15
8.846093217223643945e-02,-7.583669847974071621e-01,1.000000000000000056e-01,8.846093217223539862e-02,-7.583669847974052747e-01,9.999999999999964473e-02,-1.040834085586084257e-15,1.887379141862766119e-15,-3.608224830031758756e-16,2.155350463116486241e-15,2.185344019393063232e-15
8.846093217223643945e-02,-7.575397826004348634e-01,1.000000000000000056e-01,8.846093217223632843e-02,-7.575397826004345303e-01,9.999999999999964473e-02,-1.110223024625156540e-16,3.330669073875469621e-16,-3.608224830031758756e-16,3.510833468576701225e-16,5.034405433428660793e-16
8.846093217223643945e-02,-7.567125804034624537e-01,1.000000000000000056e-01,8.846093217223720273e-02,-7.567125804034644521e-01,9.999999999999986677e-02,7.632783294297951215e-16,-1.998401444325281773e-15,-1.387778780781445676e-16,2.139205960364384953e-15,2.143702740657478099e-15
8.846093217223643945e-02,-7.558853782064902660e-01,1.000000000000000056e-01,8.846093217223692518e-02,-7.558853782064915983e-01,9.999999999999986677e-02,4.857225732735059864e-16,-1.332267629550187849e-15,-1.387778780781445676e-16,1.418049172255572029e-15,1.424823762568053709e-15
8.846093217223643945e-02,-7.550581760095178563e-01,1.000000000000000056e-01,8.846093217223567617e-02,-7.550581760095160799e-01,9.999999999999981126e-02,-7.632783294297951215e-16,1.776356839400250465e-15,-1.942890293094023946e-16,1.933400483361164871e-15,1.943138094930768585e-15
8.846093217223643945e-02,-7.542199444499193550e-01,1.000000000000000056e-01,8.846093217223692518e-02,-7.542199444499210204e-01,9.999999999999975575e-02,4.857225732735059864e-16,-1.665334536937734811e-15,-2.498001805406602216e-16,1.734723475976807094e-15,1.752616805894318249e-15
8.846093217223643945e-02,-7.533706835276944291e-01,1.000000000000000056e-01,8.846093217223705008e-02,-7.533706835276963165e-01,9.999999999999953371e-02,6.106226635438360972e-16,-1.887379141862766119e-15,-4.718447854656915297e-16,1.983698581531982598e-15,2.039043296240461188e-15
8.846093217223643945e-02,-7.525269372867826601e-01,1.000000000000000056e-01,8.846093217223641170e-02,-7.525269372867826601e-01,9.999999999999992228e-02,-2.775557561562891351e-17,0.000000000000000000e+00,-8.326672684688674053e-17,2.775557561562891351e-17,8.777083671441753062e-17
8.846093217223643945e-02,-7.517052497711235182e-01,1.000000000000000056e-01,8.846093217223681415e-02,-7.517052497711244063e-01,9.999999999999975575e-02,3.747002708109903324e-16,-8.881784197001252323e-16,-2.498001805406602216e-16,9.639819490876586787e-16,9.958219360734065093e-16
8.846093217223643945e-02,-7.509221650246563629e-01,1.000000000000000056e-01,8.846093217223552352e-02,-7.509221650246545865e-01,9.999999999999997780e-02,-9.159339953157541458e-16,1.776356839400250465e-15,-2.775557561562891351e-17,1.998594182083778484e-15,1.998786901257080667e-15
8.849402242308890276e-02,-7.501666536847549915e-01,1.000000000000000056e-01,8.849402242308876398e-02,-7.501666536847537703e-01,9.999999999999986677e-02,-1.387778780781445676e-16,1.221245327087672194e-15,-1.387778780781445676e-16,1.229105141302951357e-15,1.236915012367955829e-15
8.856020292479377387e-02,-7.494276863887930906e-01,1.000000000000000056e-01,8.856020292479313549e-02,-7.494276863887918694e-01,9.999999999999953371e-02,-6.383782391594650107e-16,1.221245327087672194e-15,-4.718447854656915297e-16,1.378030088628624495e-15,1.456572836056260892e-15
8.860983830107246884e-02,-7.487218071807100195e-01,1.000000000000000056e-01,8.860983830107235781e-02,-7.487218071807096864e-01,9.999999999999992228e-02,-1.110223024625156540e-16,3.330669073875469621e-16,-8.326672684688674053e-17,3.510833468576701225e-16,3.608224830031758756e-16
8.859329317564623718e-02,-7.480655601044453595e-01,1.000000000000000056e-01,8.859329317564572370e-02,-7.480655601044439162e-01,9.999999999999986677e-02,-5.134781488891348999e-16,1.443289932012703503e-15,-1.387778780781445676e-16,1.531909147839990800e-15,1.538182348318858772e-15
8.846093217223643945e-02,-7.474754892039383591e-01,1.000000000000000056e-01,8.846093217223628680e-02,-7.474754892039375820e-01,9.999999999999981126e-02,-1.526556658859590243e-16,7.771561172376095783e-16,-1.942890293094023946e-16,7.920071861333851961e-16,8.154897974818032481e-16
8.820172520722568965e-02,-7.469405651165630378e-01,1.000000000000000056e-01,8.820172520722589782e-02,-7.469405651165633708e-01,9.999999999999997780e-02,2.081668171172168513e-16,-3.330669073875469621e-16,-2.775557561562891351e-17,3.927683650008202861e-16,3.937478387536527052e-16
8.784876253146625680e-02,-7.464497584796927487e-01,1.000000000000000056e-01,8.784876253146552127e-02,-7.464497584796907503e-01,9.999999999999986677e-02,-7.355227538141662080e-16,1.998401444325281773e-15,-1.387778780781445676e-16,2.129460507748323160e-15,2.133977824042138282e-15
8.741858927038453908e-02,-7.460196133372671845e-01,1.000000000000000056e-01,8.741858927038462235e-02,-7.460196133372675176e-01,1.000000000000000333e-01,8.326672684688674053e-17,-3.330669073875469621e-16,2.775557561562891351e-17,3.433175098891677842e-16,3.444376352465765840e-16
8.692775054940665713e-02,-7.456666737332255934e-01,1.000000000000000056e-01,8.692775054940607427e-02,-7.456666737332241501e-01,9.999999999999975575e-02,-5.828670879282071837e-16,1.443289932012703503e-15,-2.498001805406602216e-16,1.556540995296668364e-15,1.576458055337118463e-15
8.639279149395881485e-02,-7.454074837115076679e-01,1.000000000000000056e-01,8.639279149395841240e-02,-7.454074837115071128e-01,9.999999999999975575e-02,-4.024558464266192459e-16,5.551115123125782702e-16,-2.498001805406602216e-16,6.856526084140015912e-16,7.297394258384774027e-16
8.580268202042359849e-02,-7.452420432721131860e-01,1.000000000000000056e-01,8.580268202042386216e-02,-7.452420432721137411e-01,9.999999999999953371e-02,2.636779683484746784e-16,-5.551115123125782702e-16,-4.718447854656915297e-16,6.145525706514756784e-16,7.747982728849500240e-16
8.514639204518345550e-02,-7.451593230524159450e-01,1.000000000000000056e-01,8.514639204518349713e-02,-7.451593230524160560e-01,9.999999999999942268e-02,4.163336342344337027e-17,-1.110223024625156540e-16,-5.828670879282071837e-16,1.185718710066886779e-16,5.948052881270771261e-16
8.444046669366472857e-02,-7.451593230524160560e-01,1.000000000000000056e-01,8.444046669366483959e-02,-7.451593230524167222e-01,9.999999999999997780e-02,1.110223024625156540e-16,-6.661338147750939243e-16,-2.775557561562891351e-17,6.753223014464259476e-16,6.758924343478423583e-16
8.370145109129351058e-02,-7.452420432721131860e-01,1.000000000000000056e-01,8.370145109129342731e-02,-7.452420432721126309e-01,9.999999999999975575e-02,-8.326672684688674053e-17,5.551115123125782702e-16,-2.498001805406602216e-16,5.613217783960923392e-16,6.143958570009226527e-16
8.294589036349608868e-02,-7.454074837115076679e-01,1.000000000000000056e-01,8.294589036349586664e-02,-7.454074837115070018e-01,9.999999999999964473e-02,-2.220446049250313081e-16,6.661338147750939243e-16,-3.608224830031758756e-16,7.021666937153402450e-16,7.894497640785698187e-16
8.212966417580250256e-02,-7.456666737332255934e-01,1.000000000000000056e-01,8.212966417580286338e-02,-7.456666737332260375e-01,9.999999999999997780e-02,3.608224830031758756e-16,-4.440892098500626162e-16,-2.775557561562891351e-17,5.721958498152797061e-16,5.728686258851893309e-16
8.124174244459533845e-02,-7.460196133372671845e-01,1.000000000000000056e-01,8.124174244459550498e-02,-7.460196133372681837e-01,9.999999999999992228e-02,1.665334536937734811e-16,-9.992007221626408864e-16,-8.326672684688674053e-17,1.012983452169638971e-15,1.016399932196629656e-15
8.034830567157941195e-02,-7.464497584796927487e-01,1.000000000000000056e-01,8.034830567157993930e-02,-7.464497584796935259e-01,9.999999999999975575e-02,5.273559366969493567e-16,-7.771561172376095783e-16,-2.498001805406602216e-16,9.391889663583969544e-16,9.718415738830586908e-16
7.951553435845959417e-02,-7.469405651165630378e-01,1.000000000000000056e-01,7.951553435846034357e-02,-7.469405651165650362e-01,9.999999999999997780e-02,7.494005416219806648e-16,-1.998401444325281773e-15,-2.775557561562891351e-17,2.134293678120396449e-15,2.134474145180129480e-15
7.880960900694081173e-02,-7.474754892039383591e-01,1.000000000000000056e-01,7.880960900694139459e-02,-7.474754892039394694e-01,9.999999999999992228e-02,5.828670879282071837e-16,-1.110223024625156540e-15,-8.326672684688674053e-17,1.253925518760081508e-15,1.256687134651076801e-15
7.828568003511052198e-02,-7.480986481923241893e-01,1.000000000000000056e-01,7.828568003511103546e-02,-7.480986481923250775e-01,9.999999999999992228e-02,5.134781488891348999e-16,-8.881784197001252323e-16,-8.326672684688674053e-17,1.025924322066508237e-15,1.029297849219271634e-15
7.789962710849862582e-02,-7.488210714443467308e-01,1.000000000000000056e-01,7.789962710849795968e-02,-7.488210714443449545e-01,9.999999999999970024e-02,-6.661338147750939243e-16,1.776356839400250465e-15,-3.053113317719180486e-16,1.897149936107018847e-15,1.921560014514042756e-15
7.756872459997424252e-02,-7.495765827842479911e-01,1.000000000000000056e-01,7.756872459997497804e-02,-7.495765827842498785e-01,9.999999999999975575e-02,7.355227538141662080e-16,-1.887379141862766119e-15,-2.498001805406602216e-16,2.025634159101047030e-15,2.040978656604510472e-15
7.721024688240613054e-02,-7.502990060362705327e-01,1.000000000000000056e-01,7.721024688240687994e-02,-7.502990060362721980e-01,9.999999999999970024e-02,7.494005416219806648e-16,-1.665334536937734811e-15,-3.053113317719180486e-16,1.826181888997078217e-15,1.851527828850887154e-15
7.674146832866318713e-02,-7.509221650246563629e-01,1.000000000000000056e-01,7.674146832866370060e-02,-7.509221650246572510e-01,9.999999999999953371e-02,5.134781488891348999e-16,-8.881784197001252323e-16,-4.718447854656915297e-16,1.025924322066508237e-15,1.129229036191856402e-15
7.615135885512797076e-02,-7.513909129362740247e-01,1.000000000000000056e-01,7.615135885512820668e-02,-7.513909129362742467e-01,9.999999999999997780e-02,2.359223927328457648e-16,-2.220446049250313081e-16,-2.775557561562891351e-17,3.239802184842530750e-16,3.251669631848525245e-16
7.549506887988782777e-02,-7.517493672216286615e-01,1.000000000000000056e-01,7.549506887988763348e-02,-7.517493672216282175e-01,9.999999999999981126e-02,-1.942890293094023946e-16,4.440892098500626162e-16,-1.942890293094023946e-16,4.847302891456678175e-16,5.222180388738334045e-16
7.478914352836910084e-02,-7.520802481004176254e-01,1.000000000000000056e-01,7.478914352836867063e-02,-7.520802481004166262e-01,9.999999999999970024e-02,-4.302114220422481594e-16,9.992007221626408864e-16,-3.053113317719180486e-16,1.087880485543313897e-15,1.129911040805557604e-15
7.405012792599791061e-02,-7.524662757923379353e-01,1.000000000000000056e-01,7.405012792599796612e-02,-7.524662757923379353e-01,9.999999999999992228e-02,5.551115123125782702e-17,0.000000000000000000e+00,-8.326672684688674053e-17,5.551115123125782702e-17,1.000741510621680243e-16
7.329456719820046096e-02,-7.529901705170871651e-01,1.000000000000000056e-01,7.329456719820014177e-02,-7.529901705170857218e-01,9.999999999999981126e-02,-3.191891195797325054e-16,1.443289932012703503e-15,-1.942890293094023946e-16,1.478163563989898608e-15,1.490877509662450101e-15
7.251143126135931039e-02,-7.536850203625438116e-01,1.000000000000000056e-01,7.251143126135976835e-02,-7.536850203625444777e-01,9.999999999999964473e-02,4.579669976578770729e-16,-6.661338147750939243e-16,-3.608224830031758756e-16,8.083736946057739455e-16,8.852462337514722368e-16
7.168969003185698963e-02,-7.544956785155767509e-01,1.000000000000000056e-01,7.168969003185658717e-02,-7.544956785155753076e-01,9.999999999999992228e-02,-4.024558464266192459e-16,1.443289932012703503e-15,-8.326672684688674053e-17,1.498351272623412899e-15,1.500663148068877811e-15
7.084588863511973034e-02,-7.553725128443673498e-01,1.000000000000000056e-01,7.084588863511921686e-02,-7.553725128443662395e-01,9.999999999999981126e-02,-5.134781488891348999e-16,1.110223024625156540e-15,-1.942890293094023946e-16,1.223215015356843691e-15,1.238548828550749309e-15
6.999657219657373641e-02,-7.562658912170975301e-01,1.000000000000000056e-01,6.999657219657323681e-02,-7.562658912170958647e-01,9.999999999999997780e-02,-4.996003610813204432e-16,1.665334536937734811e-15,-2.775557561562891351e-17,1.738660300550456964e-15,1.738881828270098473e-15
6.915828584164518400e-02,-7.571261815019486585e-01,1.000000000000000056e-01,6.915828584164510073e-02,-7.571261815019478814e-01,9.999999999999986677e-02,-8.326672684688674053e-17,7.771561172376095783e-16,-1.387778780781445676e-16,7.816041058999314067e-16,7.938288718631387164e-16
6.831999948671671485e-02,-7.579533836989209572e-01,1.000000000000000056e-01,6.831999948671689527e-02,-7.579533836989221784e-01,9.999999999999975575e-02,1.804112415015879378e-16,-1.221245327087672194e-15,-2.498001805406602216e-16,1.234499236530189177e-15,1.259519152371954226e-15
6.747068304817066542e-02,-7.587805858958932559e-01,1.000000000000000056e-01,6.747068304817081807e-02,-7.587805858958938110e-01,9.999999999999986677e-02,1.526556658859590243e-16,-5.551115123125782702e-16,-1.387778780781445676e-16,5.757191532588118818e-16,5.922092897556704925e-16
6.662688165143335062e-02,-7.596077880928656656e-01,1.000000000000000056e-01,6.662688165143403063e-02,-7.596077880928673309e-01,9.999999999999992228e-02,6.800116025829083810e-16,-1.665334536937734811e-15,-8.326672684688674053e-17,1.798820418931527183e-15,1.800746580550630580e-15
6.580514042193102986e-02,-7.604349902898379643e-01,1.000000000000000056e-01,6.580514042193073843e-02,-7.604349902898370761e-01,9.999999999999986677e-02,-2.914335439641035919e-16,8.881784197001252323e-16,-1.387778780781445676e-16,9.347697126931792703e-16,9.450151931119209805e-16
6.502200448508993480e-02,-7.612621924868101519e-01,1.000000000000000056e-01,6.502200448508965724e-02,-7.612621924868091527e-01,9.999999999999964473e-02,-2.775557561562891351e-16,9.992007221626408864e-16,-3.608224830031758756e-16,1.037033886112615240e-15,1.098012816494602450e-15
6.429953400814494846e-02,-7.621224827716613914e-01,1.000000000000000056e-01,6.429953400814454600e-02,-7.621224827716600592e-01,1.000000000000001998e-01,-4.024558464266192459e-16,1.332267629550187849e-15,1.942890293094023946e-16,1.391728330196034835e-15,1.405224527248308759e-15
6.362669890747860157e-02,-7.630158611443915717e-01,1.000000000000000056e-01,6.362669890747901791e-02,-7.630158611443926819e-01,9.999999999999975575e-02,4.163336342344337027e-16,-1.110223024625156540e-15,-2.498001805406602216e-16,1.185718710066886829e-15,1.211746256276795141e-15
6.297040893223851410e-02,-7.638926954731821706e-01,1.000000000000000056e-01,6.297040893223912472e-02,-7.638926954731831698e-01,9.999999999999953371e-02,6.106226635438360972e-16,-9.992007221626408864e-16,-4.718447854656915297e-16,1.171009018071044626e-15,1.262497375036826180e-15
6.229757383157219497e-02,-7.647033536262151099e-01,1.000000000000000056e-01,6.229757383157186884e-02,-7.647033536262143327e-01,9.999999999999970024e-02,-3.261280134836397337e-16,7.771561172376095783e-16,-3.053113317719180486e-16,8.428114330848996569e-16,8.964073410269264962e-16
6.157510335462718087e-02,-7.653982034716717564e-01,1.000000000000000056e-01,6.157510335462754170e-02,-7.653982034716727556e-01,9.999999999999992228e-02,3.608224830031758756e-16,-9.992007221626408864e-16,-8.326672684688674053e-17,1.062353494563330541e-15,1.065611700015870761e-15
6.078645237597729567e-02,-7.659772450095523322e-01,1.000000000000000056e-01,6.078645237597787160e-02,-7.659772450095536644e-01,9.999999999999986677e-02,5.759281940242999553e-16,-1.332267629550187849e-15,-1.387778780781445676e-16,1.451423549974082544e-15,1.458043079220652127e-15
5.995368106285756116e-02,-7.664735663277357780e-01,1.000000000000000056e-01,5.995368106285769300e-02,-7.664735663277358890e-01,9.999999999999992228e-02,1.318389841742373392e-16,-1.110223024625156540e-16,-8.326672684688674053e-17,1.723585489384646578e-16,1.914179124114751322e-16
5.910160710340714441e-02,-7.668871674262218718e-01,1.000000000000000056e-01,5.910160710340633949e-02,-7.668871674262198734e-01,1.000000000000001443e-01,-8.049116928532384918e-16,1.998401444325281773e-15,1.387778780781445676e-16,2.154412023261390665e-15,2.158877130690190786e-15
5.825504818576551780e-02,-7.672180483050108357e-01,1.000000000000000056e-01,5.825504818576521249e-02,-7.672180483050100586e-01,9.999999999999997780e-02,-3.053113317719180486e-16,7.771561172376095783e-16,-2.775557561562891351e-17,8.349770295452320949e-16,8.354382154569745489e-16
5.743882199807193167e-02,-7.674662089641025586e-01,1.000000000000000056e-01,5.743882199807227862e-02,-7.674662089641033358e-01,9.999999999999981126e-02,3.469446951953614189e-16,-7.771561172376095783e-16,-1.942890293094023946e-16,8.510829877773609022e-16,8.729779372893849006e-16
5.662535333128271287e-02,-7.676647374913758703e-01,1.000000000000000056e-01,5.662535333128285164e-02,-7.676647374913763144e-01,9.999999999999992228e-02,1.387778780781445676e-16,-4.440892098500626162e-16,-8.326672684688674053e-17,4.652682298944613448e-16,4.726604209672303393e-16
5.579809705997162972e-02,-7.678136338868308819e-01,1.000000000000000056e-01,5.579809705997214320e-02,-7.678136338868314370e-01,9.999999999999986677e-02,5.134781488891348999e-16,-5.551115123125782702e-16,-1.387778780781445676e-16,7.561802698355534085e-16,7.688094041649351878e-16
5.499841599770430300e-02,-7.678632660186492931e-01,1.000000000000000056e-01,5.499841599770485118e-02,-7.678632660186509584e-01,9.999999999999981126e-02,5.481726184086710418e-16,-1.665334536937734811e-15,-1.942890293094023946e-16,1.753234821548624689e-15,1.763967280422351832e-15
5.426767295804621472e-02,-7.677640017550125817e-01,1.000000000000000056e-01,5.426767295804640900e-02,-7.677640017550133589e-01,9.999999999999975575e-02,1.942890293094023946e-16,-7.771561172376095783e-16,-2.498001805406602216e-16,8.010741897413915294e-16,8.391185778350837322e-16
5.364723075456293011e-02,-7.674662089641025586e-01,1.000000000000000056e-01,5.364723075456367951e-02,-7.674662089641041129e-01,1.000000000000000888e-01,7.494005416219806648e-16,-1.554312234475219157e-15,8.326672684688674053e-17,1.725539826843375515e-15,1.727547695961665875e-15
5.320878493076805493e-02,-7.669037114701613422e-01,1.000000000000000056e-01,5.320878493076834637e-02,-7.669037114701622304e-01,9.999999999999992228e-02,2.914335439641035919e-16,-8.881784197001252323e-16,-8.326672684688674053e-17,9.347697126931792703e-16,9.384709710844992161e-16
5.292476027761788826e-02,-7.661095973610679843e-01,1.000000000000000056e-01,5.292476027761752744e-02,-7.661095973610666521e-01,9.999999999999986677e-02,-3.608224830031758756e-16,1.332267629550187849e-15,-1.387778780781445676e-16,1.380264431544859305e-15,1.387223558202399421e-15
5.268761347984210475e-02,-7.651831309004589743e-01,1.000000000000000056e-01,5.268761347984215332e-02,-7.651831309004587522e-01,9.999999999999964473e-02,4.857225732735059864e-17,2.220446049250313081e-16,-3.608224830031758756e-16,2.272951182013982273e-16,4.264456999416980441e-16
5.238980122217018476e-02,-7.642235763519711345e-01,1.000000000000000056e-01,5.238980122217047619e-02,-7.642235763519718006e-01,9.999999999999992228e-02,2.914335439641035919e-16,-6.661338147750939243e-16,-8.326672684688674053e-17,7.270954337185018248e-16,7.318477420434460236e-16
5.192378018933155315e-02,-7.633301979792409542e-01,1.000000000000000056e-01,5.192378018933072742e-02,-7.633301979792390668e-01,9.999999999999981126e-02,-8.257283745649601769e-16,1.887379141862766119e-15,-1.942890293094023946e-16,2.060103728869088421e-15,2.069245176534262999e-15
5.125094508866526177e-02,-7.624368196065108849e-01,1.000000000000000056e-01,5.125094508866580301e-02,-7.624368196065126613e-01,9.999999999999997780e-02,5.412337245047638135e-16,-1.776356839400250465e-15,-2.775557561562891351e-17,1.856980766035379852e-15,1.857188180396133251e-15
5.044299146368480535e-02,-7.614772650580230451e-01,1.000000000000000056e-01,5.044299146368502740e-02,-7.614772650580231561e-01,9.999999999999975575e-02,2.220446049250313081e-16,-1.110223024625156540e-16,-2.498001805406602216e-16,2.482534153247273118e-16,3.521787733787173980e-16
4.955782725338192529e-02,-7.605507985974140350e-01,1.000000000000000056e-01,4.955782725338209876e-02,-7.605507985974152563e-01,9.999999999999997780e-02,1.734723475976807094e-16,-1.221245327087672194e-15,-2.775557561562891351e-17,1.233504278190605169e-15,1.233816508356198306e-15
4.865336039674858504e-02,-7.597566844883205661e-01,1.000000000000000056e-01,4.865336039674809238e-02,-7.597566844883189008e-01,9.999999999999992228e-02,-4.926614671774132148e-16,1.665334536937734811e-15,-8.326672684688674053e-17,1.736679141683639016e-15,1.738674146859846428e-15
4.778749883277630395e-02,-7.591941869943794607e-01,1.000000000000000056e-01,4.778749883277610272e-02,-7.591941869943790167e-01,9.999999999999981126e-02,-2.012279232133096230e-16,4.440892098500626162e-16,-1.942890293094023946e-16,4.875529749534860602e-16,5.248391470688752094e-16
4.694921247784780705e-02,-7.589294822913482674e-01,1.000000000000000056e-01,4.694921247784806378e-02,-7.589294822913487115e-01,9.999999999999964473e-02,2.567390744445674500e-16,-4.440892098500626162e-16,-3.608224830031758756e-16,5.129621610332541183e-16,6.271547200591599165e-16
4.609989603930175761e-02,-7.588963942034694377e-01,1.000000000000000056e-01,4.609989603930168128e-02,-7.588963942034691046e-01,9.999999999999992228e-02,-7.632783294297951215e-17,3.330669073875469621e-16,-8.326672684688674053e-17,3.417008968066606811e-16,3.516999440976217005e-16
4.525609464256447056e-02,-7.589956584671060380e-01,1.000000000000000056e-01,4.525609464256476200e-02,-7.589956584671060380e-01,9.999999999999964473e-02,2.914335439641035919e-16,0.000000000000000000e+00,-3.608224830031758756e-16,2.914335439641035919e-16,4.638171781942258245e-16
4.443435341306212205e-02,-7.591280108186216902e-01,1.000000000000000056e-01,4.443435341306166408e-02,-7.591280108186198028e-01,9.999999999999964473e-02,-4.579669976578770729e-16,1.887379141862766119e-15,-3.608224830031758756e-16,1.942146697879025199e-15,1.975380130588282114e-15
4.365121747622102699e-02,-7.591941869943794607e-01,1.000000000000000056e-01,4.365121747622049964e-02,-7.591941869943784615e-01,9.999999999999964473e-02,-5.273559366969493567e-16,9.992007221626408864e-16,-3.608224830031758756e-16,1.129825812742769601e-15,1.186043520019580512e-15
4.289565674842360510e-02,-7.591280108186216902e-01,1.000000000000000056e-01,4.289565674842366755e-02,-7.591280108186220232e-01,9.999999999999975575e-02,6.245004513516505540e-17,-3.330669073875469621e-16,-2.498001805406602216e-16,3.388710269912270529e-16,4.209913337970692298e-16
4.215664114605238710e-02,-7.589956584671060380e-01,1.000000000000000056e-01,4.215664114605209567e-02,-7.589956584671049278e-01,9.999999999999986677e-02,-2.914335439641035919e-16,1.110223024625156540e-15,-1.387778780781445676e-16,1.147836519263657279e-15,1.156195474130209617e-15
4.145071579453363242e-02,-7.588963942034694377e-01,1.000000000000000056e-01,4.145071579453444427e-02,-7.588963942034714361e-01,9.999999999999986677e-02,8.118505867571457202e-16,-1.998401444325281773e-15,-1.387778780781445676e-16,2.157014072253422567e-15,2.161473804454536311e-15
4.079442581929354494e-02,-7.589294822913482674e-01,1.000000000000000056e-01,4.079442581929382250e-02,-7.589294822913497107e-01,9.999999999999964473e-02,2.775557561562891351e-16,-1.443289932012703503e-15,-3.608224830031758756e-16,1.469735699241439716e-15,1.513378964392362868e-15
4.020431634575832858e-02,-7.591941869943794607e-01,1.000000000000000056e-01,4.020431634575856450e-02,-7.591941869943801269e-01,9.999999999999964473e-02,2.359223927328457648e-16,-6.661338147750939243e-16,-3.608224830031758756e-16,7.066778860128639382e-16,7.934648693043614406e-16
3.973553779201538516e-02,-7.597566844883206771e-01,1.000000000000000056e-01,3.973553779201532271e-02,-7.597566844883204551e-01,9.999999999999986677e-02,-6.245004513516505540e-17,2.220446049250313081e-16,-1.387778780781445676e-16,2.306595211858755899e-16,2.691897363525767077e-16
3.937706007444724543e-02,-7.605507985974140350e-01,1.000000000000000056e-01,3.937706007444712747e-02,-7.605507985974138130e-01,9.999999999999992228e-02,-1.179611963664228824e-16,2.220446049250313081e-16,-8.326672684688674053e-17,2.514331927660129123e-16,2.648622249855669243e-16
3.904615756592283438e-02,-7.614772650580230451e-01,1.000000000000000056e-01,3.904615756592309805e-02,-7.614772650580234892e-01,1.000000000000001443e-01,2.636779683484746784e-16,-4.440892098500626162e-16,1.387778780781445676e-16,5.164700352369265655e-16,5.347902362062199114e-16
3.866010463931102148e-02,-7.624368196065108849e-01,1.000000000000000056e-01,3.866010463931155577e-02,-7.624368196065121062e-01,1.000000000000000333e-01,5.342948306008565851e-16,-1.221245327087672194e-15,2.775557561562891351e-17,1.333008295150586695e-15,1.333297223771964745e-15
3.813617566748067622e-02,-7.633301979792409542e-01,1.000000000000000056e-01,3.813617566748091908e-02,-7.633301979792410652e-01,9.999999999999981126e-02,2.428612866367529932e-16,-1.110223024625156540e-16,-1.942890293094023946e-16,2.670347471602476715e-16,3.302359506488160138e-16
3.743576535777065617e-02,-7.642235763519711345e-01,1.000000000000000056e-01,3.743576535777014963e-02,-7.642235763519694691e-01,9.999999999999986677e-02,-5.065392549852276716e-16,1.665334536937734811e-15,-1.387778780781445676e-16,1.740666865531313907e-15,1.746190263459993465e-15
3.661402412826836317e-02,-7.651831309004589743e-01,1.000000000000000056e-01,3.661402412826821051e-02,-7.651831309004589743e-01,9.999999999999975575e-02,-1.526556658859590243e-16,0.000000000000000000e+00,-2.498001805406602216e-16,1.526556658859590243e-16,2.927522545177611565e-16
3.572885991796548311e-02,-7.661095973610679843e-01,1.000000000000000056e-01,3.572885991796593413e-02,-7.661095973610694276e-01,9.999999999999992228e-02,4.510281037539698445e-16,-1.443289932012703503e-15,-8.326672684688674053e-17,1.512121747156999223e-15,1.514412600985916994e-15
3.483818066585392392e-02,-7.669037114701613422e-01,1.000000000000000056e-01,3.483818066585357004e-02,-7.669037114701601210e-01,9.999999999999964473e-02,-3.538835890992686473e-16,1.221245327087672194e-15,-3.608224830031758756e-16,1.271484857781348245e-15,1.321690813998430085e-15
3.399989431092542702e-02,-7.674662089641025586e-01,1.000000000000000056e-01,3.399989431092519804e-02,-7.674662089641013374e-01,9.999999999999947820e-02,-2.289834988289385365e-16,1.221245327087672194e-15,-5.273559366969493567e-16,1.242527098967832527e-15,1.349806606754810195e-15
3.321951589498861601e-02,-7.677309136671336409e-01,1.000000000000000056e-01,3.321951589498811641e-02,-7.677309136671324197e-01,9.999999999999992228e-02,-4.996003610813204432e-16,1.221245327087672194e-15,-8.326672684688674053e-17,1.319485001705612909e-15,1.322109684377909377e-15
3.245844012538245948e-02,-7.677640017550125817e-01,1.000000000000000056e-01,3.245844012538300766e-02,-7.677640017550141360e-01,9.999999999999981126e-02,5.481726184086710418e-16,-1.554312234475219157e-15,-1.942890293094023946e-16,1.648144332821724500e-15,1.659556557855849948e-15
3.170839443939382774e-02,-7.676647374913758703e-01,1.000000000000000056e-01,3.170839443939377222e-02,-7.676647374913754263e-01,9.999999999999975575e-02,-5.551115123125782702e-17,4.440892098500626162e-16,-2.498001805406602216e-16,4.475452091311809617e-16,5.125396027766234586e-16
3.096110627430948004e-02,-7.675323851398603292e-01,1.000000000000000056e-01,3.096110627430916779e-02,-7.675323851398591080e-01,9.999999999999992228e-02,-3.122502256758252770e-16,1.221245327087672194e-15,-8.326672684688674053e-17,1.260531773644789690e-15,1.263278947884382812e-15
3.020830306741639770e-02,-7.674662089641025586e-01,1.000000000000000056e-01,3.020830306741636301e-02,-7.674662089641023366e-01,9.999999999999986677e-02,-3.469446951953614189e-17,2.220446049250313081e-16,-1.387778780781445676e-16,2.247387656626138295e-16,2.641340800340380362e-16
2.942240960967085206e-02,-7.675323851398603292e-01,1.000000000000000056e-01,2.942240960967106023e-02,-7.675323851398608843e-01,9.999999999999953371e-02,2.081668171172168513e-16,-5.551115123125782702e-16,-4.718447854656915297e-16,5.928593550334434143e-16,7.577068802788021890e-16
2.860894094288168876e-02,-7.676647374913758703e-01,1.000000000000000056e-01,2.860894094288196285e-02,-7.676647374913762034e-01,9.999999999999986677e-02,2.740863092043355209e-16,-3.330669073875469621e-16,-1.387778780781445676e-16,4.313430997361142514e-16,4.531182727873946202e-16
2.780925988061433429e-02,-7.677640017550125817e-01,1.000000000000000056e-01,2.780925988061390408e-02,-7.677640017550111384e-01,1.000000000000000333e-01,-4.302114220422481594e-16,1.443289932012703503e-15,2.775557561562891351e-17,1.506043722972493203e-15,1.506299461422795189e-15
2.706472923643438167e-02,-7.677309136671336409e-01,1.000000000000000056e-01,2.706472923643447534e-02,-7.677309136671335299e-01,9.999999999999992228e-02,9.367506770274758310e-17,1.110223024625156540e-16,-8.326672684688674053e-17,1.452617291415486718e-16,1.674345178061761125e-16
2.641671182390742390e-02,-7.674662089641025586e-01,1.000000000000000056e-01,2.641671182390731634e-02,-7.674662089641021145e-01,9.999999999999975575e-02,-1.075528555105620399e-16,4.440892098500626162e-16,-2.498001805406602216e-16,4.569276124658355658e-16,5.207523146678036802e-16
2.585969260122461533e-02,-7.669037114701613422e-01,1.000000000000000056e-01,2.585969260122454594e-02,-7.669037114701607871e-01,9.999999999999992228e-02,-6.938893903907228378e-17,5.551115123125782702e-16,-8.326672684688674053e-17,5.594315114139762021e-16,5.655943455894161538e-16
2.536609635934239382e-02,-7.661095973610679843e-01,1.000000000000000056e-01,2.536609635934298709e-02,-7.661095973610697607e-01,9.999999999999992228e-02,5.932754287840680263e-16,-1.776356839400250465e-15,-8.326672684688674053e-17,1.872810549757493957e-15,1.874660690120417892e-15
2.494419566097372254e-02,-7.651831309004589743e-01,1.000000000000000056e-01,2.494419566097342764e-02,-7.651831309004578641e-01,9.999999999999997780e-02,-2.949029909160572061e-16,1.110223024625156540e-15,-2.775557561562891351e-17,1.148722306938916800e-15,1.149057574900762700e-15
2.460226306883184222e-02,-7.642235763519711345e-01,1.000000000000000056e-01,2.460226306883155079e-02,-7.642235763519702463e-01,9.999999999999953371e-02,-2.914335439641035919e-16,8.881784197001252323e-16,-4.718447854656915297e-16,9.347697126931792703e-16,1.047106449860592518e-15
2.434857114562977154e-02,-7.633301979792409542e-01,1.000000000000000056e-01,2.434857114562992420e-02,-7.633301979792417313e-01,9.999999999999992228e-02,1.526556658859590243e-16,-7.771561172376095783e-16,-8.326672684688674053e-17,7.920071861333851961e-16,7.963722312378281265e-16
2.421621014221997381e-02,-7.625029957822686555e-01,1.000000000000000056e-01,2.421621014221994952e-02,-7.625029957822684334e-01,9.999999999999964473e-02,-2.428612866367529932e-17,2.220446049250313081e-16,-3.608224830031758756e-16,2.233688040478836274e-16,4.243659822162457114e-16
2.419966501679376991e-02,-7.616757935852963568e-01,1.000000000000000056e-01,2.419966501679424523e-02,-7.616757935852981332e-01,1.000000000000000888e-01,4.753142324176451439e-16,-1.776356839400250465e-15,8.326672684688674053e-17,1.838849433864236324e-15,1.840733709210165993e-15
2.424930039307243712e-02,-7.608485913883240581e-01,1.000000000000000056e-01,2.424930039307300611e-02,-7.608485913883258345e-01,9.999999999999970024e-02,5.689893001203927270e-16,-1.776356839400250465e-15,-3.053113317719180486e-16,1.865259350475300903e-15,1.890081335245624755e-15
2.431548089477736374e-02,-7.600213891913517594e-01,1.000000000000000056e-01,2.431548089477718333e-02,-7.600213891913509823e-01,9.999999999999958922e-02,-1.804112415015879378e-16,7.771561172376095783e-16,-4.163336342344337027e-16,7.978219391693746891e-16,8.999186305521364559e-16
2.434857114562977154e-02,-7.591941869943794607e-01,1.000000000000000056e-01,2.434857114562927541e-02,-7.591941869943776844e-01,9.999999999999981126e-02,-4.961309141293668290e-16,1.776356839400250465e-15,-1.942890293094023946e-16,1.844339856110822192e-15,1.854545154950096872e-15
2.431548089477730823e-02,-7.583669847974071621e-01,1.000000000000000056e-01,2.431548089477713476e-02,-7.583669847974060518e-01,1.000000000000000333e-01,-1.734723475976807094e-16,1.110223024625156540e-15,2.775557561562891351e-17,1.123693828313069295e-15,1.124036561579131354e-15
2.424930039307243712e-02,-7.575397826004348634e-01,1.000000000000000056e-01,2.424930039307195140e-02,-7.575397826004335311e-01,9.999999999999975575e-02,-4.857225732735059864e-16,1.332267629550187849e-15,-2.498001805406602216e-16,1.418049172255572029e-15,1.439883184544100182e-15
2.419966501679376991e-02,-7.567125804034624537e-01,1.000000000000000056e-01,2.419966501679340562e-02,-7.567125804034607883e-01,9.999999999999992228e-02,-3.642919299551294898e-16,1.665334536937734811e-15,-8.326672684688674053e-17,1.704713386510486828e-15,1.706745756680779536e-15
2.421621014221997381e-02,-7.558853782064902660e-01,1.000000000000000056e-01,2.421621014221981769e-02,-7.558853782064898219e-01,9.999999999999986677e-02,-1.561251128379126385e-16,4.440892098500626162e-16,-1.387778780781445676e-16,4.707337646312444767e-16,4.907642780477978613e-16
2.434857114562977154e-02,-7.550581760095178563e-01,1.000000000000000056e-01,2.434857114562927541e-02,-7.550581760095167461e-01,9.999999999999964473e-02,-4.961309141293668290e-16,1.110223024625156540e-15,-3.608224830031758756e-16,1.216034970041023186e-15,1.268437587192704361e-15
2.466292852872797869e-02,-7.542199444499193550e-01,1.000000000000000056e-01,2.466292852872803074e-02,-7.542199444499184668e-01,9.999999999999992228e-02,5.204170427930421283e-17,8.881784197001252323e-16,-8.326672684688674053e-17,8.897017726212005082e-16,8.935897224146551522e-16
2.512619204066218748e-02,-7.533706835276944291e-01,1.000000000000000056e-01,2.512619204066263850e-02,-7.533706835276960945e-01,9.999999999999981126e-02,4.510281037539698445e-16,-1.665334536937734811e-15,-1.942890293094023946e-16,1.725330539431074181e-15,1.736235495894353311e-15
2.563909092887500796e-02,-7.525269372867826601e-01,1.000000000000000056e-01,2.563909092887484836e-02,-7.525269372867823270e-01,9.999999999999936717e-02,-1.595945597898662527e-16,3.330669073875469621e-16,-6.383782391594650107e-16,3.693291056919640765e-16,7.375166198422684636e-16
2.610235444080921674e-02,-7.517052497711235182e-01,1.000000000000000056e-01,2.610235444080941450e-02,-7.517052497711241843e-01,1.000000000000000333e-01,1.977584762613560088e-16,-6.661338147750939243e-16,2.775557561562891351e-17,6.948688179217948586e-16,6.954229260657052636e-16
2.641671182390742390e-02,-7.509221650246563629e-01,1.000000000000000056e-01,2.641671182390794431e-02,-7.509221650246579172e-01,9.999999999999992228e-02,5.204170427930421283e-16,-1.554312234475219157e-15,-8.326672684688674053e-17,1.639121844363256486e-15,1.641235439682130918e-15
2.651598257646475831e-02,-7.501997417726339323e-01,1.000000000000000056e-01,2.651598257646507056e-02,-7.501997417726351536e-01,9.999999999999992228e-02,3.122502256758252770e-16,-1.221245327087672194e-15,-8.326672684688674053e-17,1.260531773644789690e-15,1.263278947884382812e-15
2.646634720018603559e-02,-7.495269506524298020e-01,1.000000000000000056e-01,2.646634720018604600e-02,-7.495269506524295799e-01,9.999999999999964473e-02,1.040834085586084257e-17,2.220446049250313081e-16,-3.608224830031758756e-16,2.222884165575998408e-16,4.237983062451549770e-16
2.636707644762870117e-02,-7.488707035761650310e-01,1.000000000000000056e-01,2.636707644762818770e-02,-7.488707035761636988e-01,9.999999999999970024e-02,-5.134781488891348999e-16,1.332267629550187849e-15,-3.053113317719180486e-16,1.427794399111401903e-15,1.460072551431000400e-15
2.631744107135008948e-02,-7.481979124559609007e-01,1.000000000000000056e-01,2.631744107134963151e-02,-7.481979124559590133e-01,1.000000000000000333e-01,-4.579669976578770729e-16,1.887379141862766119e-15,2.775557561562891351e-17,1.942146697879025199e-15,1.942345017771084760e-15
2.641671182390742390e-02,-7.474754892039383591e-01,1.000000000000000056e-01,2.641671182390732328e-02,-7.474754892039378040e-01,9.999999999999986677e-02,-1.006139616066548115e-16,5.551115123125782702e-16,-1.387778780781445676e-16,5.641559716710824302e-16,5.809744054741271445e-16
2.667591878891817370e-02,-7.466262282817135443e-01,1.000000000000000056e-01,2.667591878891855880e-02,-7.466262282817139884e-01,1.000000000000000333e-01,3.851086116668511750e-16,-4.440892098500626162e-16,2.775557561562891351e-17,5.878127840437144826e-16,5.884677060493442496e-16
2.702888146467763431e-02,-7.456721884145387502e-01,1.000000000000000056e-01,2.702888146467780778e-02,-7.456721884145391943e-01,9.999999999999975575e-02,1.734723475976807094e-16,-4.440892098500626162e-16,-2.498001805406602216e-16,4.767681634571497757e-16,5.382453082790874871e-16
2.745905472575932427e-02,-7.447291779099902698e-01,1.000000000000000056e-01,2.745905472575952203e-02,-7.447291779099909359e-01,9.999999999999986677e-02,1.977584762613560088e-16,-6.661338147750939243e-16,-1.387778780781445676e-16,6.948688179217948586e-16,7.085915421199329898e-16
2.794989344673720622e-02,-7.439130050756443957e-01,1.000000000000000056e-01,2.794989344673759479e-02,-7.439130050756457280e-01,9.999999999999981126e-02,3.885780586188047891e-16,-1.332267629550187849e-15,-1.942890293094023946e-16,1.387778780781445676e-15,1.401313016887099978e-15
2.848485250218502074e-02,-7.433394782190768657e-01,1.000000000000000056e-01,2.848485250218555503e-02,-7.433394782190783090e-01,1.000000000000000333e-01,5.342948306008565851e-16,-1.443289932012703503e-15,2.775557561562891351e-17,1.539011628889149184e-15,1.539261889943939150e-15
2.907496197572023711e-02,-7.431409496918035540e-01,1.000000000000000056e-01,2.907496197572002894e-02,-7.431409496918026658e-01,9.999999999999986677e-02,-2.081668171172168513e-16,8.881784197001252323e-16,-1.387778780781445676e-16,9.122468574731976190e-16,9.227424496649088818e-16
2.973125195096038009e-02,-7.432402139554401543e-01,1.000000000000000056e-01,2.973125195096090051e-02,-7.432402139554410425e-01,9.999999999999970024e-02,5.204170427930421283e-16,-8.881784197001252323e-16,-3.053113317719180486e-16,1.029414786978731386e-15,1.073736379638321308e-15
3.043717730247913478e-02,-7.434387424827135771e-01,1.000000000000000056e-01,3.043717730247953029e-02,-7.434387424827147983e-01,1.000000000000000888e-01,3.955169525227120175e-16,-1.221245327087672194e-15,8.326672684688674053e-17,1.283695372222837250e-15,1.286393080075496574e-15
3.117619290485035277e-02,-7.435380067463501774e-01,1.000000000000000056e-01,3.117619290484966235e-02,-7.435380067463480680e-01,9.999999999999964473e-02,-6.904199434387692236e-16,2.109423746787797427e-15,-3.608224830031758756e-16,2.219537844194205964e-15,2.248675411448001647e-15
3.193175363264777467e-02,-7.433394782190768657e-01,1.000000000000000056e-01,3.193175363264836447e-02,-7.433394782190785310e-01,9.999999999999975575e-02,5.898059818321144121e-16,-1.665334536937734811e-15,-2.498001805406602216e-16,1.766694715032159747e-15,1.784267453696533340e-15
3.278107007119379634e-02,-7.427769807251356493e-01,1.000000000000000056e-01,3.278107007119436533e-02,-7.427769807251373146e-01,9.999999999999970024e-02,5.689893001203927270e-16,-1.665334536937734811e-15,-3.053113317719180486e-16,1.759854523410703395e-15,1.786141918459296591e-15
3.373517230410588708e-02,-7.419828666160424024e-01,1.000000000000000056e-01,3.373517230410596340e-02,-7.419828666160430686e-01,9.999999999999958922e-02,7.632783294297951215e-17,-6.661338147750939243e-16,-4.163336342344337027e-16,6.704925035140888958e-16,7.892362715077417256e-16
3.467824445340050854e-02,-7.410564001554332814e-01,1.000000000000000056e-01,3.467824445340066813e-02,-7.410564001554335034e-01,9.999999999999992228e-02,1.595945597898662527e-16,-2.220446049250313081e-16,-8.326672684688674053e-17,2.734487705052528479e-16,2.858453740934571651e-16
3.549447064109401140e-02,-7.400968456069454415e-01,1.000000000000000056e-01,3.549447064109393507e-02,-7.400968456069452195e-01,9.999999999999986677e-02,-7.632783294297951215e-17,2.220446049250313081e-16,-1.387778780781445676e-16,2.347972415895992386e-16,2.727435500648126860e-16
3.606803498920302387e-02,-7.392034672342153723e-01,1.000000000000000056e-01,3.606803498920312795e-02,-7.392034672342161494e-01,9.999999999999997780e-02,1.040834085586084257e-16,-7.771561172376095783e-16,-2.775557561562891351e-17,7.840950111415168067e-16,7.845861064757457674e-16
3.639893749772749043e-02,-7.383707503559299168e-01,1.000000000000000056e-01,3.639893749772771248e-02,-7.383707503559304719e-01,9.999999999999986677e-02,2.220446049250313081e-16,-5.551115123125782702e-16,-1.387778780781445676e-16,5.978733960281816517e-16,6.137686022615879598e-16
3.656438875198964045e-02,-7.375325187963313045e-01,1.000000000000000056e-01,3.656438875198994576e-02,-7.375325187963317486e-01,9.999999999999997780e-02,3.053113317719180486e-16,-4.440892098500626162e-16,-2.775557561562891351e-17,5.389157964038493299e-16,5.396300654998293127e-16
3.656438875198969596e-02,-7.366970445773892706e-01,1.000000000000000056e-01,3.656438875198976535e-02,-7.366970445773892706e-01,9.999999999999997780e-02,6.938893903907228378e-17,0.000000000000000000e+00,-2.775557561562891351e-17,6.938893903907228378e-17,7.473417450352270646e-17
3.639893749772743492e-02,-7.358725997210735503e-01,1.000000000000000056e-01,3.639893749772757370e-02,-7.358725997210737724e-01,9.999999999999997780e-02,1.387778780781445676e-16,-2.220446049250313081e-16,-2.775557561562891351e-17,2.618455766672135076e-16,2.633125101432525795e-16
3.606803498920302387e-02,-7.350674562493537678e-01,1.000000000000000056e-01,3.606803498920314183e-02,-7.350674562493536568e-01,9.999999999999986677e-02,1.179611963664228824e-16,1.110223024625156540e-16,-1.387778780781445676e-16,1.619901092421265375e-16,2.133075126106636888e-16
3.549447064109401140e-02,-7.342540407556643611e-01,1.000000000000000056e-01,3.549447064109394201e-02,-7.342540407556643611e-01,9.999999999999981126e-02,-6.938893903907228378e-17,0.000000000000000000e+00,-1.942890293094023946e-16,6.938893903907228378e-17,2.063081476116682970e-16
3.467824445340045303e-02,-7.334268385586920624e-01,1.000000000000000056e-01,3.467824445340123712e-02,-7.334268385586943939e-01,9.999999999999986677e-02,7.840950111415168067e-16,-2.331468351712828735e-15,-1.387778780781445676e-16,2.459786507308215606e-15,2.463698228472680191e-15
3.373517230410588708e-02,-7.326272097682855478e-01,1.000000000000000056e-01,3.373517230410555401e-02,-7.326272097682845486e-01,9.999999999999964473e-02,-3.330669073875469621e-16,9.992007221626408864e-16,-3.608224830031758756e-16,1.053250040573010318e-15,1.113341148169609841e-15
3.278107007119374083e-02,-7.318965144942932710e-01,1.000000000000000056e-01,3.278107007119322736e-02,-7.318965144942918277e-01,9.999999999999986677e-02,-5.134781488891348999e-16,1.443289932012703503e-15,-1.387778780781445676e-16,1.531909147839990800e-15,1.538182348318858772e-15
3.193175363264777467e-02,-7.312761128465641303e-01,1.000000000000000056e-01,3.193175363264794814e-02,-7.312761128465639082e-01,1.000000000000000888e-01,1.734723475976807094e-16,2.220446049250313081e-16,8.326672684688674053e-17,2.817737779804284708e-16,2.938193488474811974e-16
3.117619290485035277e-02,-7.308376956821687198e-01,1.000000000000000056e-01,3.117619290484961725e-02,-7.308376956821666104e-01,9.999999999999975575e-02,-7.355227538141662080e-16,2.109423746787797427e-15,-2.498001805406602216e-16,2.233979020691699515e-15,2.247901776121187670e-15
3.043717730247913478e-02,-7.305536895945415887e-01,1.000000000000000056e-01,3.043717730247965519e-02,-7.305536895945434761e-01,9.999999999999992228e-02,5.204170427930421283e-16,-1.887379141862766119e-15,-8.326672684688674053e-17,1.957813556896592313e-15,1.959583443328678615e-15
2.973125195096038009e-02,-7.303165582980761794e-01,1.000000000000000056e-01,2.973125195096069928e-02,-7.303165582980770676e-01,9.999999999999964473e-02,3.191891195797325054e-16,-8.881784197001252323e-16,-3.608224830031758756e-16,9.437916079723831284e-16,1.010413511152574439e-15
2.907496197572023711e-02,-7.300187655071661563e-01,1.000000000000000056e-01,2.907496197572065691e-02,-7.300187655071677106e-01,9.999999999999992228e-02,4.198030811863873168e-16,-1.554312234475219157e-15,-8.326672684688674053e-17,1.610006568065153296e-15,1.612158334969840126e-15
2.848485250218502074e-02,-7.295527749362050729e-01,1.000000000000000056e-01,2.848485250218512482e-02,-7.295527749362046288e-01,9.999999999999964473e-02,1.040834085586084257e-16,4.440892098500626162e-16,-3.608224830031758756e-16,4.561234287365988095e-16,5.815852873680766316e-16
2.794989344673720622e-02,-7.288799838160009426e-01,1.000000000000000056e-01,2.794989344673695295e-02,-7.288799838160002764e-01,9.999999999999997780e-02,-2.532696274926138358e-16,6.661338147750939243e-16,-2.775557561562891351e-17,7.126568342456743461e-16,7.131971223826001010e-16
2.745905472575926876e-02,-7.280720830036246927e-01,1.000000000000000056e-01,2.745905472575944570e-02,-7.280720830036248037e-01,9.999999999999958922e-02,1.769417945496343236e-16,-1.110223024625156540e-16,-4.163336342344337027e-16,2.088883680402604641e-16,4.657982882078620564e-16
2.702888146467763431e-02,-7.271869766528642476e-01,1.000000000000000056e-01,2.702888146467832473e-02,-7.271869766528655799e-01,1.000000000000000333e-01,6.904199434387692236e-16,-1.332267629550187849e-15,2.775557561562891351e-17,1.500538814907921532e-15,1.500795491405482783e-15
2.667591878891817370e-02,-7.262825689175078647e-01,1.000000000000000056e-01,2.667591878891861779e-02,-7.262825689175091970e-01,9.999999999999981126e-02,4.440892098500626162e-16,-1.332267629550187849e-15,-1.942890293094023946e-16,1.404333387430680490e-15,1.417709592957076452e-15
2.641671182390742390e-02,-7.254167639513435795e-01,1.000000000000000056e-01,2.641671182390802064e-02,-7.254167639513453558e-01,9.999999999999992228e-02,5.967448757360216405e-16,-1.776356839400250465e-15,-8.326672684688674053e-17,1.873912502653538421e-15,1.875761556115553105e-15
2.628435082049762617e-02,-7.245895617543712808e-01,1.000000000000000056e-01,2.628435082049713004e-02,-7.245895617543693934e-01,9.999999999999975575e-02,-4.961309141293668290e-16,1.887379141862766119e-15,-2.498001805406602216e-16,1.951498375375565786e-15,1.967421164695454445e-15
2.626780569507142227e-02,-7.237623595573989821e-01,1.000000000000000056e-01,2.626780569507149166e-02,-7.237623595573993152e-01,9.999999999999992228e-02,6.938893903907228378e-17,-3.330669073875469621e-16,-8.326672684688674053e-17,3.402181501003038339e-16,3.502595287175881035e-16
2.631744107135008948e-02,-7.229351573604265724e-01,1.000000000000000056e-01,2.631744107134990907e-02,-7.229351573604257952e-01,9.999999999999981126e-02,-1.804112415015879378e-16,7.771561172376095783e-16,-1.942890293094023946e-16,7.978219391693746891e-16,8.211382791771257608e-16
2.638362157305496059e-02,-7.221079551634542737e-01,1.000000000000000056e-01,2.638362157305566141e-02,-7.221079551634563831e-01,9.999999999999986677e-02,7.008282842946300661e-16,-2.109423746787797427e-15,-1.387778780781445676e-16,2.222797522848094539e-15,2.227125530144966186e-15
2.641671182390742390e-02,-7.212807529664819750e-01,1.000000000000000056e-01,2.641671182390719838e-02,-7.212807529664811979e-01,9.999999999999964473e-02,-2.255140518769849223e-16,7.771561172376095783e-16,-3.608224830031758756e-16,8.092145686737311080e-16,8.860141547370390506e-16
2.641671182390742390e-02,-7.204535507695097873e-01,1.000000000000000056e-01,2.641671182390770839e-02,-7.204535507695104535e-01,9.999999999999958922e-02,2.844946500601963635e-16,-6.661338147750939243e-16,-4.163336342344337027e-16,7.243420912108399294e-16,8.354670311236367967e-16
2.641671182390742390e-02,-7.196263485725373776e-01,1.000000000000000056e-01,2.641671182390742043e-02,-7.196263485725373776e-01,9.999999999999986677e-02,-3.469446951953614189e-18,0.000000000000000000e+00,-1.387778780781445676e-16,3.469446951953614189e-18,1.388212393908971539e-16
2.641671182390742390e-02,-7.187991463755650789e-01,1.000000000000000056e-01,2.641671182390737532e-02,-7.187991463755641908e-01,9.999999999999970024e-02,-4.857225732735059864e-17,8.881784197001252323e-16,-3.053113317719180486e-16,8.895055758132638637e-16,9.404441390700609829e-16
2.641671182390742390e-02,-7.179719441785927803e-01,1.000000000000000056e-01,2.641671182390730940e-02,-7.179719441785925582e-01,9.999999999999975575e-02,-1.144917494144692682e-16,2.220446049250313081e-16,-2.498001805406602216e-16,2.498242727604723105e-16,3.532878393865904003e-16
2.641671182390742390e-02,-7.171447419816204816e-01,1.000000000000000056e-01,2.641671182390679246e-02,-7.171447419816185942e-01,9.999999999999981126e-02,-6.314393452555577824e-16,1.887379141862766119e-15,-1.942890293094023946e-16,1.990204932130206241e-15,1.999665946798462003e-15
2.641671182390742390e-02,-7.163120251033350261e-01,1.000000000000000056e-01,2.641671182390681327e-02,-7.163120251033330277e-01,9.999999999999981126e-02,-6.106226635438360972e-16,1.998401444325281773e-15,-1.942890293094023946e-16,2.089609621416100893e-15,2.098622547487930532e-15
2.641671182390742390e-02,-7.154737935437364138e-01,1.000000000000000056e-01,2.641671182390789574e-02,-7.154737935437385232e-01,9.999999999999975575e-02,4.718447854656915297e-16,-2.109423746787797427e-15,-2.498001805406602216e-16,2.161551767847218180e-15,2.175937998951620007e-15
2.641671182390742390e-02,-7.146383193247943799e-01,1.000000000000000056e-01,2.641671182390689307e-02,-7.146383193247929366e-01,9.999999999999981126e-02,-5.308253836489029709e-16,1.443289932012703503e-15,-1.942890293094023946e-16,1.537810591644900542e-15,1.550035368204619124e-15
2.641671182390742390e-02,-7.138138744684785486e-01,1.000000000000000056e-01,2.641671182390700409e-02,-7.138138744684772163e-01,9.999999999999992228e-02,-4.198030811863873168e-16,1.332267629550187849e-15,-8.326672684688674053e-17,1.396843464286840161e-15,1.399323054737774026e-15
2.641671182390742390e-02,-7.130087309967589881e-01,1.000000000000000056e-01,2.641671182390785064e-02,-7.130087309967605425e-01,9.999999999999986677e-02,4.267419750902945452e-16,-1.554312234475219157e-15,-1.387778780781445676e-16,1.611829778712167260e-15,1.617793106360385738e-15
2.638362157305496059e-02,-7.122284035909484112e-01,1.000000000000000056e-01,2.638362157305542549e-02,-7.122284035909496325e-01,9.999999999999964473e-02,4.649058915617843013e-16,-1.221245327087672194e-15,-3.608224830031758756e-16,1.306743141149909758e-15,1.355643943365259279e-15
2.631744107135008948e-02,-7.114673775697338831e-01,1.000000000000000056e-01,2.631744107134992294e-02,-7.114673775697335500e-01,9.999999999999997780e-02,-1.665334536937734811e-16,3.330669073875469621e-16,-2.775557561562891351e-17,3.723801229870909677e-16,3.734130795427978390e-16
2.626780569507142227e-02,-7.107173809111456686e-01,1.000000000000000056e-01,2.626780569507100940e-02,-7.107173809111447804e-01,9.999999999999997780e-02,-4.128641872824800885e-16,8.881784197001252323e-16,-2.775557561562891351e-17,9.794476720894458173e-16,9.798408617419409627e-16
2.628435082049762617e-02,-7.099701415932140325e-01,1.000000000000000056e-01,2.628435082049757759e-02,-7.099701415932133663e-01,9.999999999999964473e-02,-4.857225732735059864e-17,6.661338147750939243e-16,-3.608224830031758756e-16,6.679023307106312858e-16,7.591352893979245008e-16
2.641671182390742390e-02,-7.092173875939692396e-01,1.000000000000000056e-01,2.641671182390695552e-02,-7.092173875939676853e-01,9.999999999999975575e-02,-4.683753385137379155e-16,1.554312234475219157e-15,-2.498001805406602216e-16,1.623349001283213631e-15,1.642456121229834721e-15
2.667591878891817370e-02,-7.083984574189665651e-01,1.000000000000000056e-01,2.667591878891837839e-02,-7.083984574189672312e-01,9.999999999999964473e-02,2.046973701652632371e-16,-6.661338147750939243e-16,-3.608224830031758756e-16,6.968753637052998301e-16,7.847471801669446579e-16
2.702888146467763431e-02,-7.075188657495193878e-01,1.000000000000000056e-01,2.702888146467757532e-02,-7.075188657495186106e-01,9.999999999999970024e-02,-5.898059818321144121e-17,7.771561172376095783e-16,-3.053113317719180486e-16,7.793910068264109463e-16,8.370575552673954323e-16
2.745905472575932427e-02,-7.066696048272944619e-01,1.000000000000000056e-01,2.745905472575908834e-02,-7.066696048272935737e-01,9.999999999999981126e-02,-2.359223927328457648e-16,8.881784197001252323e-16,-1.942890293094023946e-16,9.189778455511335192e-16,9.392914923088533346e-16
2.794989344673720622e-02,-7.059416668939588746e-01,1.000000000000000056e-01,2.794989344673710213e-02,-7.059416668939584305e-01,9.999999999999970024e-02,-1.040834085586084257e-16,4.440892098500626162e-16,-3.053113317719180486e-16,4.561234287365988095e-16,5.488748414263250050e-16
2.848485250218502074e-02,-7.054260441911794910e-01,1.000000000000000056e-01,2.848485250218473278e-02,-7.054260441911782697e-01,9.999999999999992228e-02,-2.879640970121499777e-16,1.221245327087672194e-15,-8.326672684688674053e-17,1.254736414591327065e-15,1.257496249656949150e-15
2.907496197572023711e-02,-7.051833982134009249e-01,1.000000000000000056e-01,2.907496197572053548e-02,-7.051833982134010359e-01,9.999999999999981126e-02,2.983724378680108202e-16,-1.110223024625156540e-16,-1.942890293094023946e-16,3.183583881781321530e-16,3.729615130725530005e-16
2.973125195096038009e-02,-7.051530674661785625e-01,1.000000000000000056e-01,2.973125195096022397e-02,-7.051530674661780074e-01,9.999999999999986677e-02,-1.561251128379126385e-16,5.551115123125782702e-16,-1.387778780781445676e-16,5.766488029646889993e-16,5.931130932667741046e-16
3.043717730247913478e-02,-7.052440597078455387e-01,1.000000000000000056e-01,3.043717730247982173e-02,-7.052440597078473150e-01,9.999999999999997780e-02,6.869504964868156094e-16,-1.776356839400250465e-15,-2.775557561562891351e-17,1.904558900508863138e-15,1.904761133970683646e-15
3.117619290485035277e-02,-7.053653826967347662e-01,1.000000000000000056e-01,3.117619290485076911e-02,-7.053653826967358764e-01,9.999999999999975575e-02,4.163336342344337027e-16,-1.110223024625156540e-15,-2.498001805406602216e-16,1.185718710066886829e-15,1.211746256276795141e-15
3.193175363264777467e-02,-7.054260441911794910e-01,1.000000000000000056e-01,3.193175363264753874e-02,-7.054260441911788249e-01,9.999999999999981126e-02,-2.359223927328457648e-16,6.661338147750939243e-16,-1.942890293094023946e-16,7.066778860128639382e-16,7.328996257944194221e-16
3.271488956948892524e-02,-7.054260441911794910e-01,1.000000000000000056e-01,3.271488956948934157e-02,-7.054260441911803792e-01,1.000000000000000333e-01,4.163336342344337027e-16,-8.881784197001252323e-16,2.775557561562891351e-17,9.809151850266479694e-16,9.813077866773594484e-16
3.353663079899121824e-02,-7.054260441911794910e-01,1.000000000000000056e-01,3.353663079899101007e-02,-7.054260441911790469e-01,9.999999999999992228e-02,-2.081668171172168513e-16,4.440892098500626162e-16,-8.326672684688674053e-17,4.904575925133239847e-16,4.974756253865708822e-16
3.438043219572850528e-02,-7.054260441911794910e-01,1.000000000000000056e-01,3.438043219572906040e-02,-7.054260441911810453e-01,9.999999999999953371e-02,5.551115123125782702e-16,-1.554312234475219157e-15,-4.718447854656915297e-16,1.650465180893346376e-15,1.716587549445839020e-15
3.522974863427447145e-02,-7.054260441911794910e-01,1.000000000000000056e-01,3.522974863427459635e-02,-7.054260441911798241e-01,9.999999999999981126e-02,1.249000902703301108e-16,-3.330669073875469621e-16,-1.942890293094023946e-16,3.557156130200660585e-16,4.053169429671442049e-16
3.606803498920302387e-02,-7.054260441911794910e-01,1.000000000000000056e-01,3.606803498920253120e-02,-7.054260441911776036e-01,9.999999999999975575e-02,-4.926614671774132148e-16,1.887379141862766119e-15,-2.498001805406602216e-16,1.950619221267962436e-15,1.966549128951061648e-15
3.690632134413152077e-02,-7.054260441911794910e-01,1.000000000000000056e-01,3.690632134413190935e-02,-7.054260441911807122e-01,9.999999999999958922e-02,3.885780586188047891e-16,-1.221245327087672194e-15,-4.163336342344337027e-16,1.281574444413368740e-15,1.347503896680186159e-15
3.775563778267759796e-02,-7.054260441911794910e-01,1.000000000000000056e-01,3.775563778267827797e-02,-7.054260441911814894e-01,9.999999999999970024e-02,6.800116025829083810e-16,-1.998401444325281773e-15,-3.053113317719180486e-16,2.110929679626668250e-15,2.132894540674032147e-15
3.859943917941488500e-02,-7.054260441911794910e-01,1.000000000000000056e-01,3.859943917941428826e-02,-7.054260441911773816e-01,9.999999999999975575e-02,-5.967448757360216405e-16,2.109423746787797427e-15,-2.498001805406602216e-16,2.192207332856422608e-15,2.206393691168377224e-15
3.942118040891717801e-02,-7.054260441911794910e-01,1.000000000000000056e-01,3.942118040891751107e-02,-7.054260441911799351e-01,9.999999999999970024e-02,3.330669073875469621e-16,-4.440892098500626162e-16,-3.053113317719180486e-16,5.551115123125782702e-16,6.335327934766280943e-16
4.020431634575832858e-02,-7.054260441911794910e-01,1.000000000000000056e-01,4.020431634575859225e-02,-7.054260441911798241e-01,9.999999999999986677e-02,2.636779683484746784e-16,-3.330669073875469621e-16,-1.387778780781445676e-16,4.248054093218258274e-16,4.468992450574920469e-16
4.092678682270328716e-02,-7.054922203669372616e-01,1.000000000000000056e-01,4.092678682270312757e-02,-7.054922203669369285e-01,1.000000000000000333e-01,-1.595945597898662527e-16,3.330669073875469621e-16,2.775557561562891351e-17,3.693291056919640765e-16,3.703705715752547339e-16
4.159962192336963405e-02,-7.056245727184528027e-01,1.000000000000000056e-01,4.159962192336895404e-02,-7.056245727184506933e-01,9.999999999999975575e-02,-6.800116025829083810e-16,2.109423746787797427e-15,-2.498001805406602216e-16,2.216322251650162197e-15,2.230355230307000100e-15
4.225591189860972152e-02,-7.057238369820895141e-01,1.000000000000000056e-01,4.225591189860941621e-02,-7.057238369820888479e-01,9.999999999999986677e-02,-3.053113317719180486e-16,6.661338147750939243e-16,-1.387778780781445676e-16,7.327682229021406782e-16,7.457939178747931611e-16
4.292874699927606841e-02,-7.056907488942105733e-01,1.000000000000000056e-01,4.292874699927582555e-02,-7.056907488942095741e-01,9.999999999999953371e-02,-2.428612866367529932e-16,9.992007221626408864e-16,-4.718447854656915297e-16,1.028291635537896535e-15,1.131380214290654121e-15
4.365121747622102699e-02,-7.054260441911794910e-01,1.000000000000000056e-01,4.365121747622119353e-02,-7.054260441911800461e-01,9.999999999999975575e-02,1.665334536937734811e-16,-5.551115123125782702e-16,-2.498001805406602216e-16,5.795534335168190207e-16,6.310961198575700278e-16
4.446744366391458536e-02,-7.048635466972382746e-01,1.000000000000000056e-01,4.446744366391446046e-02,-7.048635466972377195e-01,9.999999999999970024e-02,-1.249000902703301108e-16,5.551115123125782702e-16,-3.053113317719180486e-16,5.689893001203927270e-16,6.457273673616726718e-16
4.535536539512177723e-02,-7.040694325881449167e-01,1.000000000000000056e-01,4.535536539512196458e-02,-7.040694325881448057e-01,9.999999999999997780e-02,1.873501354054951662e-16,1.110223024625156540e-16,-2.775557561562891351e-17,2.177751704867560879e-16,2.195367779172559971e-16
4.624880216813770373e-02,-7.031429661275359067e-01,1.000000000000000056e-01,4.624880216813835598e-02,-7.031429661275377940e-01,9.999999999999964473e-02,6.522560269672794675e-16,-1.887379141862766119e-15,-3.608224830031758756e-16,1.996907095949576791e-15,2.029243902071495394e-15
4.708157348125754926e-02,-7.021834115790480668e-01,1.000000000000000056e-01,4.708157348125728558e-02,-7.021834115790474007e-01,9.999999999999975575e-02,-2.636779683484746784e-16,6.661338147750939243e-16,-2.498001805406602216e-16,7.164218939837045475e-16,7.587229140979892239e-16
4.778749883277630395e-02,-7.012900332063178865e-01,1.000000000000000056e-01,4.778749883277698396e-02,-7.012900332063192188e-01,9.999999999999975575e-02,6.800116025829083810e-16,-1.332267629550187849e-15,-2.498001805406602216e-16,1.495778331302687355e-15,1.516493635526637675e-15
4.839966847354645885e-02,-7.004628310093456989e-01,1.000000000000000056e-01,4.839966847354702090e-02,-7.004628310093471422e-01,9.999999999999970024e-02,5.620504062164854986e-16,-1.443289932012703503e-15,-3.053113317719180486e-16,1.548866194019790387e-15,1.578670800479217347e-15
4.896220273803800205e-02,-6.996356288123732892e-01,1.000000000000000056e-01,4.896220273803746081e-02,-6.996356288123712908e-01,9.999999999999981126e-02,-5.412337245047638135e-16,1.998401444325281773e-15,-1.942890293094023946e-16,2.070396647317288859e-15,2.079492847819549481e-15
4.942546624997218307e-02,-6.988084266154009905e-01,1.000000000000000056e-01,4.942546624997204430e-02,-6.988084266154002133e-01,9.999999999999997780e-02,-1.387778780781445676e-16,7.771561172376095783e-16,-2.775557561562891351e-17,7.894497640785698187e-16,7.899375304297577386e-16
4.973982363307041799e-02,-6.979812244184286918e-01,1.000000000000000056e-01,4.973982363307024451e-02,-6.979812244184286918e-01,9.999999999999981126e-02,-1.734723475976807094e-16,0.000000000000000000e+00,-1.942890293094023946e-16,1.734723475976807094e-16,2.604628232417063805e-16
4.985563951105392855e-02,-6.971540222214563931e-01,1.000000000000000056e-01,4.985563951105416447e-02,-6.971540222214570592e-01,9.999999999999997780e-02,2.359223927328457648e-16,-6.661338147750939243e-16,-2.775557561562891351e-17,7.066778860128639382e-16,7.072227418270464092e-16
4.973982363307039023e-02,-6.963157906618577808e-01,1.000000000000000056e-01,4.973982363307056370e-02,-6.963157906618583359e-01,9.999999999999992228e-02,1.734723475976807094e-16,-5.551115123125782702e-16,-8.326672684688674053e-17,5.815852873680766316e-16,5.875157821563624272e-16
4.942546624997218307e-02,-6.954665297396329660e-01,1.000000000000000056e-01,4.942546624997186389e-02,-6.954665297396316337e-01,9.999999999999970024e-02,-3.191891195797325054e-16,1.332267629550187849e-15,-3.053113317719180486e-16,1.369970339388908497e-15,1.403578904128194533e-15
4.896220273803800205e-02,-6.946227834987210858e-01,1.000000000000000056e-01,4.896220273803748857e-02,-6.946227834987197536e-01,9.999999999999975575e-02,-5.134781488891348999e-16,1.332267629550187849e-15,-2.498001805406602216e-16,1.427794399111401903e-15,1.449481623316430944e-15
4.839966847354645885e-02,-6.938010959830619440e-01,1.000000000000000056e-01,4.839966847354636864e-02,-6.938010959830619440e-01,9.999999999999992228e-02,-9.020562075079396891e-17,0.000000000000000000e+00,-8.326672684688674053e-17,9.020562075079396891e-17,1.227615648923966719e-16
4.778749883277630395e-02,-6.930180112365948997e-01,1.000000000000000056e-01,4.778749883277590843e-02,-6.930180112365940115e-01,9.999999999999997780e-02,-3.955169525227120175e-16,8.881784197001252323e-16,-2.775557561562891351e-17,9.722626008203057597e-16,9.726586949858722413e-16
4.708157348125757702e-02,-6.922624998966935284e-01,1.000000000000000056e-01,4.708157348125767416e-02,-6.922624998966935284e-01,9.999999999999953371e-02,9.714451465470119729e-17,0.000000000000000000e+00,-4.718447854656915297e-16,9.714451465470119729e-17,4.817411735555327708e-16
4.624880216813770373e-02,-6.915235326007315164e-01,1.000000000000000056e-01,4.624880216813747474e-02,-6.915235326007305172e-01,9.999999999999986677e-02,-2.289834988289385365e-16,9.992007221626408864e-16,-1.387778780781445676e-16,1.025102690419981994e-15,1.034453877826439289e-15
4.535536539512183274e-02,-6.908176533926484453e-01,1.000000000000000056e-01,4.535536539512236009e-02,-6.908176533926499996e-01,9.999999999999975575e-02,5.273559366969493567e-16,-1.554312234475219157e-15,-2.498001805406602216e-16,1.641338114529990862e-15,1.660238216764995477e-15
4.446744366391458536e-02,-6.901614063163837853e-01,1.000000000000000056e-01,4.446744366391493924e-02,-6.901614063163847845e-01,9.999999999999981126e-02,3.538835890992686473e-16,-9.992007221626408864e-16,-1.942890293094023946e-16,1.060016829019295809e-15,1.077675231558243121e-15
4.365121747622102699e-02,-6.895713354158768960e-01,1.000000000000000056e-01,4.365121747622149884e-02,-6.895713354158783392e-01,9.999999999999997780e-02,4.718447854656915297e-16,-1.443289932012703503e-15,-2.775557561562891351e-17,1.518460842241379321e-15,1.518714489757095095e-15
4.286256649757114179e-02,-6.891025875042592341e-01,1.000000000000000056e-01,4.286256649757073239e-02,-6.891025875042575688e-01,9.999999999999997780e-02,-4.093947403305264743e-16,1.665334536937734811e-15,-2.775557561562891351e-17,1.714917832821129363e-15,1.715142427119588647e-15
4.205737039349505269e-02,-6.887441332189045973e-01,1.000000000000000056e-01,4.205737039349533718e-02,-6.887441332189058185e-01,9.999999999999975575e-02,2.844946500601963635e-16,-1.221245327087672194e-15,-2.498001805406602216e-16,1.253944717619699937e-15,1.278584172060836795e-15
4.130180966569763079e-02,-6.884132523401156334e-01,1.000000000000000056e-01,4.130180966569818590e-02,-6.884132523401172987e-01,9.999999999999964473e-02,5.551115123125782702e-16,-1.665334536937734811e-15,-3.608224830031758756e-16,1.755416734288350465e-15,1.792116283967129723e-15
4.066206481588374722e-02,-6.880272246481953236e-01,1.000000000000000056e-01,4.066206481588375415e-02,-6.880272246481951015e-01,9.999999999999992228e-02,6.938893903907228378e-18,2.220446049250313081e-16,-8.326672684688674053e-17,2.221529986854170653e-16,2.372452373067096320e-16
4.020431634575832858e-02,-6.875033299234460937e-01,1.000000000000000056e-01,4.020431634575871715e-02,-6.875033299234467599e-01,9.999999999999981126e-02,3.885780586188047891e-16,-6.661338147750939243e-16,-1.942890293094023946e-16,7.711855592701268838e-16,7.952832160537327775e-16
3.995613946436499253e-02,-6.867753919901105064e-01,1.000000000000000056e-01,3.995613946436554070e-02,-6.867753919901119497e-01,9.999999999999986677e-02,5.481726184086710418e-16,-1.443289932012703503e-15,-1.387778780781445676e-16,1.543884402221310381e-15,1.550109140307909189e-15
3.987341383723391752e-02,-6.858985576613199076e-01,1.000000000000000056e-01,3.987341383723318200e-02,-6.858985576613181312e-01,9.999999999999981126e-02,-7.355227538141662080e-16,1.776356839400250465e-15,-1.942890293094023946e-16,1.922612114354432434e-15,1.932404090549492558e-15
3.991477665079945503e-02,-6.849720912007108975e-01,1.000000000000000056e-01,3.991477665079960074e-02,-6.849720912007114526e-01,9.999999999999958922e-02,1.457167719820517959e-16,-5.551115123125782702e-16,-4.163336342344337027e-16,5.739182596318286396e-16,7.090245861277860146e-16
4.003886509149606754e-02,-6.840952568719201876e-01,1.000000000000000056e-01,4.003886509149629652e-02,-6.840952568719208537e-01,9.999999999999997780e-02,2.289834988289385365e-16,-6.661338147750939243e-16,-2.775557561562891351e-17,7.043917247687976665e-16,7.049383475882954994e-16
4.020431634575832858e-02,-6.833673189385846003e-01,1.000000000000000056e-01,4.020431634575898083e-02,-6.833673189385865987e-01,9.999999999999992228e-02,6.522560269672794675e-16,-1.998401444325281773e-15,-8.326672684688674053e-17,2.102152767378363511e-15,2.103801227586937761e-15
4.040561537177733697e-02,-6.828213654885828543e-01,1.000000000000000056e-01,4.040561537177742718e-02,-6.828213654885828543e-01,9.999999999999970024e-02,9.020562075079396891e-17,0.000000000000000000e+00,-3.053113317719180486e-16,9.020562075079396891e-17,3.183583881781321530e-16
4.067033737859687692e-02,-6.823912203461572901e-01,1.000000000000000056e-01,4.067033737859720999e-02,-6.823912203461584003e-01,9.999999999999992228e-02,3.330669073875469621e-16,-1.110223024625156540e-15,-8.326672684688674053e-17,1.159106867033638041e-15,1.162093833132389374e-15
4.100675492893002261e-02,-6.820272513794893854e-01,1.000000000000000056e-01,4.100675492893027241e-02,-6.820272513794894964e-01,9.999999999999986677e-02,2.498001805406602216e-16,-1.110223024625156540e-16,-1.387778780781445676e-16,2.733607174453285251e-16,3.065703529144609184e-16
4.142314058548990374e-02,-6.816798264567611731e-01,1.000000000000000056e-01,4.142314058548982741e-02,-6.816798264567611731e-01,9.999999999999970024e-02,-7.632783294297951215e-17,0.000000000000000000e+00,-3.053113317719180486e-16,7.632783294297951215e-17,3.147077173984038433e-16
4.192776691098965003e-02,-6.812993134461537981e-01,1.000000000000000056e-01,4.192776691099017045e-02,-6.812993134461553524e-01,9.999999999999992228e-02,5.204170427930421283e-16,-1.554312234475219157e-15,-8.326672684688674053e-17,1.639121844363256486e-15,1.641235439682130918e-15
4.254820911447299014e-02,-6.808526242597887634e-01,1.000000000000000056e-01,4.254820911447344811e-02,-6.808526242597902067e-01,9.999999999999986677e-02,4.579669976578770729e-16,-1.443289932012703503e-15,-1.387778780781445676e-16,1.514205930114198216e-15,1.520552168863954735e-15
4.327895215413107843e-02,-6.803728469855447880e-01,1.000000000000000056e-01,4.327895215413112007e-02,-6.803728469855447880e-01,9.999999999999986677e-02,4.163336342344337027e-17,0.000000000000000000e+00,-1.387778780781445676e-16,4.163336342344337027e-17,1.448883583792047552e-16
4.407863321639843290e-02,-6.799096137552402830e-01,1.000000000000000056e-01,4.407863321639804433e-02,-6.799096137552389507e-01,9.999999999999953371e-02,-3.885780586188047891e-16,1.332267629550187849e-15,-4.718447854656915297e-16,1.387778780781445676e-15,1.465799251588838844e-15
4.490588948770946054e-02,-6.795125567006936596e-01,1.000000000000000056e-01,4.490588948770896788e-02,-6.795125567006923273e-01,9.999999999999964473e-02,-4.926614671774132148e-16,1.332267629550187849e-15,-3.608224830031758756e-16,1.420440902673771166e-15,1.465552872546485400e-15
4.571935815449867935e-02,-6.792313079537231069e-01,1.000000000000000056e-01,4.571935815449847812e-02,-6.792313079537221077e-01,9.999999999999970024e-02,-2.012279232133096230e-16,9.992007221626408864e-16,-3.053113317719180486e-16,1.019261870301781085e-15,1.064006470637949992e-15
4.653006930038344757e-02,-6.790989556022074547e-01,1.000000000000000056e-01,4.653006930038375288e-02,-6.790989556022082319e-01,9.999999999999992228e-02,3.053113317719180486e-16,-7.771561172376095783e-16,-8.326672684688674053e-17,8.349770295452320949e-16,8.391185778350837322e-16
4.736559813440768818e-02,-6.790824115582680953e-01,1.000000000000000056e-01,4.736559813440809064e-02,-6.790824115582686504e-01,9.999999999999975575e-02,4.024558464266192459e-16,-5.551115123125782702e-16,-2.498001805406602216e-16,6.856526084140015912e-16,7.297394258384774027e-16
4.820939953114491971e-02,-6.791320436900862845e-01,1.000000000000000056e-01,4.820939953114510013e-02,-6.791320436900865065e-01,9.999999999999964473e-02,1.804112415015879378e-16,-2.220446049250313081e-16,-3.608224830031758756e-16,2.860979249076398531e-16,4.604833187825967524e-16
4.904492836516916032e-02,-6.791982198658441661e-01,1.000000000000000056e-01,4.904492836516916726e-02,-6.791982198658440550e-01,9.999999999999986677e-02,6.938893903907228378e-18,1.110223024625156540e-16,-1.387778780781445676e-16,1.112389315513592667e-16,1.778578065100330292e-16
4.985563951105392855e-02,-6.792313079537231069e-01,1.000000000000000056e-01,4.985563951105404651e-02,-6.792313079537236620e-01,9.999999999999992228e-02,1.179611963664228824e-16,-5.551115123125782702e-16,-8.326672684688674053e-17,5.675065065267142260e-16,5.735825858147626323e-16
5.063601792699068405e-02,-6.792313079537231069e-01,1.000000000000000056e-01,5.063601792699098936e-02,-6.792313079537236620e-01,9.999999999999986677e-02,3.053113317719180486e-16,-5.551115123125782702e-16,-1.387778780781445676e-16,6.335327934766280943e-16,6.485546236472085774e-16
5.139709369659689608e-02,-6.792313079537231069e-01,1.000000000000000056e-01,5.139709369659685445e-02,-6.792313079537226628e-01,9.999999999999981126e-02,-4.163336342344337027e-17,4.440892098500626162e-16,-1.942890293094023946e-16,4.460365043975677174e-16,4.865149434140654457e-16
5.214713938258550008e-02,-6.792313079537231069e-01,1.000000000000000056e-01,5.214713938258506987e-02,-6.792313079537216636e-01,9.999999999999992228e-02,-4.302114220422481594e-16,1.443289932012703503e-15,-8.326672684688674053e-17,1.506043722972493203e-15,1.508343808057248461e-15
5.289442754766990329e-02,-6.792313079537231069e-01,1.000000000000000056e-01,5.289442754766993798e-02,-6.792313079537237730e-01,9.999999999999975575e-02,3.469446951953614189e-17,-6.661338147750939243e-16,-2.498001805406602216e-16,6.670367046887758244e-16,7.122766987626420998e-16
5.364723075456293011e-02,-6.792313079537231069e-01,1.000000000000000056e-01,5.364723075456353379e-02,-6.792313079537248832e-01,9.999999999999964473e-02,6.036837696399288689e-16,-1.776356839400250465e-15,-3.608224830031758756e-16,1.876133714480586074e-15,1.910515788694586762e-15
5.440003396145601244e-02,-6.791982198658441661e-01,1.000000000000000056e-01,5.440003396145638714e-02,-6.791982198658449432e-01,9.999999999999981126e-02,3.747002708109903324e-16,-7.771561172376095783e-16,-1.942890293094023946e-16,8.627699134216877577e-16,8.843755709061939013e-16
5.514732212654027688e-02,-6.791320436900862845e-01,1.000000000000000056e-01,5.514732212654097770e-02,-6.791320436900880608e-01,9.999999999999986677e-02,7.008282842946300661e-16,-1.776356839400250465e-15,-1.387778780781445676e-16,1.909608311919332297e-15,1.914644406775126248e-15
5.589736781252901965e-02,-6.790824115582680953e-01,1.000000000000000056e-01,5.589736781252876291e-02,-6.790824115582674292e-01,9.999999999999986677e-02,-2.567390744445674500e-16,6.661338147750939243e-16,-1.387778780781445676e-16,7.138971995557009514e-16,7.272609648381690627e-16
5.665844358213512066e-02,-6.790989556022074547e-01,1.000000000000000056e-01,5.665844358213553006e-02,-6.790989556022078988e-01,9.999999999999981126e-02,4.093947403305264743e-16,-4.440892098500626162e-16,-1.942890293094023946e-16,6.040027149902160121e-16,6.344820774659769500e-16
5.743882199807193167e-02,-6.792313079537231069e-01,1.000000000000000056e-01,5.743882199807184147e-02,-6.792313079537226628e-01,9.999999999999986677e-02,-9.020562075079396891e-17,4.440892098500626162e-16,-1.387778780781445676e-16,4.531581184534698432e-16,4.739320412930121667e-16
5.825504818576551780e-02,-6.794794686128147188e-01,1.000000000000000056e-01,5.825504818576564270e-02,-6.794794686128154959e-01,9.999999999999986677e-02,1.249000902703301108e-16,-7.771561172376095783e-16,-1.387778780781445676e-16,7.871287462095218330e-16,7.992690176362687680e-16
5.910160710340717216e-02,-6.798103494916036826e-01,1.000000000000000056e-01,5.910160710340690848e-02,-6.798103494916026834e-01,1.000000000000000333e-01,-2.636779683484746784e-16,9.992007221626408864e-16,2.775557561562891351e-17,1.033406093538606061e-15,1.033778760731945610e-15
5.995368106285756116e-02,-6.802239505900897765e-01,1.000000000000000056e-01,5.995368106285759585e-02,-6.802239505900899985e-01,9.999999999999997780e-02,3.469446951953614189e-17,-2.220446049250313081e-16,-2.775557561562891351e-17,2.247387656626138295e-16,2.264462072310114022e-16
6.078645237597732343e-02,-6.807202719082732223e-01,1.000000000000000056e-01,6.078645237597737200e-02,-6.807202719082732223e-01,9.999999999999997780e-02,4.857225732735059864e-17,0.000000000000000000e+00,-2.775557561562891351e-17,4.857225732735059864e-17,5.594315114139762021e-17
6.157510335462718087e-02,-6.812993134461537981e-01,1.000000000000000056e-01,6.157510335462786089e-02,-6.812993134461553524e-01,9.999999999999975575e-02,6.800116025829083810e-16,-1.554312234475219157e-15,-2.498001805406602216e-16,1.696556012009837558e-15,1.714847641070445278e-15
6.233066408242463052e-02,-6.819941632916105556e-01,1.000000000000000056e-01,6.233066408242483869e-02,-6.819941632916112217e-01,9.999999999999975575e-02,2.081668171172168513e-16,-6.661338147750939243e-16,-2.498001805406602216e-16,6.979023448416920171e-16,7.412609615605548795e-16
6.306967968479584852e-02,-6.828048214446433839e-01,1.000000000000000056e-01,6.306967968479540443e-02,-6.828048214446421627e-01,9.999999999999986677e-02,-4.440892098500626162e-16,1.221245327087672194e-15,-1.387778780781445676e-16,1.299482733720894254e-15,1.306872095762473992e-15
6.377560503631463096e-02,-6.836816557734339828e-01,1.000000000000000056e-01,6.377560503631531097e-02,-6.836816557734355371e-01,9.999999999999986677e-02,6.800116025829083810e-16,-1.554312234475219157e-15,-1.387778780781445676e-16,1.696556012009837558e-15,1.702222547533252670e-15
6.443189501155469068e-02,-6.845750341461642741e-01,1.000000000000000056e-01,6.443189501155441312e-02,-6.845750341461634969e-01,9.999999999999997780e-02,-2.775557561562891351e-16,7.771561172376095783e-16,-2.775557561562891351e-17,8.252325904466731880e-16,8.256992190338328727e-16
6.502200448508993480e-02,-6.854353244310154025e-01,1.000000000000000056e-01,6.502200448509072583e-02,-6.854353244310169568e-01,9.999999999999997780e-02,7.910339050454240351e-16,-1.554312234475219157e-15,-2.775557561562891351e-17,1.744024415302366521e-15,1.744245261753207822e-15
6.555696354053774932e-02,-6.862735559906139038e-01,1.000000000000000056e-01,6.555696354053723585e-02,-6.862735559906123495e-01,9.999999999999953371e-02,-5.134781488891348999e-16,1.554312234475219157e-15,-4.718447854656915297e-16,1.636931987477170951e-15,1.703579711430353342e-15
6.604780226151565903e-02,-6.871228169128388297e-01,1.000000000000000056e-01,6.604780226151556188e-02,-6.871228169128383856e-01,9.999999999999975575e-02,-9.714451465470119729e-17,4.440892098500626162e-16,-2.498001805406602216e-16,4.545902364027964547e-16,5.187026250472392080e-16
6.647797552259737675e-02,-6.879665631537505988e-01,1.000000000000000056e-01,6.647797552259768206e-02,-6.879665631537511539e-01,9.999999999999975575e-02,3.053113317719180486e-16,-5.551115123125782702e-16,-2.498001805406602216e-16,6.335327934766280943e-16,6.810021516914953036e-16
6.683093819835678184e-02,-6.887882506694098517e-01,1.000000000000000056e-01,6.683093819835625449e-02,-6.887882506694082974e-01,9.999999999999981126e-02,-5.273559366969493567e-16,1.554312234475219157e-15,-1.942890293094023946e-16,1.641338114529990862e-15,1.652797335767109488e-15
6.709014516336755940e-02,-6.895713354158768960e-01,1.000000000000000056e-01,6.709014516336776757e-02,-6.895713354158773400e-01,9.999999999999975575e-02,2.081668171172168513e-16,-4.440892098500626162e-16,-2.498001805406602216e-16,4.904575925133239847e-16,5.504078308419241273e-16
6.722250616677732937e-02,-6.902937586678994375e-01,1.000000000000000056e-01,6.722250616677712121e-02,-6.902937586678985493e-01,9.999999999999992228e-02,-2.081668171172168513e-16,8.881784197001252323e-16,-8.326672684688674053e-17,9.122468574731976190e-16,9.160391240386617093e-16
6.723905129220356103e-02,-6.909665497881034568e-01,1.000000000000000056e-01,6.723905129220300592e-02,-6.909665497881016805e-01,9.999999999999986677e-02,-5.551115123125782702e-16,1.776356839400250465e-15,-1.387778780781445676e-16,1.861072919577845379e-15,1.866239992988543265e-15
6.718941591592486606e-02,-6.916227968643682278e-01,1.000000000000000056e-01,6.718941591592460238e-02,-6.916227968643676727e-01,9.999999999999975575e-02,-2.636779683484746784e-16,5.551115123125782702e-16,-2.498001805406602216e-16,6.145525706514756784e-16,6.633814832300366056e-16
6.712323541421996720e-02,-6.922955879845723581e-01,1.000000000000000056e-01,6.712323541422071660e-02,-6.922955879845740235e-01,9.999999999999981126e-02,7.494005416219806648e-16,-1.665334536937734811e-15,-1.942890293094023946e-16,1.826181888997078217e-15,1.836488093784146374e-15
6.709014516336755940e-02,-6.930180112365948997e-01,1.000000000000000056e-01,6.709014516336728184e-02,-6.930180112365940115e-01,9.999999999999964473e-02,-2.775557561562891351e-16,8.881784197001252323e-16,-3.608224830031758756e-16,9.305364597889226895e-16,9.980435698089930012e-16
6.709014516336755940e-02,-6.938010959830620550e-01,1.000000000000000056e-01,6.709014516336753164e-02,-6.938010959830618329e-01,9.999999999999964473e-02,-2.775557561562891351e-17,2.220446049250313081e-16,-3.608224830031758756e-16,2.237726045655904808e-16,4.245786650252757269e-16
6.709014516336755940e-02,-6.946227834987210858e-01,1.000000000000000056e-01,6.709014516336819778e-02,-6.946227834987227512e-01,9.999999999999986677e-02,6.383782391594650107e-16,-1.665334536937734811e-15,-1.387778780781445676e-16,1.783498218712303113e-15,1.788889374889859121e-15
6.709014516336755940e-02,-6.954665297396329660e-01,1.000000000000000056e-01,6.709014516336724021e-02,-6.954665297396322998e-01,9.999999999999975575e-02,-3.191891195797325054e-16,6.661338147750939243e-16,-2.498001805406602216e-16,7.386582113839281530e-16,7.797538608067614357e-16
6.709014516336755940e-02,-6.963157906618577808e-01,1.000000000000000056e-01,6.709014516336751777e-02,-6.963157906618571147e-01,9.999999999999970024e-02,-4.163336342344337027e-17,6.661338147750939243e-16,-3.053113317719180486e-16,6.674335893081556001e-16,7.339500020063423078e-16
6.709014516336755940e-02,-6.971540222214563931e-01,1.000000000000000056e-01,6.709014516336711531e-02,-6.971540222214553939e-01,9.999999999999986677e-02,-4.440892098500626162e-16,9.992007221626408864e-16,-1.387778780781445676e-16,1.093442869781314100e-15,1.102214411500533952e-15
6.702396466166266054e-02,-6.980474005941864624e-01,1.000000000000000056e-01,6.702396466166311850e-02,-6.980474005941873505e-01,9.999999999999970024e-02,4.579669976578770729e-16,-8.881784197001252323e-16,-3.053113317719180486e-16,9.992970910418892422e-16,1.044896973616597341e-15
6.689160365825289056e-02,-6.990069551426743022e-01,1.000000000000000056e-01,6.689160365825320975e-02,-6.990069551426753014e-01,9.999999999999975575e-02,3.191891195797325054e-16,-9.992007221626408864e-16,-2.498001805406602216e-16,1.048944124931555951e-15,1.078278214296558104e-15
6.679233290569561166e-02,-6.999334216032833123e-01,1.000000000000000056e-01,6.679233290569490389e-02,-6.999334216032815359e-01,9.999999999999975575e-02,-7.077671781985372945e-16,1.776356839400250465e-15,-2.498001805406602216e-16,1.912165787639546376e-15,1.928413371042970650e-15
6.682542315654801945e-02,-7.007275357123767812e-01,1.000000000000000056e-01,6.682542315654814435e-02,-7.007275357123774473e-01,9.999999999999981126e-02,1.249000902703301108e-16,-6.661338147750939243e-16,-1.942890293094023946e-16,6.777420539824541058e-16,7.050407921860589676e-16
6.709014516336755940e-02,-7.012900332063178865e-01,1.000000000000000056e-01,6.709014516336796186e-02,-7.012900332063185527e-01,9.999999999999986677e-02,4.024558464266192459e-16,-6.661338147750939243e-16,-1.387778780781445676e-16,7.782704976483341822e-16,7.905468151562297399e-16
6.765819446966780948e-02,-7.015547379093490798e-01,1.000000000000000056e-01,6.765819446966701844e-02,-7.015547379093469704e-01,9.999999999999986677e-02,-7.910339050454240351e-16,2.109423746787797427e-15,-1.387778780781445676e-16,2.252865549127085053e-15,2.257135902396564735e-15
6.846339057374387083e-02,-7.015878259972279096e-01,1.000000000000000056e-01,6.846339057374364878e-02,-7.015878259972270214e-01,1.000000000000000333e-01,-2.220446049250313081e-16,8.881784197001252323e-16,2.775557561562891351e-17,9.155133597044474904e-16,9.159339953157541458e-16
6.939819016032539034e-02,-7.014885617335913093e-01,1.000000000000000056e-01,6.939819016032594545e-02,-7.014885617335926415e-01,9.999999999999992228e-02,5.551115123125782702e-16,-1.332267629550187849e-15,-8.326672684688674053e-17,1.443289932012703503e-15,1.445689861501777436e-15
7.035504991414184839e-02,-7.013562093820756571e-01,1.000000000000000056e-01,7.035504991414190390e-02,-7.013562093820759902e-01,9.999999999999975575e-02,5.551115123125782702e-17,-3.330669073875469621e-16,-2.498001805406602216e-16,3.376611507232129738e-16,4.200180744990277398e-16
7.122642651992283636e-02,-7.012900332063178865e-01,1.000000000000000056e-01,7.122642651992285023e-02,-7.012900332063178865e-01,9.999999999999975575e-02,1.387778780781445676e-17,0.000000000000000000e+00,-2.498001805406602216e-16,1.387778780781445676e-17,2.501853776554200669e-16
7.200680493585959185e-02,-7.013562093820756571e-01,1.000000000000000056e-01,7.200680493586028574e-02,-7.013562093820769894e-01,1.000000000000000333e-01,6.938893903907228378e-16,-1.332267629550187849e-15,2.775557561562891351e-17,1.502138316815094689e-15,1.502394720045913955e-15
7.276788070546577614e-02,-7.014885617335913093e-01,1.000000000000000056e-01,7.276788070546563736e-02,-7.014885617335911983e-01,9.999999999999981126e-02,-1.387778780781445676e-16,1.110223024625156540e-16,-1.942890293094023946e-16,1.777223989483336522e-16,2.633125101432525795e-16
7.351792639145440789e-02,-7.015878259972279096e-01,1.000000000000000056e-01,7.351792639145496300e-02,-7.015878259972294639e-01,9.999999999999942268e-02,5.551115123125782702e-16,-1.554312234475219157e-15,-5.828670879282071837e-16,1.650465180893346376e-15,1.750362635436215849e-15
7.426521455653875559e-02,-7.015547379093490798e-01,1.000000000000000056e-01,7.426521455653950499e-02,-7.015547379093510783e-01,9.999999999999986677e-02,7.494005416219806648e-16,-1.998401444325281773e-15,-1.387778780781445676e-16,2.134293678120396449e-15,2.138800786400772245e-15
7.501801776343181016e-02,-7.012900332063178865e-01,1.000000000000000056e-01,7.501801776343157424e-02,-7.012900332063175535e-01,9.999999999999964473e-02,-2.359223927328457648e-16,3.330669073875469621e-16,-3.608224830031758756e-16,4.081579843510302918e-16,5.447805103250969314e-16
7.583700147202979136e-02,-7.007275357123767812e-01,1.000000000000000056e-01,7.583700147202963870e-02,-7.007275357123767812e-01,9.999999999999992228e-02,-1.526556658859590243e-16,0.000000000000000000e+00,-8.326672684688674053e-17,1.526556658859590243e-16,1.738881828270098473e-16
7.671665064052385352e-02,-6.999334216032833123e-01,1.000000000000000056e-01,7.671665064052329841e-02,-6.999334216032815359e-01,9.999999999999986677e-02,-5.551115123125782702e-16,1.776356839400250465e-15,-1.387778780781445676e-16,1.861072919577845379e-15,1.866239992988543265e-15
7.756596707906987520e-02,-6.990069551426743022e-01,1.000000000000000056e-01,7.756596707907009725e-02,-6.990069551426744132e-01,9.999999999999981126e-02,2.220446049250313081e-16,-1.110223024625156540e-16,-1.942890293094023946e-16,2.482534153247273118e-16,3.152427400121712072e-16
7.829395259782354066e-02,-6.980474005941864624e-01,1.000000000000000056e-01,7.829395259782305494e-02,-6.980474005941850191e-01,9.999999999999953371e-02,-4.857225732735059864e-16,1.443289932012703503e-15,-4.718447854656915297e-16,1.522830340529328502e-15,1.594255232893351750e-15
7.880960900694081173e-02,-6.971540222214563931e-01,1.000000000000000056e-01,7.880960900694004845e-02,-6.971540222214546167e-01,9.999999999999958922e-02,-7.632783294297951215e-16,1.776356839400250465e-15,-4.163336342344337027e-16,1.933400483361164871e-15,1.977718666559032475e-15
7.905227084652538538e-02,-6.963157906618577808e-01,1.000000000000000056e-01,7.905227084652473313e-02,-6.963157906618561155e-01,9.999999999999986677e-02,-6.522560269672794675e-16,1.665334536937734811e-15,-1.387778780781445676e-16,1.788512522917510833e-15,1.793888609718182105e-15
7.908260357647348138e-02,-6.954665297396329660e-01,1.000000000000000056e-01,7.908260357647414751e-02,-6.954665297396342982e-01,1.000000000000000888e-01,6.661338147750939243e-16,-1.332267629550187849e-15,8.326672684688674053e-17,1.489520491948363871e-15,1.491846052290212002e-15
7.899160538662922115e-02,-6.946227834987210858e-01,1.000000000000000056e-01,7.899160538662887421e-02,-6.946227834987198646e-01,9.999999999999975575e-02,-3.469446951953614189e-16,1.221245327087672194e-15,-2.498001805406602216e-16,1.269571097047218333e-15,1.293913018968363409e-15
7.887027446683697596e-02,-6.938010959830619440e-01,1.000000000000000056e-01,7.887027446683653187e-02,-6.938010959830606117e-01,9.999999999999975575e-02,-4.440892098500626162e-16,1.332267629550187849e-15,-2.498001805406602216e-16,1.404333387430680490e-15,1.426377367056374799e-15
7.880960900694081173e-02,-6.930180112365948997e-01,1.000000000000000056e-01,7.880960900694097826e-02,-6.930180112365953438e-01,1.000000000000000888e-01,1.665334536937734811e-16,-4.440892098500626162e-16,8.326672684688674053e-17,4.742874840267547117e-16,4.815412394636862130e-16
7.877651875608840393e-02,-6.922955879845723581e-01,1.000000000000000056e-01,7.877651875608768228e-02,-6.922955879845703597e-01,9.999999999999992228e-02,-7.216449660063517513e-16,1.998401444325281773e-15,-8.326672684688674053e-17,2.124706989126661081e-15,2.126337964069558409e-15
7.871033825438347731e-02,-6.916227968643682278e-01,1.000000000000000056e-01,7.871033825438386589e-02,-6.916227968643693380e-01,9.999999999999986677e-02,3.885780586188047891e-16,-1.110223024625156540e-15,-1.387778780781445676e-16,1.176260205927153813e-15,1.184418579511340985e-15
7.866070287810483785e-02,-6.909665497881034568e-01,1.000000000000000056e-01,7.866070287810525419e-02,-6.909665497881047891e-01,9.999999999999986677e-02,4.163336342344337027e-16,-1.332267629550187849e-15,-1.387778780781445676e-16,1.395804689683384034e-15,1.402686718831400506e-15
7.867724800353106951e-02,-6.902937586678994375e-01,1.000000000000000056e-01,7.867724800353184667e-02,-6.902937586679016579e-01,1.000000000000000333e-01,7.771561172376095783e-16,-2.220446049250313081e-15,2.775557561562891351e-17,2.352520411854307626e-15,2.352684139481735982e-15
7.880960900694081173e-02,-6.895713354158768960e-01,1.000000000000000056e-01,7.880960900694020110e-02,-6.895713354158752306e-01,9.999999999999975575e-02,-6.106226635438360972e-16,1.665334536937734811e-15,-2.498001805406602216e-16,1.773752845565297093e-15,1.791256343282316229e-15
7.912396639003904664e-02,-6.887882506694097406e-01,1.000000000000000056e-01,7.912396639003886623e-02,-6.887882506694086304e-01,9.999999999999970024e-02,-1.804112415015879378e-16,1.110223024625156540e-15,-3.053113317719180486e-16,1.124785926506895537e-15,1.165486331870227295e-15
7.958722990197322766e-02,-6.879665631537505988e-01,1.000000000000000056e-01,7.958722990197270031e-02,-6.879665631537499326e-01,9.999999999999986677e-02,-5.273559366969493567e-16,6.661338147750939243e-16,-1.387778780781445676e-16,8.496108186436516548e-16,8.608703982599287921e-16
8.010012879018604814e-02,-6.871228169128388297e-01,1.000000000000000056e-01,8.010012879018547916e-02,-6.871228169128372754e-01,9.999999999999986677e-02,-5.689893001203927270e-16,1.554312234475219157e-15,-1.387778780781445676e-16,1.655184384257791152e-15,1.660992066608000284e-15
8.056339230212022917e-02,-6.862735559906139038e-01,1.000000000000000056e-01,8.056339230212027080e-02,-6.862735559906139038e-01,9.999999999999986677e-02,4.163336342344337027e-17,0.000000000000000000e+00,-1.387778780781445676e-16,4.163336342344337027e-17,1.448883583792047552e-16
8.087774968521846408e-02,-6.854353244310154025e-01,1.000000000000000056e-01,8.087774968521901919e-02,-6.854353244310166238e-01,9.999999999999986677e-02,5.551115123125782702e-16,-1.221245327087672194e-15,-1.387778780781445676e-16,1.341487584748898546e-15,1.348646817917613808e-15
8.101011068862823405e-02,-6.846081222340429928e-01,1.000000000000000056e-01,8.101011068862878917e-02,-6.846081222340445471e-01,9.999999999999981126e-02,5.551115123125782702e-16,-1.554312234475219157e-15,-1.942890293094023946e-16,1.650465180893346376e-15,1.661861468429693168e-15
8.102665581405446571e-02,-6.837809200370708052e-01,1.000000000000000056e-01,8.102665581405400774e-02,-6.837809200370695839e-01,9.999999999999992228e-02,-4.579669976578770729e-16,1.221245327087672194e-15,-8.326672684688674053e-17,1.304290581073575630e-15,1.306945778399792535e-15
8.097702043777579850e-02,-6.829537178400983954e-01,1.000000000000000056e-01,8.097702043777531278e-02,-6.829537178400968411e-01,9.999999999999992228e-02,-4.857225732735059864e-16,1.554312234475219157e-15,-8.326672684688674053e-17,1.628438804630614608e-15,1.630566247727021619e-15
8.091083993607084413e-02,-6.821265156431260968e-01,1.000000000000000056e-01,8.091083993607124658e-02,-6.821265156431269849e-01,9.999999999999975575e-02,4.024558464266192459e-16,-8.881784197001252323e-16,-2.498001805406602216e-16,9.751059499069721204e-16,1.006594130591930753e-15
8.087774968521846408e-02,-6.812993134461537981e-01,1.000000000000000056e-01,8.087774968521890817e-02,-6.812993134461543532e-01,9.999999999999986677e-02,4.440892098500626162e-16,-5.551115123125782702e-16,-1.387778780781445676e-16,7.108895957933346089e-16,7.243088545993919173e-16
8.087774968521846408e-02,-6.804721112491816104e-01,1.000000000000000056e-01,8.087774968521821428e-02,-6.804721112491811663e-01,9.999999999999997780e-02,-2.498001805406602216e-16,4.440892098500626162e-16,-2.775557561562891351e-17,5.095246377785861277e-16,5.102800490722268737e-16
8.087774968521846408e-02,-6.796449090522092007e-01,1.000000000000000056e-01,8.087774968521774244e-02,-6.796449090522075354e-01,9.999999999999958922e-02,-7.216449660063517513e-16,1.665334536937734811e-15,-4.163336342344337027e-16,1.814968478205593742e-15,1.862107481289621781e-15
8.087774968521846408e-02,-6.788177068552369020e-01,1.000000000000000056e-01,8.087774968521803387e-02,-6.788177068552356808e-01,9.999999999999992228e-02,-4.302114220422481594e-16,1.221245327087672194e-15,-8.326672684688674053e-17,1.294805783347096788e-15,1.297480390753125370e-15
8.087774968521846408e-02,-6.779905046582646033e-01,1.000000000000000056e-01,8.087774968521910246e-02,-6.779905046582657135e-01,9.999999999999981126e-02,6.383782391594650107e-16,-1.110223024625156540e-15,-1.942890293094023946e-16,1.280672456422863005e-15,1.295326278414114432e-15
8.087774968521846408e-02,-6.771633024612921936e-01,1.000000000000000056e-01,8.087774968521804775e-02,-6.771633024612910834e-01,1.000000000000000888e-01,-4.163336342344337027e-16,1.110223024625156540e-15,8.326672684688674053e-17,1.185718710066886829e-15,1.188638804348266334e-15
8.087774968521846408e-02,-6.763305855830068491e-01,1.000000000000000056e-01,8.087774968521829755e-02,-6.763305855830064051e-01,9.999999999999986677e-02,-1.665334536937734811e-16,4.440892098500626162e-16,-1.387778780781445676e-16,4.742874840267547117e-16,4.941739743737032859e-16
8.087774968521846408e-02,-6.754923540234082369e-01,1.000000000000000056e-01,8.087774968521838082e-02,-6.754923540234077928e-01,9.999999999999953371e-02,-8.326672684688674053e-17,4.440892098500626162e-16,-4.718447854656915297e-16,4.518280359883027372e-16,6.532886618304434161e-16
8.087774968521846408e-02,-6.746568798044660920e-01,1.000000000000000056e-01,8.087774968521933838e-02,-6.746568798044678683e-01,9.999999999999964473e-02,8.743006318923107756e-16,-1.776356839400250465e-15,-3.608224830031758756e-16,1.979859898025953887e-15,2.012470640792535443e-15
8.087774968521846408e-02,-6.738324349481503717e-01,1.000000000000000056e-01,8.087774968521793673e-02,-6.738324349481487063e-01,9.999999999999975575e-02,-5.273559366969493567e-16,1.665334536937734811e-15,-2.498001805406602216e-16,1.746838116107825321e-15,1.764608606486232432e-15
8.087774968521846408e-02,-6.730272914764308112e-01,1.000000000000000056e-01,8.087774968521840857e-02,-6.730272914764304781e-01,9.999999999999975575e-02,-5.551115123125782702e-17,3.330669073875469621e-16,-2.498001805406602216e-16,3.376611507232129738e-16,4.200180744990277398e-16
8.084465943436600077e-02,-6.722138759827412935e-01,1.000000000000000056e-01,8.084465943436552893e-02,-6.722138759827401833e-01,9.999999999999986677e-02,-4.718447854656915297e-16,1.110223024625156540e-15,-1.387778780781445676e-16,1.206330247477445654e-15,1.214286607610768176e-15
8.077847893266112966e-02,-6.713866737857689948e-01,1.000000000000000056e-01,8.077847893266144885e-02,-6.713866737857695499e-01,9.999999999999981126e-02,3.191891195797325054e-16,-5.551115123125782702e-16,-1.942890293094023946e-16,6.403362282114315024e-16,6.691626947686431882e-16
8.072884355638249021e-02,-6.705870449953623691e-01,1.000000000000000056e-01,8.072884355638244858e-02,-6.705870449953623691e-01,9.999999999999986677e-02,-4.163336342344337027e-17,0.000000000000000000e+00,-1.387778780781445676e-16,4.163336342344337027e-17,1.448883583792047552e-16
8.074538868180866635e-02,-6.698563497213702034e-01,1.000000000000000056e-01,8.074538868180961004e-02,-6.698563497213724238e-01,9.999999999999986677e-02,9.436895709313830594e-16,-2.220446049250313081e-15,-1.387778780781445676e-16,2.412660494954891308e-15,2.416648498098110599e-15
8.087774968521846408e-02,-6.692359480736409516e-01,1.000000000000000056e-01,8.087774968521872776e-02,-6.692359480736417288e-01,9.999999999999997780e-02,2.636779683484746784e-16,-7.771561172376095783e-16,-2.775557561562891351e-17,8.206690572649954311e-16,8.211382791771257608e-16
8.113695665022924164e-02,-6.687313547334878816e-01,1.000000000000000056e-01,8.113695665023008818e-02,-6.687313547334894359e-01,9.999999999999986677e-02,8.465450562766818621e-16,-1.554312234475219157e-15,-1.387778780781445676e-16,1.769894080035819321e-15,1.775326548550916975e-15
8.148991932598867449e-02,-6.683149962943450983e-01,1.000000000000000056e-01,8.148991932598780019e-02,-6.683149962943432110e-01,9.999999999999975575e-02,-8.743006318923107756e-16,1.887379141862766119e-15,-2.498001805406602216e-16,2.080048465797353611e-15,2.094994451129661573e-15
8.192009258707036445e-02,-6.679786007342431997e-01,1.000000000000000056e-01,8.192009258707032282e-02,-6.679786007342427556e-01,9.999999999999986677e-02,-4.163336342344337027e-17,4.440892098500626162e-16,-1.387778780781445676e-16,4.460365043975677174e-16,4.671272446551087922e-16
8.241093130804827416e-02,-6.677138960312118954e-01,1.000000000000000056e-01,8.241093130804755251e-02,-6.677138960312103411e-01,9.999999999999992228e-02,-7.216449660063517513e-16,1.554312234475219157e-15,-8.326672684688674053e-17,1.713667989781467843e-15,1.715689752548942433e-15
8.294589036349608868e-02,-6.675126101632820053e-01,1.000000000000000056e-01,8.294589036349644950e-02,-6.675126101632827824e-01,9.999999999999970024e-02,3.608224830031758756e-16,-7.771561172376095783e-16,-3.053113317719180486e-16,8.568339948907339216e-16,9.096040369901381856e-16
8.353599983703130505e-02,-6.673747431304533073e-01,1.000000000000000056e-01,8.353599983703090259e-02,-6.673747431304521971e-01,9.999999999999970024e-02,-4.024558464266192459e-16,1.110223024625156540e-15,-3.053113317719180486e-16,1.180917386073554836e-15,1.219746236739076640e-15
8.419228981227144804e-02,-6.673058096140389583e-01,1.000000000000000056e-01,8.419228981227221131e-02,-6.673058096140408457e-01,9.999999999999997780e-02,7.632783294297951215e-16,-1.887379141862766119e-15,-2.775557561562891351e-17,2.035876674387662961e-15,2.036065864674697749e-15
8.489821516379017496e-02,-6.673058096140389583e-01,1.000000000000000056e-01,8.489821516379104926e-02,-6.673058096140407347e-01,9.999999999999992228e-02,8.743006318923107756e-16,-1.776356839400250465e-15,-8.326672684688674053e-17,1.979859898025953887e-15,1.981610093739718432e-15
8.563723076616139296e-02,-6.673747431304533073e-01,1.000000000000000056e-01,8.563723076616144847e-02,-6.673747431304534183e-01,9.999999999999953371e-02,5.551115123125782702e-17,-1.110223024625156540e-16,-4.718447854656915297e-16,1.241267076623636559e-16,4.878984946956307152e-16
8.639279149395881485e-02,-6.675126101632820053e-01,1.000000000000000056e-01,8.639279149395938384e-02,-6.675126101632831155e-01,9.999999999999992228e-02,5.689893001203927270e-16,-1.110223024625156540e-15,-8.326672684688674053e-17,1.247535165059216077e-15,1.250310895681197991e-15
8.720901768165242873e-02,-6.677138960312118954e-01,1.000000000000000056e-01,8.720901768165312262e-02,-6.677138960312136717e-01,9.999999999999992228e-02,6.938893903907228378e-16,-1.776356839400250465e-15,-8.326672684688674053e-17,1.907072653828599103e-15,1.908889586849027462e-15
8.809693941285959284e-02,-6.679786007342431997e-01,1.000000000000000056e-01,8.809693941285955121e-02,-6.679786007342429777e-01,9.999999999999975575e-02,-4.163336342344337027e-17,2.220446049250313081e-16,-2.498001805406602216e-16,2.259140179941513686e-16,3.368045037175248130e-16
8.899037618587551934e-02,-6.683149962943450983e-01,1.000000000000000056e-01,8.899037618587557485e-02,-6.683149962943450983e-01,9.999999999999975575e-02,5.551115123125782702e-17,0.000000000000000000e+00,-2.498001805406602216e-16,5.551115123125782702e-17,2.558937633260451615e-16
8.982314749899533712e-02,-6.687313547334878816e-01,1.000000000000000056e-01,8.982314749899486528e-02,-6.687313547334869934e-01,9.999999999999986677e-02,-4.718447854656915297e-16,8.881784197001252323e-16,-1.387778780781445676e-16,1.005732771064051649e-15,1.015262382951347575e-15
9.052907285051409181e-02,-6.692359480736409516e-01,1.000000000000000056e-01,9.052907285051388364e-02,-6.692359480736403965e-01,9.999999999999936717e-02,-2.081668171172168513e-16,5.551115123125782702e-16,-6.383782391594650107e-16,5.928593550334434143e-16,8.712112207054094673e-16
9.104748678053564692e-02,-6.698563497213703144e-01,1.000000000000000056e-01,9.104748678053489752e-02,-6.698563497213685380e-01,9.999999999999992228e-02,-7.494005416219806648e-16,1.776356839400250465e-15,-8.326672684688674053e-17,1.927963898175317357e-15,1.929761161508635948e-15
9.142250962353001831e-02,-6.705870449953623691e-01,1.000000000000000056e-01,9.142250962353058730e-02,-6.705870449953635903e-01,9.999999999999992228e-02,5.689893001203927270e-16,-1.221245327087672194e-15,-8.326672684688674053e-17,1.347289491009623374e-15,1.349860111413313720e-15
9.174513956934135517e-02,-6.713866737857689948e-01,1.000000000000000056e-01,9.174513956934127190e-02,-6.713866737857689948e-01,9.999999999999986677e-02,-8.326672684688674053e-17,0.000000000000000000e+00,-1.387778780781445676e-16,8.326672684688674053e-17,1.618414262284734379e-16
9.210637480781386222e-02,-6.722138759827412935e-01,1.000000000000000056e-01,9.210637480781451447e-02,-6.722138759827424037e-01,9.999999999999997780e-02,6.522560269672794675e-16,-1.110223024625156540e-15,-2.775557561562891351e-17,1.287646336974159715e-15,1.287945441818373874e-15
9.259721352879174416e-02,-6.730272914764308112e-01,1.000000000000000056e-01,9.259721352879095313e-02,-6.730272914764291459e-01,9.999999999999986677e-02,-7.910339050454240351e-16,1.665334536937734811e-15,-1.387778780781445676e-16,1.843657711954427035e-15,1.848873456538576732e-15
9.324523094131875744e-02,-6.738986111239082533e-01,1.000000000000000056e-01,9.324523094131841050e-02,-6.738986111239069210e-01,9.999999999999947820e-02,-3.469446951953614189e-16,1.332267629550187849e-15,-5.273559366969493567e-16,1.376701731774707627e-15,1.474249620057945101e-15
9.398976158549865456e-02,-6.748554083317395147e-01,1.000000000000000056e-01,9.398976158549859905e-02,-6.748554083317394037e-01,9.999999999999986677e-02,-5.551115123125782702e-17,1.110223024625156540e-16,-1.387778780781445676e-16,1.241267076623636559e-16,1.861900614935454838e-16
9.478944264776603679e-02,-6.757901468143182599e-01,1.000000000000000056e-01,9.478944264776692497e-02,-6.757901468143198143e-01,9.999999999999970024e-02,8.881784197001252323e-16,-1.554312234475219157e-15,-3.053113317719180486e-16,1.790180836524723847e-15,1.816029305041276925e-15
9.560291131455522784e-02,-6.765952902860379314e-01,1.000000000000000056e-01,9.560291131455539437e-02,-6.765952902860388196e-01,9.999999999999997780e-02,1.665334536937734811e-16,-8.881784197001252323e-16,-2.775557561562891351e-17,9.036560719766054744e-16,9.040822243568019492e-16
9.638880477230071797e-02,-6.771633024612921936e-01,1.000000000000000056e-01,9.638880477230045429e-02,-6.771633024612917495e-01,9.999999999999981126e-02,-2.636779683484746784e-16,4.440892098500626162e-16,-1.942890293094023946e-16,5.164700352369265655e-16,5.518056942508132498e-16
9.714160797919382806e-02,-6.774941833400811575e-01,1.000000000000000056e-01,9.714160797919400847e-02,-6.774941833400813795e-01,9.999999999999992228e-02,1.804112415015879378e-16,-2.220446049250313081e-16,-8.326672684688674053e-17,2.860979249076398531e-16,2.979687407032012292e-16
9.788889614427809249e-02,-6.776596237794756394e-01,1.000000000000000056e-01,9.788889614427866148e-02,-6.776596237794765276e-01,9.999999999999970024e-02,5.689893001203927270e-16,-8.881784197001252323e-16,-3.053113317719180486e-16,1.054803170678068273e-15,1.098100513696650857e-15
9.863894183026680751e-02,-6.776596237794756394e-01,1.000000000000000056e-01,9.863894183026607199e-02,-6.776596237794738631e-01,9.999999999999981126e-02,-7.355227538141662080e-16,1.776356839400250465e-15,-1.942890293094023946e-16,1.922612114354432434e-15,1.932404090549492558e-15
9.940001759987293628e-02,-6.774941833400811575e-01,1.000000000000000056e-01,9.940001759987317220e-02,-6.774941833400819347e-01,9.999999999999964473e-02,2.359223927328457648e-16,-7.771561172376095783e-16,-3.608224830031758756e-16,8.121767085755589087e-16,8.887203554511427559e-16
1.001803960158097195e-01,-6.771633024612921936e-01,1.000000000000000056e-01,1.001803960158101081e-01,-6.771633024612930818e-01,9.999999999999986677e-02,3.885780586188047891e-16,-8.881784197001252323e-16,-1.387778780781445676e-16,9.694605782913356349e-16,9.793432045533596454e-16
1.009966222035033057e-01,-6.765952902860379314e-01,1.000000000000000056e-01,1.009966222035035971e-01,-6.765952902860385976e-01,9.999999999999986677e-02,2.914335439641035919e-16,-6.661338147750939243e-16,-1.387778780781445676e-16,7.270954337185018248e-16,7.402209596993107276e-16
1.018431811211449600e-01,-6.757901468143182599e-01,1.000000000000000056e-01,1.018431811211455429e-01,-6.757901468143193702e-01,9.999999999999992228e-02,5.828670879282071837e-16,-1.110223024625156540e-15,-8.326672684688674053e-17,1.253925518760081508e-15,1.256687134651076801e-15
1.026952550805953213e-01,-6.748554083317395147e-01,1.000000000000000056e-01,1.026952550805948078e-01,-6.748554083317382934e-01,9.999999999999975575e-02,-5.134781488891348999e-16,1.221245327087672194e-15,-2.498001805406602216e-16,1.324801856248732707e-15,1.348146909100871910e-15
1.035280263937151113e-01,-6.738986111239082533e-01,1.000000000000000056e-01,1.035280263937158746e-01,-6.738986111239101406e-01,9.999999999999970024e-02,7.632783294297951215e-16,-1.887379141862766119e-15,-3.053113317719180486e-16,2.035876674387662961e-15,2.058642475667912562e-15
1.043166773723649965e-01,-6.730272914764308112e-01,1.000000000000000056e-01,1.043166773723643997e-01,-6.730272914764298120e-01,9.999999999999981126e-02,-5.967448757360216405e-16,9.992007221626408864e-16,-1.942890293094023946e-16,1.163832689817373700e-15,1.179938454665129021e-15
1.050722381001624184e-01,-6.722138759827412935e-01,1.000000000000000056e-01,1.050722381001633482e-01,-6.722138759827428478e-01,1.000000000000000888e-01,9.298117831235686026e-16,-1.554312234475219157e-15,8.326672684688674053e-17,1.811197524919570482e-15,1.813110537742961954e-15
1.058112537025336364e-01,-6.713866737857689948e-01,1.000000000000000056e-01,1.058112537025338862e-01,-6.713866737857692168e-01,9.999999999999981126e-02,2.498001805406602216e-16,-2.220446049250313081e-16,-1.942890293094023946e-16,3.342213888644167624e-16,3.865904340312231514e-16
1.065171790540523911e-01,-6.705870449953623691e-01,1.000000000000000056e-01,1.065171790540522662e-01,-6.705870449953623691e-01,9.999999999999986677e-02,-1.249000902703301108e-16,0.000000000000000000e+00,-1.387778780781445676e-16,1.249000902703301108e-16,1.867065397713989195e-16
1.071734690292925063e-01,-6.698563497213702034e-01,1.000000000000000056e-01,1.071734690292917985e-01,-6.698563497213688711e-01,9.999999999999964473e-02,-7.077671781985372945e-16,1.332267629550187849e-15,-3.608224830031758756e-16,1.508599156596077671e-15,1.551149341463604493e-15
1.077635785028277227e-01,-6.692359480736409516e-01,1.000000000000000056e-01,1.077635785028272647e-01,-6.692359480736400634e-01,9.999999999999997780e-02,-4.579669976578770729e-16,8.881784197001252323e-16,-2.775557561562891351e-17,9.992970910418892422e-16,9.996824736597800035e-16
1.082323570565706661e-01,-6.687313547334878816e-01,1.000000000000000056e-01,1.082323570565707493e-01,-6.687313547334878816e-01,9.999999999999958922e-02,8.326672684688674053e-17,0.000000000000000000e+00,-4.163336342344337027e-16,8.326672684688674053e-17,4.245786650252757269e-16
1.085908347741388058e-01,-6.683149962943450983e-01,1.000000000000000056e-01,1.085908347741397079e-01,-6.683149962943468747e-01,9.999999999999970024e-02,9.020562075079396891e-16,-1.776356839400250465e-15,-3.053113317719180486e-16,1.992272326361949720e-15,2.015530707207408440e-15
1.089217372826631891e-01,-6.679786007342431997e-01,1.000000000000000056e-01,1.089217372826629532e-01,-6.679786007342422005e-01,9.999999999999964473e-02,-2.359223927328457648e-16,9.992007221626408864e-16,-3.608224830031758756e-16,1.026674952729993454e-15,1.088234498076453710e-15
1.093077902092750020e-01,-6.677138960312118954e-01,1.000000000000000056e-01,1.093077902092758485e-01,-6.677138960312136717e-01,9.999999999999970024e-02,8.465450562766818621e-16,-1.776356839400250465e-15,-3.053113317719180486e-16,1.967760695102567028e-15,1.991305391570785800e-15
1.098317191811053473e-01,-6.675126101632820053e-01,1.000000000000000056e-01,1.098317191811056803e-01,-6.675126101632825604e-01,9.999999999999997780e-02,3.330669073875469621e-16,-5.551115123125782702e-16,-2.775557561562891351e-17,6.473657049138937517e-16,6.479604369685061501e-16
1.105321294908153396e-01,-6.674023165370190913e-01,1.000000000000000056e-01,1.105321294908143959e-01,-6.674023165370173150e-01,9.999999999999986677e-02,-9.436895709313830594e-16,1.776356839400250465e-15,-1.387778780781445676e-16,2.011465542128103298e-15,2.016247238463720287e-15
1.113538707203176603e-01,-6.673885298337360883e-01,1.000000000000000056e-01,1.113538707203183820e-01,-6.673885298337376426e-01,1.000000000000000333e-01,7.216449660063517513e-16,-1.554312234475219157e-15,2.775557561562891351e-17,1.713667989781467843e-15,1.713892747863591343e-15
1.122390349306205404e-01,-6.674298899435847643e-01,1.000000000000000056e-01,1.122390349306207485e-01,-6.674298899435853194e-01,9.999999999999992228e-02,2.081668171172168513e-16,-5.551115123125782702e-16,-8.326672684688674053e-17,5.928593550334434143e-16,5.986781795342674964e-16
1.131297141827320996e-01,-6.674850367567163323e-01,1.000000000000000056e-01,1.131297141827321134e-01,-6.674850367567161102e-01,9.999999999999970024e-02,1.387778780781445676e-17,2.220446049250313081e-16,-3.053113317719180486e-16,2.224778631027185334e-16,3.777716358848215199e-16
1.139680005376605965e-01,-6.675126101632820053e-01,1.000000000000000056e-01,1.139680005376608740e-01,-6.675126101632823383e-01,1.000000000000000333e-01,2.775557561562891351e-16,-3.330669073875469621e-16,2.775557561562891351e-17,4.335559509131366993e-16,4.344434768182727956e-16
1.147483789535973797e-01,-6.675126101632820053e-01,1.000000000000000056e-01,1.147483789535964915e-01,-6.675126101632802289e-01,9.999999999999986677e-02,-8.881784197001252323e-16,1.776356839400250465e-15,-1.387778780781445676e-16,1.986027322597818494e-15,1.990870117699527697e-15
1.155094547232035918e-01,-6.675126101632820053e-01,1.000000000000000056e-01,1.155094547232029117e-01,-6.675126101632806730e-01,9.999999999999986677e-02,-6.800116025829083810e-16,1.332267629550187849e-15,-1.387778780781445676e-16,1.495778331302687355e-15,1.502202421725688838e-15
1.162595004091921957e-01,-6.675126101632820053e-01,1.000000000000000056e-01,1.162595004091932088e-01,-6.675126101632840037e-01,9.999999999999964473e-02,1.013078509970455343e-15,-1.998401444325281773e-15,-3.608224830031758756e-16,2.240521457171372481e-15,2.269389623728351144e-15
1.170067885742765712e-01,-6.675126101632820053e-01,1.000000000000000056e-01,1.170067885742768210e-01,-6.675126101632825604e-01,9.999999999999958922e-02,2.498001805406602216e-16,-5.551115123125782702e-16,-4.163336342344337027e-16,6.087272963323594715e-16,7.374839769750631391e-16
1.177595917811695980e-01,-6.675126101632820053e-01,1.000000000000000056e-01,1.177595917811701115e-01,-6.675126101632830045e-01,9.999999999999986677e-02,5.134781488891348999e-16,-9.992007221626408864e-16,-1.387778780781445676e-16,1.123415280542754528e-15,1.131954589195533005e-15
1.185123949880626804e-01,-6.675126101632820053e-01,1.000000000000000056e-01,1.185123949880620559e-01,-6.675126101632808950e-01,9.999999999999986677e-02,-6.245004513516505540e-16,1.110223024625156540e-15,-1.387778780781445676e-16,1.273811594446465368e-15,1.281349006941558646e-15
1.192596831531469725e-01,-6.675126101632820053e-01,1.000000000000000056e-01,1.192596831531472917e-01,-6.675126101632828934e-01,9.999999999999981126e-02,3.191891195797325054e-16,-8.881784197001252323e-16,-1.942890293094023946e-16,9.437916079723831284e-16,9.635822882292338213e-16
1.200097288391357153e-01,-6.675126101632820053e-01,1.000000000000000056e-01,1.200097288391356321e-01,-6.675126101632817832e-01,1.000000000000000888e-01,-8.326672684688674053e-17,2.220446049250313081e-16,8.326672684688674053e-17,2.371437420133773559e-16,2.513374269302153602e-16
1.207708046087418718e-01,-6.675126101632820053e-01,1.000000000000000056e-01,1.207708046087411086e-01,-6.675126101632803399e-01,9.999999999999997780e-02,-7.632783294297951215e-16,1.665334536937734811e-15,-2.775557561562891351e-17,1.831920557255351646e-15,1.832130808668560471e-15
1.215511830246786273e-01,-6.675126101632820053e-01,1.000000000000000056e-01,1.215511830246791686e-01,-6.675126101632833375e-01,9.999999999999997780e-02,5.412337245047638135e-16,-1.332267629550187849e-15,-2.775557561562891351e-17,1.438009381502281843e-15,1.438277217113005036e-15
1.223674092123721857e-01,-6.675126101632820053e-01,1.000000000000000056e-01,1.223674092123716445e-01,-6.675126101632812281e-01,9.999999999999986677e-02,-5.412337245047638135e-16,7.771561172376095783e-16,-1.387778780781445676e-16,9.470509886490462117e-16,9.571650194950754178e-16
1.232139681300138401e-01,-6.675126101632820053e-01,1.000000000000000056e-01,1.232139681300138540e-01,-6.675126101632821163e-01,1.000000000000000333e-01,1.387778780781445676e-17,-1.110223024625156540e-16,2.775557561562891351e-17,1.118863022827952404e-16,1.152775633689050847e-16
1.240660420894642013e-01,-6.675126101632820053e-01,1.000000000000000056e-01,1.240660420894644511e-01,-6.675126101632824493e-01,9.999999999999964473e-02,2.498001805406602216e-16,-4.440892098500626162e-16,-3.608224830031758756e-16,5.095246377785861277e-16,6.243462346678936669e-16
1.248988134025840191e-01,-6.675126101632820053e-01,1.000000000000000056e-01,1.248988134025844909e-01,-6.675126101632830045e-01,9.999999999999986677e-02,4.718447854656915297e-16,-9.992007221626408864e-16,-1.387778780781445676e-16,1.105006599410839434e-15,1.113687067441020315e-15
1.256874643812338765e-01,-6.675126101632820053e-01,1.000000000000000056e-01,1.256874643812339876e-01,-6.675126101632823383e-01,9.999999999999997780e-02,1.110223024625156540e-16,-3.330669073875469621e-16,-2.775557561562891351e-17,3.510833468576701225e-16,3.521787733787173980e-16
1.264099348581788629e-01,-6.675126101632820053e-01,1.000000000000000056e-01,1.264099348581800286e-01,-6.675126101632838926e-01,9.999999999999975575e-02,1.165734175856414367e-15,-1.887379141862766119e-15,-2.498001805406602216e-16,2.218363404381316703e-15,2.232383552191784896e-15
1.270827699588451820e-01,-6.675126101632820053e-01,1.000000000000000056e-01,1.270827699588452653e-01,-6.675126101632815612e-01,9.999999999999981126e-02,8.326672684688674053e-17,4.440892098500626162e-16,-1.942890293094023946e-16,4.518280359883027372e-16,4.918300529807392679e-16
1.277390599340853250e-01,-6.675126101632820053e-01,1.000000000000000056e-01,1.277390599340861299e-01,-6.675126101632835596e-01,9.999999999999981126e-02,8.049116928532384918e-16,-1.554312234475219157e-15,-1.942890293094023946e-16,1.750362635436215849e-15,1.761112597888392966e-15
1.284118950347516441e-01,-6.675126101632820053e-01,1.000000000000000056e-01,1.284118950347519772e-01,-6.675126101632826714e-01,9.999999999999970024e-02,3.330669073875469621e-16,-6.661338147750939243e-16,-3.053113317719180486e-16,7.447602459741819353e-16,8.049116928532384918e-16
1.291343655116966305e-01,-6.675126101632820053e-01,1.000000000000000056e-01,1.291343655116958256e-01,-6.675126101632801179e-01,9.999999999999981126e-02,-8.049116928532384918e-16,1.887379141862766119e-15,-1.942890293094023946e-16,2.051848644133016473e-15,2.061026706605348199e-15
1.299175014485377533e-01,-6.675126101632820053e-01,1.000000000000000056e-01,1.299175014485376700e-01,-6.675126101632821163e-01,9.999999999999964473e-02,-8.326672684688674053e-17,-1.110223024625156540e-16,-3.608224830031758756e-16,1.387778780781445676e-16,3.865904340312231514e-16
1.307392426780400463e-01,-6.675126101632820053e-01,1.000000000000000056e-01,1.307392426780393802e-01,-6.675126101632806730e-01,9.999999999999964473e-02,-6.661338147750939243e-16,1.332267629550187849e-15,-3.608224830031758756e-16,1.489520491948363871e-15,1.532600456797097729e-15
1.315830440747773611e-01,-6.675126101632820053e-01,1.000000000000000056e-01,1.315830440747784713e-01,-6.675126101632838926e-01,9.999999999999997780e-02,1.110223024625156540e-15,-1.887379141862766119e-15,-2.775557561562891351e-17,2.189702077805668696e-15,2.189877978683793436e-15
1.324323605133233550e-01,-6.675126101632820053e-01,1.000000000000000056e-01,1.324323605133232995e-01,-6.675126101632821163e-01,9.999999999999964473e-02,-5.551115123125782702e-17,-1.110223024625156540e-16,-3.608224830031758756e-16,1.241267076623636559e-16,3.815760786470701153e-16
1.332706468682518797e-01,-6.675126101632820053e-01,1.000000000000000056e-01,1.332706468682522127e-01,-6.675126101632825604e-01,9.999999999999992228e-02,3.330669073875469621e-16,-5.551115123125782702e-16,-8.326672684688674053e-17,6.473657049138937517e-16,6.526987848146007835e-16
1.341089332231804043e-01,-6.675126101632820053e-01,1.000000000000000056e-01,1.341089332231802100e-01,-6.675126101632817832e-01,9.999999999999953371e-02,-1.942890293094023946e-16,2.220446049250313081e-16,-4.718447854656915297e-16,2.950458159105176498e-16,5.564975606931871801e-16
1.349582496617264538e-01,-6.675126101632820053e-01,1.000000000000000056e-01,1.349582496617262040e-01,-6.675126101632815612e-01,9.999999999999970024e-02,-2.498001805406602216e-16,4.440892098500626162e-16,-3.053113317719180486e-16,5.095246377785861277e-16,5.939952573983579883e-16
1.358020510584637131e-01,-6.675126101632820053e-01,1.000000000000000056e-01,1.358020510584634077e-01,-6.675126101632814501e-01,1.000000000000001998e-01,-3.053113317719180486e-16,5.551115123125782702e-16,1.942890293094023946e-16,6.335327934766280943e-16,6.626552854390356702e-16
1.366237922879660338e-01,-6.675126101632820053e-01,1.000000000000000056e-01,1.366237922879659783e-01,-6.675126101632815612e-01,9.999999999999958922e-02,-5.551115123125782702e-17,4.440892098500626162e-16,-4.163336342344337027e-16,4.475452091311809617e-16,6.112531465858672415e-16
1.374069282248071566e-01,-6.675126101632820053e-01,1.000000000000000056e-01,1.374069282248061574e-01,-6.675126101632801179e-01,9.999999999999986677e-02,-9.992007221626408864e-16,1.887379141862766119e-15,-1.387778780781445676e-16,2.135556627277528752e-15,2.140061075706216004e-15
1.381293987017521430e-01,-6.675126101632820053e-01,1.000000000000000056e-01,1.381293987017520319e-01,-6.675126101632818942e-01,9.999999999999964473e-02,-1.110223024625156540e-16,1.110223024625156540e-16,-3.608224830031758756e-16,1.570092458683775167e-16,3.935031988799249477e-16
1.388022338024184621e-01,-6.675126101632820053e-01,1.000000000000000056e-01,1.388022338024178237e-01,-6.675126101632805620e-01,9.999999999999981126e-02,-6.383782391594650107e-16,1.443289932012703503e-15,-1.942890293094023946e-16,1.578167482899572863e-15,1.590082020208883293e-15
1.394585237776586051e-01,-6.675126101632820053e-01,1.000000000000000056e-01,1.394585237776578002e-01,-6.675126101632804509e-01,9.999999999999981126e-02,-8.049116928532384918e-16,1.554312234475219157e-15,-1.942890293094023946e-16,1.750362635436215849e-15,1.761112597888392966e-15
1.401313588783248687e-01,-6.675126101632820053e-01,1.000000000000000056e-01,1.401313588783249797e-01,-6.675126101632817832e-01,1.000000000000000888e-01,1.110223024625156540e-16,2.220446049250313081e-16,8.326672684688674053e-17,2.482534153247273118e-16,2.618455766672135076e-16
1.408538293552698550e-01,-6.675126101632820053e-01,1.000000000000000056e-01,1.408538293552698273e-01,-6.675126101632822273e-01,9.999999999999970024e-02,-2.775557561562891351e-17,-2.220446049250313081e-16,-3.053113317719180486e-16,2.237726045655904808e-16,3.785355833503771567e-16
1.416424803339197680e-01,-6.675126101632820053e-01,1.000000000000000056e-01,1.416424803339195737e-01,-6.675126101632813391e-01,9.999999999999981126e-02,-1.942890293094023946e-16,6.661338147750939243e-16,-1.942890293094023946e-16,6.938893903907228378e-16,7.205766531097152060e-16
1.424752516470395303e-01,-6.675126101632820053e-01,1.000000000000000056e-01,1.424752516470405295e-01,-6.675126101632835596e-01,9.999999999999986677e-02,9.992007221626408864e-16,-1.554312234475219157e-15,-1.387778780781445676e-16,1.847779371410367273e-15,1.852983514458119360e-15
1.433273256064899193e-01,-6.675126101632820053e-01,1.000000000000000056e-01,1.433273256064888646e-01,-6.675126101632800069e-01,9.999999999999964473e-02,-1.054711873393898713e-15,1.998401444325281773e-15,-3.608224830031758756e-16,2.259651625485539203e-15,2.288278464872668443e-15
1.441738845241316014e-01,-6.675126101632820053e-01,1.000000000000000056e-01,1.441738845241326283e-01,-6.675126101632835596e-01,9.999999999999992228e-02,1.026956297778269800e-15,-1.554312234475219157e-15,-8.326672684688674053e-17,1.862934716995149945e-15,1.864794655608384544e-15
1.449901107118251320e-01,-6.675126101632820053e-01,1.000000000000000056e-01,1.449901107118249100e-01,-6.675126101632814501e-01,9.999999999999975575e-02,-2.220446049250313081e-16,5.551115123125782702e-16,-2.498001805406602216e-16,5.978733960281816517e-16,6.479604369685061501e-16
1.457704891277619152e-01,-6.675126101632820053e-01,1.000000000000000056e-01,1.457704891277619708e-01,-6.675126101632820053e-01,9.999999999999975575e-02,5.551115123125782702e-17,0.000000000000000000e+00,-2.498001805406602216e-16,5.551115123125782702e-17,2.558937633260451615e-16
1.465315648973680718e-01,-6.675126101632820053e-01,1.000000000000000056e-01,1.465315648973686546e-01,-6.675126101632827824e-01,9.999999999999992228e-02,5.828670879282071837e-16,-7.771561172376095783e-16,-8.326672684688674053e-17,9.714451465470119729e-16,9.750071899988941689e-16
1.472816105833567590e-01,-6.675126101632820053e-01,1.000000000000000056e-01,1.472816105833568423e-01,-6.675126101632818942e-01,9.999999999999986677e-02,8.326672684688674053e-17,1.110223024625156540e-16,-1.387778780781445676e-16,1.387778780781445676e-16,1.962615573354718897e-16
1.480288987484410790e-01,-6.675126101632820053e-01,1.000000000000000056e-01,1.480288987484421059e-01,-6.675126101632838926e-01,9.999999999999992228e-02,1.026956297778269800e-15,-1.887379141862766119e-15,-8.326672684688674053e-17,2.148683146181651972e-15,2.150295935559772342e-15
1.487817019553341336e-01,-6.675126101632820053e-01,1.000000000000000056e-01,1.487817019553350772e-01,-6.675126101632836706e-01,9.999999999999981126e-02,9.436895709313830594e-16,-1.665334536937734811e-15,-1.942890293094023946e-16,1.914128816512169068e-15,1.923963968766636765e-15
1.495345051622271881e-01,-6.674850367567162213e-01,1.000000000000000056e-01,1.495345051622274934e-01,-6.674850367567167764e-01,9.999999999999975575e-02,3.053113317719180486e-16,-5.551115123125782702e-16,-2.498001805406602216e-16,6.335327934766280943e-16,6.810021516914953036e-16
1.502817933273115081e-01,-6.674298899435847643e-01,1.000000000000000056e-01,1.502817933273111195e-01,-6.674298899435840982e-01,9.999999999999986677e-02,-3.885780586188047891e-16,6.661338147750939243e-16,-1.387778780781445676e-16,7.711855592701268838e-16,7.835728851042835695e-16
1.510318390133002231e-01,-6.673885298337360883e-01,1.000000000000000056e-01,1.510318390133004729e-01,-6.673885298337365324e-01,9.999999999999992228e-02,2.498001805406602216e-16,-4.440892098500626162e-16,-8.326672684688674053e-17,5.095246377785861277e-16,5.162835502930472634e-16
1.517929147829063796e-01,-6.674023165370190913e-01,1.000000000000000056e-01,1.517929147829055747e-01,-6.674023165370174260e-01,9.999999999999975575e-02,-8.049116928532384918e-16,1.665334536937734811e-15,-2.498001805406602216e-16,1.849654549695560393e-15,1.866446378390665819e-15
1.525732931988431351e-01,-6.675126101632820053e-01,1.000000000000000056e-01,1.525732931988429963e-01,-6.675126101632815612e-01,1.000000000000001443e-01,-1.387778780781445676e-16,4.440892098500626162e-16,1.387778780781445676e-16,4.652682298944613448e-16,4.855242786854202644e-16
1.534446698046240953e-01,-6.677138960312118954e-01,1.000000000000000056e-01,1.534446698046235680e-01,-6.677138960312110072e-01,9.999999999999975575e-02,-5.273559366969493567e-16,8.881784197001252323e-16,-2.498001805406602216e-16,1.032940070473853131e-15,1.062716010695554998e-15
1.544015295584405811e-01,-6.679786007342431997e-01,1.000000000000000056e-01,1.544015295584413860e-01,-6.679786007342445320e-01,9.999999999999975575e-02,8.049116928532384918e-16,-1.332267629550187849e-15,-2.498001805406602216e-16,1.556540995296668364e-15,1.576458055337118463e-15
1.553363291450220451e-01,-6.683149962943450983e-01,1.000000000000000056e-01,1.553363291450232109e-01,-6.683149962943470968e-01,9.999999999999992228e-02,1.165734175856414367e-15,-1.998401444325281773e-15,-8.326672684688674053e-17,2.313556677810380750e-15,2.315054610423002578e-15
1.561415252490981620e-01,-6.687313547334878816e-01,1.000000000000000056e-01,1.561415252490979955e-01,-6.687313547334872155e-01,1.000000000000000888e-01,-1.665334536937734811e-16,6.661338147750939243e-16,8.326672684688674053e-17,6.866350197783355685e-16,6.916653802134304589e-16
1.567095745553984121e-01,-6.692359480736409516e-01,1.000000000000000056e-01,1.567095745553987174e-01,-6.692359480736415067e-01,9.999999999999997780e-02,3.053113317719180486e-16,-5.551115123125782702e-16,-2.775557561562891351e-17,6.335327934766280943e-16,6.341404989338363374e-16
1.570404770639228231e-01,-6.698563497213703144e-01,1.000000000000000056e-01,1.570404770639222958e-01,-6.698563497213689821e-01,9.999999999999975575e-02,-5.273559366969493567e-16,1.332267629550187849e-15,-2.498001805406602216e-16,1.432843787967409095e-15,1.454455723256964648e-15
1.572059283181850287e-01,-6.705870449953623691e-01,1.000000000000000056e-01,1.572059283181864442e-01,-6.705870449953644785e-01,9.999999999999981126e-02,1.415534356397074589e-15,-2.109423746787797427e-15,-1.942890293094023946e-16,2.540355498282228703e-15,2.547774378661254117e-15
1.572059283181850287e-01,-6.713866737857689948e-01,1.000000000000000056e-01,1.572059283181859446e-01,-6.713866737857703271e-01,9.999999999999992228e-02,9.159339953157541458e-16,-1.332267629550187849e-15,-8.326672684688674053e-17,1.616747389211547891e-15,1.618890196499487839e-15
1.570404770639228509e-01,-6.722138759827412935e-01,1.000000000000000056e-01,1.570404770639228509e-01,-6.722138759827408494e-01,9.999999999999981126e-02,0.000000000000000000e+00,4.440892098500626162e-16,-1.942890293094023946e-16,4.440892098500626162e-16,4.847302891456678175e-16
1.567095745553984121e-01,-6.730272914764308112e-01,1.000000000000000056e-01,1.567095745553977737e-01,-6.730272914764294789e-01,9.999999999999986677e-02,-6.383782391594650107e-16,1.332267629550187849e-15,-1.387778780781445676e-16,1.477316422767856306e-15,1.483820444805734560e-15
1.561415252490981620e-01,-6.738655230360293125e-01,1.000000000000000056e-01,1.561415252490977457e-01,-6.738655230360282022e-01,9.999999999999986677e-02,-4.163336342344337027e-16,1.110223024625156540e-15,-1.387778780781445676e-16,1.185718710066886829e-15,1.193812447098184152e-15
1.553363291450220729e-01,-6.747561440681029143e-01,1.000000000000000056e-01,1.553363291450215178e-01,-6.747561440681015821e-01,9.999999999999992228e-02,-5.551115123125782702e-16,1.332267629550187849e-15,-8.326672684688674053e-17,1.443289932012703503e-15,1.445689861501777436e-15
1.544015295584405534e-01,-6.756412504188632484e-01,1.000000000000000056e-01,1.544015295584416914e-01,-6.756412504188652468e-01,9.999999999999986677e-02,1.137978600240785454e-15,-1.998401444325281773e-15,-1.387778780781445676e-16,2.299696420679771037e-15,2.303879972292658839e-15
1.534446698046240953e-01,-6.764629379345223903e-01,1.000000000000000056e-01,1.534446698046245949e-01,-6.764629379345228344e-01,1.000000000000000888e-01,4.996003610813204432e-16,-4.440892098500626162e-16,8.326672684688674053e-17,6.684427777288335247e-16,6.736090074350496260e-16
1.525732931988431351e-01,-6.771633024612921936e-01,1.000000000000000056e-01,1.525732931988428576e-01,-6.771633024612917495e-01,1.000000000000000888e-01,-2.775557561562891351e-16,4.440892098500626162e-16,8.326672684688674053e-17,5.236911533344270152e-16,5.302695275805846288e-16
1.517929147829063796e-01,-6.777423439991728804e-01,1.000000000000000056e-01,1.517929147829068792e-01,-6.777423439991737686e-01,9.999999999999997780e-02,4.996003610813204432e-16,-8.881784197001252323e-16,-2.775557561562891351e-17,1.019049275557172255e-15,1.019427191118302624e-15
1.510318390133002231e-01,-6.782386653173562152e-01,1.000000000000000056e-01,1.510318390133011113e-01,-6.782386653173581026e-01,9.999999999999986677e-02,8.881784197001252323e-16,-1.887379141862766119e-15,-1.387778780781445676e-16,2.085919684541963139e-15,2.090531087978247587e-15
1.502817933273115358e-01,-6.786522664158424201e-01,1.000000000000000056e-01,1.502817933273111473e-01,-6.786522664158416429e-01,9.999999999999997780e-02,-3.885780586188047891e-16,7.771561172376095783e-16,-2.775557561562891351e-17,8.688869536365455912e-16,8.693301502752284818e-16
1.495345051622271881e-01,-6.789831472946313840e-01,1.000000000000000056e-01,1.495345051622261334e-01,-6.789831472946292745e-01,1.000000000000001443e-01,-1.054711873393898713e-15,2.109423746787797427e-15,1.387778780781445676e-16,2.358407445584909265e-15,2.362487032521916133e-15
1.487817019553341336e-01,-6.792313079537231069e-01,1.000000000000000056e-01,1.487817019553340225e-01,-6.792313079537227738e-01,9.999999999999986677e-02,-1.110223024625156540e-16,3.330669073875469621e-16,-1.387778780781445676e-16,3.510833468576701225e-16,3.775166431889532810e-16
1.480288987484410790e-01,-6.793636603052386480e-01,1.000000000000000056e-01,1.480288987484404684e-01,-6.793636603052373157e-01,9.999999999999964473e-02,-6.106226635438360972e-16,1.332267629550187849e-15,-3.608224830031758756e-16,1.465536445804281356e-15,1.509301142324229053e-15
1.472816105833567590e-01,-6.793802043491781184e-01,1.000000000000000056e-01,1.472816105833578137e-01,-6.793802043491802278e-01,9.999999999999986677e-02,1.054711873393898713e-15,-2.109423746787797427e-15,-1.387778780781445676e-16,2.358407445584909265e-15,2.362487032521916133e-15
1.465315648973680718e-01,-6.793305722173597072e-01,1.000000000000000056e-01,1.465315648973671003e-01,-6.793305722173577088e-01,9.999999999999964473e-02,-9.714451465470119729e-16,1.998401444325281773e-15,-3.608224830031758756e-16,2.222006751886932984e-15,2.251112362737963026e-15
1.457704891277619152e-01,-6.792643960416018256e-01,1.000000000000000056e-01,1.457704891277624704e-01,-6.792643960416021587e-01,9.999999999999986677e-02,5.551115123125782702e-16,-3.330669073875469621e-16,-1.387778780781445676e-16,6.473657049138937517e-16,6.620737537031164608e-16
1.449901107118251320e-01,-6.792313079537231069e-01,1.000000000000000056e-01,1.449901107118251598e-01,-6.792313079537227738e-01,9.999999999999986677e-02,2.775557561562891351e-17,3.330669073875469621e-16,-1.387778780781445676e-16,3.342213888644167624e-16,3.618884306223840249e-16
1.441738845241315736e-01,-6.792313079537231069e-01,1.000000000000000056e-01,1.441738845241310740e-01,-6.792313079537219966e-01,9.999999999999953371e-02,-4.996003610813204432e-16,1.110223024625156540e-15,-4.718447854656915297e-16,1.217454592664718943e-15,1.305692608071126861e-15
1.433273256064899193e-01,-6.792313079537231069e-01,1.000000000000000056e-01,1.433273256064906132e-01,-6.792313079537244391e-01,9.999999999999986677e-02,6.938893903907228378e-16,-1.332267629550187849e-15,-1.387778780781445676e-16,1.502138316815094689e-15,1.508535323513492705e-15
1.424752516470395303e-01,-6.792313079537231069e-01,1.000000000000000056e-01,1.424752516470398911e-01,-6.792313079537235510e-01,9.999999999999997780e-02,3.608224830031758756e-16,-4.440892098500626162e-16,-2.775557561562891351e-17,5.721958498152797061e-16,5.728686258851893309e-16
1.416424803339197680e-01,-6.792313079537231069e-01,1.000000000000000056e-01,1.416424803339197958e-01,-6.792313079537231069e-01,1.000000000000000333e-01,2.775557561562891351e-17,0.000000000000000000e+00,2.775557561562891351e-17,2.775557561562891351e-17,3.925231146709437917e-17
1.408538293552698550e-01,-6.792313079537231069e-01,1.000000000000000056e-01,1.408538293552706877e-01,-6.792313079537248832e-01,9.999999999999992228e-02,8.326672684688674053e-16,-1.776356839400250465e-15,-8.326672684688674053e-17,1.961830370053295939e-15,1.963596635937036211e-15
1.401313588783248687e-01,-6.791982198658441661e-01,1.000000000000000056e-01,1.401313588783249242e-01,-6.791982198658443881e-01,9.999999999999981126e-02,5.551115123125782702e-17,-2.220446049250313081e-16,-1.942890293094023946e-16,2.288783399261118726e-16,3.002224531865041098e-16
1.394585237776586051e-01,-6.791320436900862845e-01,1.000000000000000056e-01,1.394585237776578557e-01,-6.791320436900846191e-01,9.999999999999997780e-02,-7.494005416219806648e-16,1.665334536937734811e-15,-2.775557561562891351e-17,1.826181888997078217e-15,1.826392801036702830e-15
1.388022338024184621e-01,-6.790824115582680953e-01,1.000000000000000056e-01,1.388022338024193225e-01,-6.790824115582695386e-01,9.999999999999986677e-02,8.604228440844963188e-16,-1.443289932012703503e-15,-1.387778780781445676e-16,1.680301549862907045e-15,1.686022715717543379e-15
1.381293987017521430e-01,-6.790989556022074547e-01,1.000000000000000056e-01,1.381293987017521985e-01,-6.790989556022073437e-01,9.999999999999981126e-02,5.551115123125782702e-17,1.110223024625156540e-16,-1.942890293094023946e-16,1.241267076623636559e-16,2.305551267378101694e-16
1.374069282248071566e-01,-6.792313079537231069e-01,1.000000000000000056e-01,1.374069282248068513e-01,-6.792313079537226628e-01,9.999999999999981126e-02,-3.053113317719180486e-16,4.440892098500626162e-16,-1.942890293094023946e-16,5.389157964038493299e-16,5.728686258851893309e-16
1.365907020371135705e-01,-6.794794686128147188e-01,1.000000000000000056e-01,1.365907020371142921e-01,-6.794794686128160510e-01,9.999999999999986677e-02,7.216449660063517513e-16,-1.332267629550187849e-15,-1.387778780781445676e-16,1.515159560478560725e-15,1.521501821607012650e-15
1.357027803059063786e-01,-6.798103494916036826e-01,1.000000000000000056e-01,1.357027803059058235e-01,-6.798103494916021283e-01,1.000000000000000333e-01,-5.551115123125782702e-16,1.554312234475219157e-15,2.775557561562891351e-17,1.650465180893346376e-15,1.650698544652857269e-15
1.348093435328903966e-01,-6.802239505900897765e-01,1.000000000000000056e-01,1.348093435328910628e-01,-6.802239505900913308e-01,9.999999999999964473e-02,6.661338147750939243e-16,-1.554312234475219157e-15,-3.608224830031758756e-16,1.691041330490230233e-15,1.729107759992634225e-15
1.339765722197706344e-01,-6.807202719082732223e-01,1.000000000000000056e-01,1.339765722197708842e-01,-6.807202719082732223e-01,9.999999999999986677e-02,2.498001805406602216e-16,0.000000000000000000e+00,-1.387778780781445676e-16,2.498001805406602216e-16,2.857611408887128723e-16
1.332706468682518797e-01,-6.812993134461537981e-01,1.000000000000000056e-01,1.332706468682522127e-01,-6.812993134461545752e-01,9.999999999999986677e-02,3.330669073875469621e-16,-7.771561172376095783e-16,-1.387778780781445676e-16,8.455206652451151166e-16,8.568339948907339216e-16
1.327522329382302690e-01,-6.819941632916105556e-01,1.000000000000000056e-01,1.327522329382298805e-01,-6.819941632916097785e-01,9.999999999999964473e-02,-3.885780586188047891e-16,7.771561172376095783e-16,-3.608224830031758756e-16,8.688869536365455912e-16,9.408280408450705023e-16
1.323772100952359254e-01,-6.828048214446433839e-01,1.000000000000000056e-01,1.323772100952358977e-01,-6.828048214446429398e-01,9.999999999999975575e-02,-2.775557561562891351e-17,4.440892098500626162e-16,-2.498001805406602216e-16,4.449557262054370667e-16,5.102800490722268737e-16
1.320545801494246441e-01,-6.836816557734339828e-01,1.000000000000000056e-01,1.320545801494254212e-01,-6.836816557734357591e-01,9.999999999999964473e-02,7.771561172376095783e-16,-1.776356839400250465e-15,-3.608224830031758756e-16,1.938921156582671270e-15,1.972208943211763504e-15
1.316933449109521370e-01,-6.845750341461642741e-01,1.000000000000000056e-01,1.316933449109513321e-01,-6.845750341461622757e-01,9.999999999999997780e-02,-8.049116928532384918e-16,1.998401444325281773e-15,-2.775557561562891351e-17,2.154412023261390665e-15,2.154590805222883601e-15
1.312025061899742273e-01,-6.854353244310154025e-01,1.000000000000000056e-01,1.312025061899741163e-01,-6.854353244310151805e-01,9.999999999999958922e-02,-1.110223024625156540e-16,2.220446049250313081e-16,-4.163336342344337027e-16,2.482534153247273118e-16,4.847302891456678175e-16
1.305544887774472418e-01,-6.863011293971796878e-01,1.000000000000000056e-01,1.305544887774479079e-01,-6.863011293971807980e-01,9.999999999999992228e-02,6.661338147750939243e-16,-1.110223024625156540e-15,-8.326672684688674053e-17,1.294731409827787503e-15,1.297406170555097963e-15
1.298099581332673169e-01,-6.872055371325360706e-01,1.000000000000000056e-01,1.298099581332671504e-01,-6.872055371325354045e-01,9.999999999999970024e-02,-1.665334536937734811e-16,6.661338147750939243e-16,-3.053113317719180486e-16,6.866350197783355685e-16,7.514536976383425743e-16
1.290102770709999347e-01,-6.880906434832965157e-01,1.000000000000000056e-01,1.290102770710007396e-01,-6.880906434832980700e-01,9.999999999999981126e-02,8.049116928532384918e-16,-1.554312234475219157e-15,-1.942890293094023946e-16,1.750362635436215849e-15,1.761112597888392966e-15
1.281968084042107436e-01,-6.888985442956727656e-01,1.000000000000000056e-01,1.281968084042112432e-01,-6.888985442956739869e-01,9.999999999999953371e-02,4.996003610813204432e-16,-1.221245327087672194e-15,-4.718447854656915297e-16,1.319485001705612909e-15,1.401313016887099978e-15
1.274109149464652257e-01,-6.895713354158768960e-01,1.000000000000000056e-01,1.274109149464654478e-01,-6.895713354158770070e-01,9.999999999999964473e-02,2.220446049250313081e-16,-1.110223024625156540e-16,-3.608224830031758756e-16,2.482534153247273118e-16,4.379755957367586872e-16
1.266581117395721712e-01,-6.900704140747169202e-01,1.000000000000000056e-01,1.266581117395727263e-01,-6.900704140747179194e-01,9.999999999999981126e-02,5.551115123125782702e-16,-9.992007221626408864e-16,-1.942890293094023946e-16,1.143044563554851489e-15,1.159439132159291291e-15
1.259108235744878512e-01,-6.904343830413847138e-01,1.000000000000000056e-01,1.259108235744875182e-01,-6.904343830413839367e-01,9.999999999999992228e-02,-3.330669073875469621e-16,7.771561172376095783e-16,-8.326672684688674053e-17,8.455206652451151166e-16,8.496108186436516548e-16
1.251607778884991640e-01,-6.907211464696684233e-01,1.000000000000000056e-01,1.251607778884997746e-01,-6.907211464696698666e-01,9.999999999999975575e-02,6.106226635438360972e-16,-1.443289932012703503e-15,-2.498001805406602216e-16,1.567145770208567139e-15,1.586929738608722881e-15
1.243997021188930074e-01,-6.909886085133560840e-01,1.000000000000000056e-01,1.243997021188933960e-01,-6.909886085133567502e-01,9.999999999999992228e-02,3.885780586188047891e-16,-6.661338147750939243e-16,-8.326672684688674053e-17,7.711855592701268838e-16,7.756677862503847120e-16
1.236193237029562242e-01,-6.912946733262358423e-01,1.000000000000000056e-01,1.236193237029566683e-01,-6.912946733262373966e-01,9.999999999999981126e-02,4.440892098500626162e-16,-1.554312234475219157e-15,-1.942890293094023946e-16,1.616509124176106050e-15,1.628143106564834879e-15
1.228030975152626936e-01,-6.916669143148733712e-01,1.000000000000000056e-01,1.228030975152626103e-01,-6.916669143148732601e-01,9.999999999999997780e-02,-8.326672684688674053e-17,1.110223024625156540e-16,-2.775557561562891351e-17,1.387778780781445676e-16,1.415262216750918925e-16
1.219565385976210115e-01,-6.920667287100766840e-01,1.000000000000000056e-01,1.219565385976216776e-01,-6.920667287100776832e-01,9.999999999999997780e-02,6.661338147750939243e-16,-9.992007221626408864e-16,-2.775557561562891351e-17,1.200889812746016439e-15,1.201210520406359561e-15
1.211044646381706502e-01,-6.924527564019971049e-01,1.000000000000000056e-01,1.211044646381714690e-01,-6.924527564019988812e-01,9.999999999999997780e-02,8.187894806610529486e-16,-1.776356839400250465e-15,-2.775557561562891351e-17,1.955980530200964078e-15,1.956177447601060412e-15
1.202716933250508602e-01,-6.927836372807860688e-01,1.000000000000000056e-01,1.202716933250513182e-01,-6.927836372807874010e-01,9.999999999999986677e-02,4.579669976578770729e-16,-1.332267629550187849e-15,-1.387778780781445676e-16,1.408783449537595333e-15,1.415602383134091457e-15
1.194830423464010027e-01,-6.930180112365948997e-01,1.000000000000000056e-01,1.194830423464017383e-01,-6.930180112365965650e-01,9.999999999999986677e-02,7.355227538141662080e-16,-1.665334536937734811e-15,-1.387778780781445676e-16,1.820530922916717207e-15,1.825812734302142761e-15
1.187605718694559886e-01,-6.931283048628578136e-01,1.000000000000000056e-01,1.187605718694559748e-01,-6.931283048628578136e-01,9.999999999999975575e-02,-1.387778780781445676e-17,0.000000000000000000e+00,-2.498001805406602216e-16,1.387778780781445676e-17,2.501853776554200669e-16
1.180877367687896695e-01,-6.931420915661407056e-01,1.000000000000000056e-01,1.180877367687891838e-01,-6.931420915661397064e-01,9.999999999999964473e-02,-4.857225732735059864e-16,9.992007221626408864e-16,-3.608224830031758756e-16,1.111003375943466492e-15,1.168127289981000488e-15
1.174314467935495820e-01,-6.931007314562920296e-01,1.000000000000000056e-01,1.174314467935503592e-01,-6.931007314562935839e-01,9.999999999999997780e-02,7.771561172376095783e-16,-1.554312234475219157e-15,-2.775557561562891351e-17,1.737773907273091182e-15,1.737995547973854993e-15
1.167586116928832352e-01,-6.930455846431605726e-01,1.000000000000000056e-01,1.167586116928835960e-01,-6.930455846431614608e-01,9.999999999999953371e-02,3.608224830031758756e-16,-8.881784197001252323e-16,-4.718447854656915297e-16,9.586729210015211629e-16,1.068499541896370332e-15
1.160361412159382488e-01,-6.930180112365948997e-01,1.000000000000000056e-01,1.160361412159385264e-01,-6.930180112365953438e-01,9.999999999999997780e-02,2.775557561562891351e-16,-4.440892098500626162e-16,-2.775557561562891351e-17,5.236911533344270152e-16,5.244261588236205676e-16
1.152530052790971260e-01,-6.930180112365948997e-01,1.000000000000000056e-01,1.152530052790965015e-01,-6.930180112365936784e-01,9.999999999999975575e-02,-6.245004513516505540e-16,1.221245327087672194e-15,-2.498001805406602216e-16,1.371656284450259367e-15,1.394217017852686051e-15
1.144312640495948052e-01,-6.930180112365948997e-01,1.000000000000000056e-01,1.144312640495951661e-01,-6.930180112365951217e-01,9.999999999999981126e-02,3.608224830031758756e-16,-2.220446049250313081e-16,-1.942890293094023946e-16,4.236704743275018003e-16,4.660953740672397873e-16
1.135874626528575182e-01,-6.930180112365948997e-01,1.000000000000000056e-01,1.135874626528578513e-01,-6.930180112365956768e-01,9.999999999999975575e-02,3.330669073875469621e-16,-7.771561172376095783e-16,-2.498001805406602216e-16,8.455206652451151166e-16,8.816492077661547504e-16
1.127381462143115243e-01,-6.930180112365948997e-01,1.000000000000000056e-01,1.127381462143120516e-01,-6.930180112365962319e-01,9.999999999999981126e-02,5.273559366969493567e-16,-1.332267629550187849e-15,-1.942890293094023946e-16,1.432843787967409095e-15,1.445956274451887819e-15
1.118998598593829996e-01,-6.930180112365948997e-01,1.000000000000000056e-01,1.118998598593835408e-01,-6.930180112365958989e-01,9.999999999999986677e-02,5.412337245047638135e-16,-9.992007221626408864e-16,-1.387778780781445676e-16,1.136369670358920495e-15,1.144812354561005739e-15
1.110615735044544750e-01,-6.930180112365948997e-01,1.000000000000000056e-01,1.110615735044551966e-01,-6.930180112365963430e-01,9.999999999999942268e-02,7.216449660063517513e-16,-1.443289932012703503e-15,-5.828670879282071837e-16,1.613647199610727527e-15,1.715689752548942433e-15
1.102122570659084533e-01,-6.930180112365948997e-01,1.000000000000000056e-01,1.102122570659084255e-01,-6.930180112365947886e-01,9.999999999999964473e-02,-2.775557561562891351e-17,1.110223024625156540e-16,-3.608224830031758756e-16,1.144391699630559363e-16,3.785355833503771567e-16
1.093684556691711385e-01,-6.930180112365948997e-01,1.000000000000000056e-01,1.093684556691709858e-01,-6.930180112365946776e-01,9.999999999999997780e-02,-1.526556658859590243e-16,2.220446049250313081e-16,-2.775557561562891351e-17,2.694578982019246649e-16,2.708836113188719613e-16
1.085467144396688177e-01,-6.930180112365948997e-01,1.000000000000000056e-01,1.085467144396680544e-01,-6.930180112365934564e-01,9.999999999999981126e-02,-7.632783294297951215e-16,1.443289932012703503e-15,-1.942890293094023946e-16,1.632690918706407490e-15,1.644210407136618003e-15
1.077635785028277227e-01,-6.930180112365948997e-01,1.000000000000000056e-01,1.077635785028286247e-01,-6.930180112365966760e-01,9.999999999999992228e-02,9.020562075079396891e-16,-1.776356839400250465e-15,-8.326672684688674053e-17,1.992272326361949720e-15,1.994011627395248675e-15
1.070411080258827363e-01,-6.930180112365948997e-01,1.000000000000000056e-01,1.070411080258829445e-01,-6.930180112365953438e-01,9.999999999999958922e-02,2.081668171172168513e-16,-4.440892098500626162e-16,-4.163336342344337027e-16,4.904575925133239847e-16,6.433368830160579013e-16
1.063682729252164172e-01,-6.930180112365948997e-01,1.000000000000000056e-01,1.063682729252163617e-01,-6.930180112365952327e-01,9.999999999999997780e-02,-5.551115123125782702e-17,-3.330669073875469621e-16,-2.775557561562891351e-17,3.376611507232129738e-16,3.387999773988765192e-16
1.057119829499763020e-01,-6.930180112365948997e-01,1.000000000000000056e-01,1.057119829499756358e-01,-6.930180112365931233e-01,9.999999999999986677e-02,-6.661338147750939243e-16,1.776356839400250465e-15,-1.387778780781445676e-16,1.897149936107018847e-15,1.902219014602350752e-15
1.050391478493099551e-01,-6.930180112365948997e-01,1.000000000000000056e-01,1.050391478493095943e-01,-6.930180112365940115e-01,9.999999999999997780e-02,-3.608224830031758756e-16,8.881784197001252323e-16,-2.775557561562891351e-17,9.586729210015211629e-16,9.590746276694758964e-16
1.043166773723649965e-01,-6.930180112365948997e-01,1.000000000000000056e-01,1.043166773723649549e-01,-6.930180112365948997e-01,9.999999999999970024e-02,-4.163336342344337027e-17,0.000000000000000000e+00,-3.053113317719180486e-16,4.163336342344337027e-17,3.081368953213664324e-16
1.035280263937150835e-01,-6.930180112365948997e-01,1.000000000000000056e-01,1.035280263937155831e-01,-6.930180112365960099e-01,9.999999999999986677e-02,4.996003610813204432e-16,-1.110223024625156540e-15,-1.387778780781445676e-16,1.217454592664718943e-15,1.225338722412822924e-15
1.026952550805953213e-01,-6.930180112365948997e-01,1.000000000000000056e-01,1.026952550805957376e-01,-6.930180112365957878e-01,9.999999999999964473e-02,4.163336342344337027e-16,-8.881784197001252323e-16,-3.608224830031758756e-16,9.809151850266479694e-16,1.045173413580942728e-15
1.018431811211449045e-01,-6.930180112365948997e-01,1.000000000000000056e-01,1.018431811211446547e-01,-6.930180112365942335e-01,9.999999999999986677e-02,-2.498001805406602216e-16,6.661338147750939243e-16,-1.387778780781445676e-16,7.114312260401321169e-16,7.248404575000197974e-16
1.009966222035033057e-01,-6.930180112365948997e-01,1.000000000000000056e-01,1.009966222035026673e-01,-6.930180112365932343e-01,9.999999999999970024e-02,-6.383782391594650107e-16,1.665334536937734811e-15,-3.053113317719180486e-16,1.783498218712303113e-15,1.809442153111919878e-15
1.001803960158097195e-01,-6.930180112365948997e-01,1.000000000000000056e-01,1.001803960158104828e-01,-6.930180112365966760e-01,1.000000000000000333e-01,7.632783294297951215e-16,-1.776356839400250465e-15,2.775557561562891351e-17,1.933400483361164871e-15,1.933599700310005137e-15
9.940001759987296404e-02,-6.929849231487159589e-01,1.000000000000000056e-01,9.940001759987329710e-02,-6.929849231487166250e-01,9.999999999999992228e-02,3.330669073875469621e-16,-6.661338147750939243e-16,-8.326672684688674053e-17,7.447602459741819353e-16,7.494005416219806648e-16
9.863894183026677975e-02,-6.929187469729581883e-01,1.000000000000000056e-01,9.863894183026707119e-02,-6.929187469729586324e-01,1.000000000000000333e-01,2.914335439641035919e-16,-4.440892098500626162e-16,2.775557561562891351e-17,5.311767472816652703e-16,5.319014089382401269e-16
9.788889614427812025e-02,-6.928691148411398881e-01,1.000000000000000056e-01,9.788889614427856434e-02,-6.928691148411407763e-01,9.999999999999986677e-02,4.440892098500626162e-16,-8.881784197001252323e-16,-1.387778780781445676e-16,9.930136612989092471e-16,1.002664166593250188e-15
9.714160797919377255e-02,-6.928856588850792475e-01,1.000000000000000056e-01,9.714160797919299539e-02,-6.928856588850774711e-01,9.999999999999986677e-02,-7.771561172376095783e-16,1.776356839400250465e-15,-1.387778780781445676e-16,1.938921156582671270e-15,1.943881310905518549e-15
9.638880477230071797e-02,-6.930180112365948997e-01,1.000000000000000056e-01,9.638880477230053756e-02,-6.930180112365944556e-01,9.999999999999986677e-02,-1.804112415015879378e-16,4.440892098500626162e-16,-1.387778780781445676e-16,4.793364605007605814e-16,4.990217849044965006e-16
9.556982106370276453e-02,-6.932661718956865116e-01,1.000000000000000056e-01,9.556982106370279229e-02,-6.932661718956868446e-01,9.999999999999975575e-02,2.775557561562891351e-17,-3.330669073875469621e-16,-2.498001805406602216e-16,3.342213888644167624e-16,4.172577943820895449e-16
9.469017189520870237e-02,-6.935970527744754754e-01,1.000000000000000056e-01,9.469017189520834155e-02,-6.935970527744746983e-01,9.999999999999986677e-02,-3.608224830031758756e-16,7.771561172376095783e-16,-1.387778780781445676e-16,8.568339948907339216e-16,8.679998814771155447e-16
9.384085545666265293e-02,-6.940106538729615693e-01,1.000000000000000056e-01,9.384085545666372152e-02,-6.940106538729635677e-01,9.999999999999986677e-02,1.068589661201713170e-15,-1.998401444325281773e-15,-1.387778780781445676e-16,2.266162438288253958e-15,2.270407781908888136e-15
9.311286993790898747e-02,-6.945069751911450151e-01,1.000000000000000056e-01,9.311286993790934829e-02,-6.945069751911457923e-01,9.999999999999975575e-02,3.608224830031758756e-16,-7.771561172376095783e-16,-2.498001805406602216e-16,8.568339948907339216e-16,8.925046918636118567e-16
9.259721352879174416e-02,-6.950860167290255909e-01,1.000000000000000056e-01,9.259721352879209111e-02,-6.950860167290264791e-01,9.999999999999986677e-02,3.469446951953614189e-16,-8.881784197001252323e-16,-1.387778780781445676e-16,9.535363269142995513e-16,9.635822882292338213e-16
9.229388622931100628e-02,-6.958139546623611782e-01,1.000000000000000056e-01,9.229388622931136710e-02,-6.958139546623618443e-01,9.999999999999986677e-02,3.608224830031758756e-16,-6.661338147750939243e-16,-1.387778780781445676e-16,7.575797802392803626e-16,7.701859664206227590e-16
9.214222257957063733e-02,-6.966907889911518881e-01,1.000000000000000056e-01,9.214222257957019324e-02,-6.966907889911511109e-01,1.000000000000000888e-01,-4.440892098500626162e-16,7.771561172376095783e-16,8.326672684688674053e-17,8.950904182623619234e-16,8.989550626504553180e-16
9.214222257957066509e-02,-6.976172554517608981e-01,1.000000000000000056e-01,9.214222257957153939e-02,-6.976172554517631186e-01,9.999999999999970024e-02,8.743006318923107756e-16,-2.220446049250313081e-15,-3.053113317719180486e-16,2.386374290122699602e-15,2.405825692328303116e-15
9.229388622931100628e-02,-6.984940897805516080e-01,1.000000000000000056e-01,9.229388622931086750e-02,-6.984940897805511639e-01,9.999999999999981126e-02,-1.387778780781445676e-16,4.440892098500626162e-16,-1.942890293094023946e-16,4.652682298944613448e-16,5.042050700450314966e-16
9.259721352879174416e-02,-6.992220277138871953e-01,1.000000000000000056e-01,9.259721352879203560e-02,-6.992220277138876394e-01,9.999999999999997780e-02,2.914335439641035919e-16,-4.440892098500626162e-16,-2.775557561562891351e-17,5.311767472816652703e-16,5.319014089382401269e-16
9.311286993790898747e-02,-6.997348930760100005e-01,1.000000000000000056e-01,9.311286993790807154e-02,-6.997348930760083352e-01,9.999999999999986677e-02,-9.159339953157541458e-16,1.665334536937734811e-15,-1.387778780781445676e-16,1.900598380429884283e-15,1.905658286035713035e-15
9.384085545666270844e-02,-7.000988620426777942e-01,1.000000000000000056e-01,9.384085545666247252e-02,-7.000988620426767950e-01,9.999999999999992228e-02,-2.359223927328457648e-16,9.992007221626408864e-16,-8.326672684688674053e-17,1.026674952729993454e-15,1.030046021478131839e-15
9.469017189520870237e-02,-7.004131988775272877e-01,1.000000000000000056e-01,9.469017189520811950e-02,-7.004131988775257334e-01,9.999999999999975575e-02,-5.828670879282071837e-16,1.554312234475219157e-15,-2.498001805406602216e-16,1.660006194093641639e-15,1.678696129329964177e-15
9.556982106370276453e-02,-7.007771678441950813e-01,1.000000000000000056e-01,9.556982106370295882e-02,-7.007771678441954144e-01,9.999999999999981126e-02,1.942890293094023946e-16,-3.330669073875469621e-16,-1.942890293094023946e-16,3.855927796350634419e-16,4.317754261380381277e-16
9.638880477230071797e-02,-7.012900332063178865e-01,1.000000000000000056e-01,9.638880477230105104e-02,-7.012900332063182196e-01,9.999999999999992228e-02,3.330669073875469621e-16,-3.330669073875469621e-16,-8.326672684688674053e-17,4.710277376051324761e-16,4.783309287441108129e-16
9.714160797919382806e-02,-7.019903977330878009e-01,1.000000000000000056e-01,9.714160797919316193e-02,-7.019903977330862466e-01,9.999999999999981126e-02,-6.661338147750939243e-16,1.554312234475219157e-15,-1.942890293094023946e-16,1.691041330490230233e-15,1.702165975554721804e-15
9.788889614427809249e-02,-7.028120852487469428e-01,1.000000000000000056e-01,9.788889614427814800e-02,-7.028120852487467207e-01,9.999999999999975575e-02,5.551115123125782702e-17,2.220446049250313081e-16,-2.498001805406602216e-16,2.288783399261118726e-16,3.387999773988765192e-16
9.863894183026680751e-02,-7.036971915995073878e-01,1.000000000000000056e-01,9.863894183026601648e-02,-7.036971915995056115e-01,9.999999999999992228e-02,-7.910339050454240351e-16,1.776356839400250465e-15,-8.326672684688674053e-17,1.944525201640611519e-15,1.946307171958027298e-15
9.940001759987293628e-02,-7.045878126315808787e-01,1.000000000000000056e-01,9.940001759987289465e-02,-7.045878126315803236e-01,9.999999999999986677e-02,-4.163336342344337027e-17,5.551115123125782702e-16,-1.387778780781445676e-16,5.566705740848049203e-16,5.737084865119031857e-16
1.001803960158097195e-01,-7.054260441911794910e-01,1.000000000000000056e-01,1.001803960158100248e-01,-7.054260441911800461e-01,9.999999999999981126e-02,3.053113317719180486e-16,-5.551115123125782702e-16,-1.942890293094023946e-16,6.335327934766280943e-16,6.626552854390356702e-16
1.010241974125469511e-01,-7.062063715969899569e-01,1.000000000000000056e-01,1.010241974125461878e-01,-7.062063715969884026e-01,9.999999999999992228e-02,-7.632783294297951215e-16,1.554312234475219157e-15,-8.326672684688674053e-17,1.731612061177816833e-15,1.733612897453258268e-15
1.019259067482760905e-01,-7.069673976182045960e-01,1.000000000000000056e-01,1.019259067482756881e-01,-7.069673976182035968e-01,9.999999999999958922e-02,-4.024558464266192459e-16,9.992007221626408864e-16,-4.163336342344337027e-16,1.077206011630695333e-15,1.154862107131479496e-15
1.028193435212919615e-01,-7.077173942767926995e-01,1.000000000000000056e-01,1.028193435212921697e-01,-7.077173942767933656e-01,9.999999999999975575e-02,2.081668171172168513e-16,-6.661338147750939243e-16,-2.498001805406602216e-16,6.979023448416920171e-16,7.412609615605548795e-16
1.036383272298899427e-01,-7.084646335947244467e-01,1.000000000000000056e-01,1.036383272298895541e-01,-7.084646335947235585e-01,9.999999999999975575e-02,-3.885780586188047891e-16,8.881784197001252323e-16,-2.498001805406602216e-16,9.694605782913356349e-16,1.001126337211801332e-15
1.043166773723649965e-01,-7.092173875939692396e-01,1.000000000000000056e-01,1.043166773723641499e-01,-7.092173875939676853e-01,9.999999999999986677e-02,-8.465450562766818621e-16,1.554312234475219157e-15,-1.387778780781445676e-16,1.769894080035819321e-15,1.775326548550916975e-15
1.047826984052036003e-01,-7.100032296810929733e-01,1.000000000000000056e-01,1.047826984052045718e-01,-7.100032296810948607e-01,9.999999999999975575e-02,9.714451465470119729e-16,-1.887379141862766119e-15,-2.498001805406602216e-16,2.122711873497761717e-15,2.137359545815004710e-15
1.050805106628755481e-01,-7.108166451747823800e-01,1.000000000000000056e-01,1.050805106628758673e-01,-7.108166451747831571e-01,9.999999999999975575e-02,3.191891195797325054e-16,-7.771561172376095783e-16,-2.498001805406602216e-16,8.401507749314535223e-16,8.765006872878471187e-16
1.053176574606513594e-01,-7.116162739651888947e-01,1.000000000000000056e-01,1.053176574606513455e-01,-7.116162739651890057e-01,9.999999999999975575e-02,-1.387778780781445676e-17,-1.110223024625156540e-16,-2.498001805406602216e-16,1.118863022827952404e-16,2.737127597257085869e-16
1.056016821138014983e-01,-7.123607559424639524e-01,1.000000000000000056e-01,1.056016821138020811e-01,-7.123607559424655067e-01,9.999999999999958922e-02,5.828670879282071837e-16,-1.554312234475219157e-15,-4.163336342344337027e-16,1.660006194093641639e-15,1.711418785518059089e-15
1.060401279375963735e-01,-7.130087309967589881e-01,1.000000000000000056e-01,1.060401279375959155e-01,-7.130087309967576559e-01,9.999999999999958922e-02,-4.579669976578770729e-16,1.332267629550187849e-15,-4.163336342344337027e-16,1.408783449537595333e-15,1.469014806830039271e-15
1.066605701410796581e-01,-7.134995376336291661e-01,1.000000000000000056e-01,1.066605701410794499e-01,-7.134995376336285000e-01,9.999999999999992228e-02,-2.081668171172168513e-16,6.661338147750939243e-16,-8.326672684688674053e-17,6.979023448416920171e-16,7.028520688845740443e-16
1.073913131807377463e-01,-7.138607492596403814e-01,1.000000000000000056e-01,1.073913131807373578e-01,-7.138607492596396042e-01,9.999999999999992228e-02,-3.885780586188047891e-16,7.771561172376095783e-16,-8.326672684688674053e-17,8.688869536365455912e-16,8.728676222655932912e-16
1.081909942430051008e-01,-7.141833581164596101e-01,1.000000000000000056e-01,1.081909942430052535e-01,-7.141833581164596101e-01,9.999999999999981126e-02,1.526556658859590243e-16,0.000000000000000000e+00,-1.942890293094023946e-16,1.526556658859590243e-16,2.470869871868516430e-16
1.090182505143161285e-01,-7.145583564457537173e-01,1.000000000000000056e-01,1.090182505143168640e-01,-7.145583564457551606e-01,9.999999999999986677e-02,7.355227538141662080e-16,-1.443289932012703503e-15,-1.387778780781445676e-16,1.619901092421265326e-15,1.625834815924262721e-15
1.098317191811053473e-01,-7.150767364891896793e-01,1.000000000000000056e-01,1.098317191811052362e-01,-7.150767364891895683e-01,1.000000000000000333e-01,-1.110223024625156540e-16,1.110223024625156540e-16,2.775557561562891351e-17,1.570092458683775167e-16,1.594436429147036043e-16
1.106700055360338442e-01,-7.157715863346464369e-01,1.000000000000000056e-01,1.106700055360337193e-01,-7.157715863346463259e-01,9.999999999999992228e-02,-1.249000902703301108e-16,1.110223024625156540e-16,-8.326672684688674053e-17,1.671106944322083812e-16,1.867065397713989195e-16
1.115606847881454589e-01,-7.165822444876792652e-01,1.000000000000000056e-01,1.115606847881461527e-01,-7.165822444876808195e-01,9.999999999999992228e-02,6.938893903907228378e-16,-1.554312234475219157e-15,-8.326672684688674053e-17,1.702165975554721804e-15,1.704201383679743368e-15
1.124458489984482834e-01,-7.174590788164699751e-01,1.000000000000000056e-01,1.124458489984481169e-01,-7.174590788164700861e-01,9.999999999999975575e-02,-1.665334536937734811e-16,-1.110223024625156540e-16,-2.498001805406602216e-16,2.001483021243360485e-16,3.200929131383588751e-16
1.132675902279505764e-01,-7.183524571892001553e-01,1.000000000000000056e-01,1.132675902279512842e-01,-7.183524571892018207e-01,9.999999999999970024e-02,7.077671781985372945e-16,-1.665334536937734811e-15,-3.053113317719180486e-16,1.809495371216168678e-15,1.835071799075197583e-15
1.139680005376605965e-01,-7.192127474740512838e-01,1.000000000000000056e-01,1.139680005376611793e-01,-7.192127474740522830e-01,9.999999999999964473e-02,5.828670879282071837e-16,-9.992007221626408864e-16,-3.608224830031758756e-16,1.156778338905190375e-15,1.211746256276795141e-15
1.145801701784307791e-01,-7.200399496710235825e-01,1.000000000000000056e-01,1.145801701784304877e-01,-7.200399496710230274e-01,9.999999999999986677e-02,-2.914335439641035919e-16,5.551115123125782702e-16,-1.387778780781445676e-16,6.269627593800407539e-16,6.421383037113633948e-16
1.151427044429222946e-01,-7.208671518679958812e-01,1.000000000000000056e-01,1.151427044429225721e-01,-7.208671518679964363e-01,9.999999999999986677e-02,2.775557561562891351e-16,-5.551115123125782702e-16,-1.387778780781445676e-16,6.206335383118182794e-16,6.359601310784501265e-16
1.156059679548565033e-01,-7.216943540649681799e-01,1.000000000000000056e-01,1.156059679548568780e-01,-7.216943540649690680e-01,9.999999999999986677e-02,3.747002708109903324e-16,-8.881784197001252323e-16,-1.387778780781445676e-16,9.639819490876586787e-16,9.739201700399852156e-16
1.159203253379547660e-01,-7.225215562619404785e-01,1.000000000000000056e-01,1.159203253379544052e-01,-7.225215562619397014e-01,9.999999999999970024e-02,-3.608224830031758756e-16,7.771561172376095783e-16,-3.053113317719180486e-16,8.568339948907339216e-16,9.096040369901381856e-16
1.160361412159382488e-01,-7.233487584589127772e-01,1.000000000000000056e-01,1.160361412159375827e-01,-7.233487584589111119e-01,9.999999999999992228e-02,-6.661338147750939243e-16,1.665334536937734811e-15,-8.326672684688674053e-17,1.793620188084544856e-15,1.795551928211554712e-15
1.159203253379546827e-01,-7.241814753371982327e-01,1.000000000000000056e-01,1.159203253379548354e-01,-7.241814753371986768e-01,9.999999999999981126e-02,1.526556658859590243e-16,-4.440892098500626162e-16,-1.942890293094023946e-16,4.695944831791984772e-16,5.081999660983148282e-16
1.156059679548565033e-01,-7.250197068967968450e-01,1.000000000000000056e-01,1.156059679548560731e-01,-7.250197068967956238e-01,1.000000000000000333e-01,-4.302114220422481594e-16,1.221245327087672194e-15,2.775557561562891351e-17,1.294805783347096788e-15,1.295103234714068580e-15
1.151427044429222946e-01,-7.258551811157388789e-01,1.000000000000000056e-01,1.151427044429227803e-01,-7.258551811157395450e-01,9.999999999999975575e-02,4.857225732735059864e-16,-6.661338147750939243e-16,-2.498001805406602216e-16,8.244153548874836268e-16,8.614295139896252426e-16
1.145801701784307791e-01,-7.266796259720547102e-01,1.000000000000000056e-01,1.145801701784314591e-01,-7.266796259720562645e-01,9.999999999999981126e-02,6.800116025829083810e-16,-1.554312234475219157e-15,-1.942890293094023946e-16,1.696556012009837558e-15,1.707644731434707257e-15
1.139680005376605965e-01,-7.274847694437742707e-01,1.000000000000000056e-01,1.139680005376613875e-01,-7.274847694437761580e-01,9.999999999999981126e-02,7.910339050454240351e-16,-1.887379141862766119e-15,-1.942890293094023946e-16,2.046444395548054977e-15,2.055646587081552290e-15
1.132675902279506042e-01,-7.282650968495848476e-01,1.000000000000000056e-01,1.132675902279512842e-01,-7.282650968495860688e-01,9.999999999999975575e-02,6.800116025829083810e-16,-1.221245327087672194e-15,-2.498001805406602216e-16,1.397803966434796810e-15,1.419949315566931509e-15
1.124458489984482834e-01,-7.290261228707994867e-01,1.000000000000000056e-01,1.124458489984481030e-01,-7.290261228707991537e-01,9.999999999999986677e-02,-1.804112415015879378e-16,3.330669073875469621e-16,-1.387778780781445676e-16,3.787898901196401813e-16,4.034117999026818816e-16
1.115606847881454589e-01,-7.297761195293875902e-01,1.000000000000000056e-01,1.115606847881463887e-01,-7.297761195293893666e-01,9.999999999999986677e-02,9.298117831235686026e-16,-1.776356839400250465e-15,-1.387778780781445676e-16,2.004992162807495093e-15,2.009789260684649619e-15
1.106700055360338997e-01,-7.305233588473192263e-01,1.000000000000000056e-01,1.106700055360333446e-01,-7.305233588473174500e-01,9.999999999999986677e-02,-5.551115123125782702e-16,1.776356839400250465e-15,-1.387778780781445676e-16,1.861072919577845379e-15,1.866239992988543265e-15
1.098317191811053473e-01,-7.312761128465641303e-01,1.000000000000000056e-01,1.098317191811049448e-01,-7.312761128465632421e-01,9.999999999999964473e-02,-4.024558464266192459e-16,8.881784197001252323e-16,-3.608224830031758756e-16,9.751059499069721204e-16,1.039723269810075687e-15
1.089906753052724553e-01,-7.320288668458089232e-01,1.000000000000000056e-01,1.089906753052733990e-01,-7.320288668458110326e-01,9.999999999999992228e-02,9.436895709313830594e-16,-2.109423746787797427e-15,-8.326672684688674053e-17,2.310891289047783880e-15,2.312390948260419234e-15
1.081082686158739981e-01,-7.327761061637405593e-01,1.000000000000000056e-01,1.081082686158746503e-01,-7.327761061637417805e-01,9.999999999999958922e-02,6.522560269672794675e-16,-1.221245327087672194e-15,-4.163336342344337027e-16,1.384513659610700911e-15,1.445756469341730771e-15
1.072672247400411061e-01,-7.335261028223287738e-01,1.000000000000000056e-01,1.072672247400408702e-01,-7.335261028223287738e-01,9.999999999999992228e-02,-2.359223927328457648e-16,0.000000000000000000e+00,-8.326672684688674053e-17,2.359223927328457648e-16,2.501853776554200669e-16
1.065502693049048266e-01,-7.342871288435431909e-01,1.000000000000000056e-01,1.065502693049045629e-01,-7.342871288435426358e-01,9.999999999999970024e-02,-2.636779683484746784e-16,5.551115123125782702e-16,-3.053113317719180486e-16,6.145525706514756784e-16,6.862141585559708868e-16
1.060401279375963735e-01,-7.350674562493537678e-01,1.000000000000000056e-01,1.060401279375956796e-01,-7.350674562493517694e-01,9.999999999999997780e-02,-6.938893903907228378e-16,1.998401444325281773e-15,-2.775557561562891351e-17,2.115441045923563761e-15,2.115623121152710456e-15
1.057368006381156356e-01,-7.359056878089523801e-01,1.000000000000000056e-01,1.057368006381162739e-01,-7.359056878089539344e-01,9.999999999999970024e-02,6.383782391594650107e-16,-1.554312234475219157e-15,-3.053113317719180486e-16,1.680301549862907045e-15,1.707813897290928515e-15
1.055851369883752666e-01,-7.367963088410258710e-01,1.000000000000000056e-01,1.055851369883745727e-01,-7.367963088410240946e-01,9.999999999999975575e-02,-6.938893903907228378e-16,1.776356839400250465e-15,-2.498001805406602216e-16,1.907072653828599103e-15,1.923363261887624598e-15
1.055851369883752944e-01,-7.376814151917863160e-01,1.000000000000000056e-01,1.055851369883757662e-01,-7.376814151917874263e-01,9.999999999999981126e-02,4.718447854656915297e-16,-1.110223024625156540e-15,-1.942890293094023946e-16,1.206330247477445654e-15,1.221875972793059442e-15
1.057368006381156356e-01,-7.385031027074454579e-01,1.000000000000000056e-01,1.057368006381159409e-01,-7.385031027074456800e-01,9.999999999999981126e-02,3.053113317719180486e-16,-2.220446049250313081e-16,-1.942890293094023946e-16,3.775166431889532810e-16,4.245786650252757269e-16
1.060401279375963735e-01,-7.392034672342153723e-01,1.000000000000000056e-01,1.060401279375966094e-01,-7.392034672342160384e-01,1.000000000000001443e-01,2.359223927328457648e-16,-6.661338147750939243e-16,1.387778780781445676e-16,7.066778860128639382e-16,7.201756272073379271e-16
1.065502693049048544e-01,-7.397825087720959480e-01,1.000000000000000056e-01,1.065502693049051458e-01,-7.397825087720967252e-01,9.999999999999975575e-02,2.914335439641035919e-16,-7.771561172376095783e-16,-2.498001805406602216e-16,8.300030970468208195e-16,8.667786749254164529e-16
1.072672247400410783e-01,-7.402788300902793939e-01,1.000000000000000056e-01,1.072672247400407453e-01,-7.402788300902787277e-01,9.999999999999986677e-02,-3.330669073875469621e-16,6.661338147750939243e-16,-1.387778780781445676e-16,7.447602459741819353e-16,7.575797802392803626e-16
1.081082686158739425e-01,-7.406924311887654877e-01,1.000000000000000056e-01,1.081082686158741646e-01,-7.406924311887663759e-01,9.999999999999970024e-02,2.220446049250313081e-16,-8.881784197001252323e-16,-3.053113317719180486e-16,9.155133597044474904e-16,9.650801630464006265e-16
1.089906753052724553e-01,-7.410233120675544516e-01,1.000000000000000056e-01,1.089906753052719834e-01,-7.410233120675533414e-01,9.999999999999970024e-02,-4.718447854656915297e-16,1.110223024625156540e-15,-3.053113317719180486e-16,1.206330247477445654e-15,1.244366375022781520e-15
1.098317191811053473e-01,-7.412714727266460635e-01,1.000000000000000056e-01,1.098317191811050281e-01,-7.412714727266448422e-01,9.999999999999975575e-02,-3.191891195797325054e-16,1.221245327087672194e-15,-2.498001805406602216e-16,1.262268530460757451e-15,1.286748605279876124e-15
1.106424303269901155e-01,-7.414038250781617156e-01,1.000000000000000056e-01,1.106424303269907539e-01,-7.414038250781632700e-01,9.999999999999964473e-02,6.383782391594650107e-16,-1.554312234475219157e-15,-3.608224830031758756e-16,1.680301549862907045e-15,1.718605877655567993e-15
1.114779591610143838e-01,-7.414203691221010750e-01,1.000000000000000056e-01,1.114779591610145504e-01,-7.414203691221009640e-01,9.999999999999992228e-02,1.665334536937734811e-16,1.110223024625156540e-16,-8.326672684688674053e-17,2.001483021243360485e-16,2.167779754565683497e-16
1.123217605577516154e-01,-7.413707369902827748e-01,1.000000000000000056e-01,1.123217605577512684e-01,-7.413707369902818867e-01,9.999999999999958922e-02,-3.469446951953614189e-16,8.881784197001252323e-16,-4.163336342344337027e-16,9.535363269142995513e-16,1.040463945430145764e-15
1.131572893917758282e-01,-7.413045608145250043e-01,1.000000000000000056e-01,1.131572893917763001e-01,-7.413045608145258925e-01,9.999999999999975575e-02,4.718447854656915297e-16,-8.881784197001252323e-16,-2.498001805406602216e-16,1.005732771064051649e-15,1.036290758904238660e-15
1.139680005376605965e-01,-7.412714727266460635e-01,1.000000000000000056e-01,1.139680005376610822e-01,-7.412714727266476178e-01,9.999999999999975575e-02,4.857225732735059864e-16,-1.554312234475219157e-15,-2.498001805406602216e-16,1.628438804630614608e-15,1.647486895433445187e-15
1.147483789535973797e-01,-7.412714727266460635e-01,1.000000000000000056e-01,1.147483789535982401e-01,-7.412714727266478398e-01,9.999999999999986677e-02,8.604228440844963188e-16,-1.776356839400250465e-15,-1.387778780781445676e-16,1.973770779879594169e-15,1.978643573499374245e-15
1.155094547232035918e-01,-7.412714727266460635e-01,1.000000000000000056e-01,1.155094547232036334e-01,-7.412714727266458414e-01,9.999999999999986677e-02,4.163336342344337027e-17,2.220446049250313081e-16,-1.387778780781445676e-16,2.259140179941513686e-16,2.651347637902923144e-16
1.162595004091921957e-01,-7.412714727266460635e-01,1.000000000000000056e-01,1.162595004091925704e-01,-7.412714727266463965e-01,9.999999999999970024e-02,3.747002708109903324e-16,-3.330669073875469621e-16,-3.053113317719180486e-16,5.013320832966250942e-16,5.869828507297947520e-16
1.170067885742765712e-01,-7.412714727266460635e-01,1.000000000000000056e-01,1.170067885742772790e-01,-7.412714727266475068e-01,9.999999999999986677e-02,7.077671781985372945e-16,-1.443289932012703503e-15,-1.387778780781445676e-16,1.607488788882944003e-15,1.613468160773006085e-15
1.177595917811695980e-01,-7.412714727266460635e-01,1.000000000000000056e-01,1.177595917811698201e-01,-7.412714727266458414e-01,9.999999999999997780e-02,2.220446049250313081e-16,2.220446049250313081e-16,-2.775557561562891351e-17,3.140184917367550333e-16,3.152427400121712072e-16
1.185123949880626804e-01,-7.412714727266460635e-01,1.000000000000000056e-01,1.185123949880630412e-01,-7.412714727266463965e-01,9.999999999999986677e-02,3.608224830031758756e-16,-3.330669073875469621e-16,-1.387778780781445676e-16,4.910462595695866874e-16,5.102800490722268737e-16
1.192596831531469725e-01,-7.412714727266460635e-01,1.000000000000000056e-01,1.192596831531475693e-01,-7.412714727266475068e-01,9.999999999999964473e-02,5.967448757360216405e-16,-1.443289932012703503e-15,-3.608224830031758756e-16,1.561790726879383946e-15,1.602929548921914168e-15
1.200097288391357153e-01,-7.412714727266460635e-01,1.000000000000000056e-01,1.200097288391346190e-01,-7.412714727266440651e-01,9.999999999999981126e-02,-1.096345236817342084e-15,1.998401444325281773e-15,-1.942890293094023946e-16,2.279381760691579813e-15,2.287647140160264321e-15
1.207708046087418718e-01,-7.412714727266460635e-01,1.000000000000000056e-01,1.207708046087419274e-01,-7.412714727266461745e-01,9.999999999999981126e-02,5.551115123125782702e-17,-1.110223024625156540e-16,-1.942890293094023946e-16,1.241267076623636559e-16,2.305551267378101694e-16
1.215511830246786273e-01,-7.412714727266460635e-01,1.000000000000000056e-01,1.215511830246784608e-01,-7.412714727266451753e-01,1.000000000000000333e-01,-1.665334536937734811e-16,8.881784197001252323e-16,2.775557561562891351e-17,9.036560719766054744e-16,9.040822243568019492e-16
1.223674092123721857e-01,-7.413045608145250043e-01,1.000000000000000056e-01,1.223674092123712698e-01,-7.413045608145232279e-01,1.000000000000000333e-01,-9.159339953157541458e-16,1.776356839400250465e-15,2.775557561562891351e-17,1.998594182083778484e-15,1.998786901257080667e-15
1.232139681300138401e-01,-7.413707369902827748e-01,1.000000000000000056e-01,1.232139681300141454e-01,-7.413707369902831079e-01,9.999999999999997780e-02,3.053113317719180486e-16,-3.330669073875469621e-16,-2.775557561562891351e-17,4.518280359883027372e-16,4.526797389797801335e-16
1.240660420894642013e-01,-7.414203691221010750e-01,1.000000000000000056e-01,1.240660420894643540e-01,-7.414203691221011860e-01,9.999999999999964473e-02,1.526556658859590243e-16,-1.110223024625156540e-16,-3.608224830031758756e-16,1.887583215944766405e-16,4.072131729349395794e-16
1.248988134025840191e-01,-7.414038250781617156e-01,1.000000000000000056e-01,1.248988134025841162e-01,-7.414038250781613826e-01,9.999999999999992228e-02,9.714451465470119729e-17,3.330669073875469621e-16,-8.326672684688674053e-17,3.469446951953614189e-16,3.567968179846847986e-16
1.256874643812338765e-01,-7.412714727266460635e-01,1.000000000000000056e-01,1.256874643812339043e-01,-7.412714727266460635e-01,9.999999999999986677e-02,2.775557561562891351e-17,0.000000000000000000e+00,-1.387778780781445676e-16,2.775557561562891351e-17,1.415262216750918925e-16
1.264099348581788629e-01,-7.410233120675544516e-01,1.000000000000000056e-01,1.264099348581792237e-01,-7.410233120675551177e-01,9.999999999999981126e-02,3.608224830031758756e-16,-6.661338147750939243e-16,-1.942890293094023946e-16,7.575797802392803626e-16,7.820967653285532885e-16
1.270827699588451820e-01,-7.406924311887654877e-01,1.000000000000000056e-01,1.270827699588457926e-01,-7.406924311887668200e-01,9.999999999999986677e-02,6.106226635438360972e-16,-1.332267629550187849e-15,-1.387778780781445676e-16,1.465536445804281356e-15,1.472092515239622382e-15
1.277390599340853250e-01,-7.402788300902793939e-01,1.000000000000000056e-01,1.277390599340858801e-01,-7.402788300902802821e-01,9.999999999999986677e-02,5.551115123125782702e-16,-8.881784197001252323e-16,-1.387778780781445676e-16,1.047382306668854030e-15,1.056536320136152145e-15
1.284118950347516441e-01,-7.397825087720959480e-01,1.000000000000000056e-01,1.284118950347523103e-01,-7.397825087720970583e-01,9.999999999999981126e-02,6.661338147750939243e-16,-1.110223024625156540e-15,-1.942890293094023946e-16,1.294731409827787503e-15,1.309227883336067686e-15
1.291343655116966305e-01,-7.392034672342153723e-01,1.000000000000000056e-01,1.291343655116966860e-01,-7.392034672342154833e-01,9.999999999999981126e-02,5.551115123125782702e-17,-1.110223024625156540e-16,-1.942890293094023946e-16,1.241267076623636559e-16,2.305551267378101694e-16
1.299836819502426244e-01,-7.385031027074454579e-01,1.000000000000000056e-01,1.299836819502419583e-01,-7.385031027074440146e-01,9.999999999999997780e-02,-6.661338147750939243e-16,1.443289932012703503e-15,-2.775557561562891351e-17,1.589597460691244790e-15,1.589839758910880943e-15
1.309377841831546874e-01,-7.376814151917863160e-01,1.000000000000000056e-01,1.309377841831555478e-01,-7.376814151917876483e-01,9.999999999999975575e-02,8.604228440844963188e-16,-1.332267629550187849e-15,-2.498001805406602216e-16,1.585958545287275240e-15,1.605510709266019360e-15
1.318808563324493088e-01,-7.367963088410258710e-01,1.000000000000000056e-01,1.318808563324498084e-01,-7.367963088410267591e-01,9.999999999999986677e-02,4.996003610813204432e-16,-8.881784197001252323e-16,-1.387778780781445676e-16,1.019049275557172255e-15,1.028455504850584195e-15
1.326970825201428950e-01,-7.359056878089524911e-01,1.000000000000000056e-01,1.326970825201432003e-01,-7.359056878089529352e-01,9.999999999999981126e-02,3.053113317719180486e-16,-4.440892098500626162e-16,-1.942890293094023946e-16,5.389157964038493299e-16,5.728686258851893309e-16
1.332706468682518797e-01,-7.350674562493537678e-01,1.000000000000000056e-01,1.332706468682519352e-01,-7.350674562493536568e-01,9.999999999999992228e-02,5.551115123125782702e-17,1.110223024625156540e-16,-8.326672684688674053e-17,1.241267076623636559e-16,1.494683490070454129e-16
1.335353688750714196e-01,-7.342871288435433019e-01,1.000000000000000056e-01,1.335353688750711421e-01,-7.342871288435428578e-01,9.999999999999981126e-02,-2.775557561562891351e-16,4.440892098500626162e-16,-1.942890293094023946e-16,5.236911533344270152e-16,5.585701844806364515e-16
1.335684591259238552e-01,-7.335261028223287738e-01,1.000000000000000056e-01,1.335684591259248266e-01,-7.335261028223304391e-01,9.999999999999958922e-02,9.714451465470119729e-16,-1.665334536937734811e-15,-4.163336342344337027e-16,1.927963898175317357e-15,1.972404240428978506e-15
1.334691883733665208e-01,-7.327761061637405593e-01,1.000000000000000056e-01,1.334691883733658269e-01,-7.327761061637385609e-01,9.999999999999992228e-02,-6.938893903907228378e-16,1.998401444325281773e-15,-8.326672684688674053e-17,2.115441045923563761e-15,2.117079159261168488e-15
1.333368273699567785e-01,-7.320288668458088122e-01,1.000000000000000056e-01,1.333368273699570838e-01,-7.320288668458101444e-01,9.999999999999958922e-02,3.053113317719180486e-16,-1.332267629550187849e-15,-4.163336342344337027e-16,1.366803587226642724e-15,1.428805704443564362e-15
1.332706468682518797e-01,-7.312761128465641303e-01,1.000000000000000056e-01,1.332706468682524903e-01,-7.312761128465656846e-01,9.999999999999970024e-02,6.106226635438360972e-16,-1.554312234475219157e-15,-3.053113317719180486e-16,1.669954059090464190e-15,1.697634109218196626e-15
1.332706468682518797e-01,-7.305233588473192263e-01,1.000000000000000056e-01,1.332706468682518242e-01,-7.305233588473185602e-01,9.999999999999953371e-02,-5.551115123125782702e-17,6.661338147750939243e-16,-4.718447854656915297e-16,6.684427777288335247e-16,8.182012274917480602e-16
1.332706468682518797e-01,-7.297761195293877012e-01,1.000000000000000056e-01,1.332706468682520462e-01,-7.297761195293880343e-01,9.999999999999970024e-02,1.665334536937734811e-16,-3.330669073875469621e-16,-3.053113317719180486e-16,3.723801229870909677e-16,4.815412394636862130e-16
1.332706468682518797e-01,-7.290261228707993757e-01,1.000000000000000056e-01,1.332706468682511858e-01,-7.290261228707980434e-01,9.999999999999975575e-02,-6.938893903907228378e-16,1.332267629550187849e-15,-2.498001805406602216e-16,1.502138316815094689e-15,1.522767104005806904e-15
1.332706468682518797e-01,-7.282650968495849586e-01,1.000000000000000056e-01,1.332706468682520184e-01,-7.282650968495852917e-01,9.999999999999970024e-02,1.387778780781445676e-16,-3.330669073875469621e-16,-3.053113317719180486e-16,3.608224830031758756e-16,4.726604209672303393e-16
1.332706468682518797e-01,-7.274847694437742707e-01,1.000000000000000056e-01,1.332706468682516299e-01,-7.274847694437733825e-01,9.999999999999997780e-02,-2.498001805406602216e-16,8.881784197001252323e-16,-2.775557561562891351e-17,9.226380847435023595e-16,9.230554736292467749e-16
1.332706468682518797e-01,-7.266796259720547102e-01,1.000000000000000056e-01,1.332706468682529621e-01,-7.266796259720568196e-01,9.999999999999997780e-02,1.082467449009527627e-15,-2.109423746787797427e-15,-2.775557561562891351e-17,2.370950088398628518e-15,2.371112543439306859e-15
1.332706468682518797e-01,-7.258551811157388789e-01,1.000000000000000056e-01,1.332706468682510470e-01,-7.258551811157372136e-01,1.000000000000000333e-01,-8.326672684688674053e-16,1.665334536937734811e-15,2.775557561562891351e-17,1.861900614935454641e-15,1.862107481289621781e-15
1.332706468682518797e-01,-7.250197068967968450e-01,1.000000000000000056e-01,1.332706468682514356e-01,-7.250197068967961789e-01,9.999999999999986677e-02,-4.440892098500626162e-16,6.661338147750939243e-16,-1.387778780781445676e-16,8.005932084973441942e-16,8.125323285481904343e-16
1.332706468682518797e-01,-7.241814753371982327e-01,1.000000000000000056e-01,1.332706468682519629e-01,-7.241814753371983437e-01,9.999999999999975575e-02,8.326672684688674053e-17,-1.110223024625156540e-16,-2.498001805406602216e-16,1.387778780781445676e-16,2.857611408887128723e-16
1.332706468682518797e-01,-7.233487584589127772e-01,1.000000000000000056e-01,1.332706468682526846e-01,-7.233487584589145536e-01,9.999999999999975575e-02,8.049116928532384918e-16,-1.776356839400250465e-15,-2.498001805406602216e-16,1.950211899813944241e-15,1.966145107659671268e-15
1.332706468682518797e-01,-7.225215562619404785e-01,1.000000000000000056e-01,1.332706468682516299e-01,-7.225215562619399234e-01,1.000000000000000333e-01,-2.498001805406602216e-16,5.551115123125782702e-16,2.775557561562891351e-17,6.087272963323594715e-16,6.093597404471837044e-16
1.332706468682518797e-01,-7.216943540649681799e-01,1.000000000000000056e-01,1.332706468682522405e-01,-7.216943540649688460e-01,9.999999999999964473e-02,3.608224830031758756e-16,-6.661338147750939243e-16,-3.608224830031758756e-16,7.575797802392803626e-16,8.391185778350837322e-16
1.332706468682518797e-01,-7.208671518679958812e-01,1.000000000000000056e-01,1.332706468682519074e-01,-7.208671518679956591e-01,9.999999999999964473e-02,2.775557561562891351e-17,2.220446049250313081e-16,-3.608224830031758756e-16,2.237726045655904808e-16,4.245786650252757269e-16
1.332706468682518797e-01,-7.200399496710235825e-01,1.000000000000000056e-01,1.332706468682522682e-01,-7.200399496710242486e-01,9.999999999999975575e-02,3.885780586188047891e-16,-6.661338147750939243e-16,-2.498001805406602216e-16,7.711855592701268838e-16,8.106338859342884099e-16
1.332706468682518797e-01,-7.192127474740512838e-01,1.000000000000000056e-01,1.332706468682519352e-01,-7.192127474740516169e-01,9.999999999999986677e-02,5.551115123125782702e-17,-3.330669073875469621e-16,-1.387778780781445676e-16,3.376611507232129738e-16,3.650675994272796584e-16
1.332706468682518797e-01,-7.183855452770789851e-01,1.000000000000000056e-01,1.332706468682519352e-01,-7.183855452770793182e-01,9.999999999999953371e-02,5.551115123125782702e-17,-3.330669073875469621e-16,-4.718447854656915297e-16,3.376611507232129738e-16,5.802176783577770890e-16
1.332706468682518797e-01,-7.175583430801066864e-01,1.000000000000000056e-01,1.332706468682513801e-01,-7.175583430801056872e-01,9.999999999999964473e-02,-4.996003610813204432e-16,9.992007221626408864e-16,-3.608224830031758756e-16,1.117140368961272903e-15,1.173965701459589504e-15
1.332706468682518797e-01,-7.167311408831342767e-01,1.000000000000000056e-01,1.332706468682511580e-01,-7.167311408831325004e-01,9.999999999999981126e-02,-7.216449660063517513e-16,1.776356839400250465e-15,-1.942890293094023946e-16,1.917345842003042326e-15,1.927164576458467643e-15
1.332706468682518797e-01,-7.159039386861619780e-01,1.000000000000000056e-01,1.332706468682521572e-01,-7.159039386861624221e-01,9.999999999999981126e-02,2.775557561562891351e-16,-4.440892098500626162e-16,-1.942890293094023946e-16,5.236911533344270152e-16,5.585701844806364515e-16
1.332706468682518797e-01,-7.150767364891896793e-01,1.000000000000000056e-01,1.332706468682511303e-01,-7.150767364891876809e-01,9.999999999999970024e-02,-7.494005416219806648e-16,1.998401444325281773e-15,-3.053113317719180486e-16,2.134293678120396449e-15,2.156020527215135800e-15
1.332706468682518797e-01,-7.142385049295911781e-01,1.000000000000000056e-01,1.332706468682512968e-01,-7.142385049295897348e-01,9.999999999999992228e-02,-5.828670879282071837e-16,1.443289932012703503e-15,-8.326672684688674053e-17,1.556540995296668364e-15,1.558766569387134664e-15
1.332706468682518797e-01,-7.133892440073662522e-01,1.000000000000000056e-01,1.332706468682523793e-01,-7.133892440073679175e-01,9.999999999999975575e-02,4.996003610813204432e-16,-1.665334536937734811e-15,-2.498001805406602216e-16,1.738660300550456964e-15,1.756513527106566840e-15
1.332706468682518797e-01,-7.125454977664544831e-01,1.000000000000000056e-01,1.332706468682513523e-01,-7.125454977664529288e-01,9.999999999999981126e-02,-5.273559366969493567e-16,1.554312234475219157e-15,-1.942890293094023946e-16,1.641338114529990862e-15,1.652797335767109488e-15
1.332706468682518797e-01,-7.117238102507952302e-01,1.000000000000000056e-01,1.332706468682517409e-01,-7.117238102507947861e-01,9.999999999999986677e-02,-1.387778780781445676e-16,4.440892098500626162e-16,-1.387778780781445676e-16,4.652682298944613448e-16,4.855242786854202644e-16
1.332706468682518797e-01,-7.109407255043281859e-01,1.000000000000000056e-01,1.332706468682523793e-01,-7.109407255043292961e-01,9.999999999999986677e-02,4.996003610813204432e-16,-1.110223024625156540e-15,-1.387778780781445676e-16,1.217454592664718943e-15,1.225338722412822924e-15
1.332044663665469808e-01,-7.102183022523056444e-01,1.000000000000000056e-01,1.332044663665474526e-01,-7.102183022523069766e-01,9.999999999999997780e-02,4.718447854656915297e-16,-1.332267629550187849e-15,-2.775557561562891351e-17,1.413355772025727876e-15,1.413628278684391593e-15
1.330721053631372386e-01,-7.095455111321015140e-01,1.000000000000000056e-01,1.330721053631380435e-01,-7.095455111321031794e-01,9.999999999999986677e-02,8.049116928532384918e-16,-1.665334536937734811e-15,-1.387778780781445676e-16,1.849654549695560393e-15,1.854853431582495138e-15
1.329728346105798764e-01,-7.088892640558368541e-01,1.000000000000000056e-01,1.329728346105792380e-01,-7.088892640558355218e-01,9.999999999999992228e-02,-6.383782391594650107e-16,1.332267629550187849e-15,-8.326672684688674053e-17,1.477316422767856306e-15,1.479661164178951454e-15
1.330059248614323675e-01,-7.082164729356327237e-01,1.000000000000000056e-01,1.330059248614329226e-01,-7.082164729356339450e-01,9.999999999999986677e-02,5.551115123125782702e-16,-1.221245327087672194e-15,-1.387778780781445676e-16,1.341487584748898546e-15,1.348646817917613808e-15
1.332706468682518797e-01,-7.074940496836101822e-01,1.000000000000000056e-01,1.332706468682528234e-01,-7.074940496836122916e-01,9.999999999999970024e-02,9.436895709313830594e-16,-2.109423746787797427e-15,-3.053113317719180486e-16,2.310891289047783880e-15,2.330972663740454589e-15
1.338442112163608921e-01,-7.066778768492641971e-01,1.000000000000000056e-01,1.338442112163616138e-01,-7.066778768492651963e-01,9.999999999999981126e-02,7.216449660063517513e-16,-9.992007221626408864e-16,-1.942890293094023946e-16,1.232547581285465729e-15,1.247766711786558891e-15
1.346604374040544505e-01,-7.057900131578472847e-01,1.000000000000000056e-01,1.346604374040537011e-01,-7.057900131578457303e-01,9.999999999999970024e-02,-7.494005416219806648e-16,1.554312234475219157e-15,-3.053113317719180486e-16,1.725539826843375515e-15,1.752342062307188014e-15
1.356035095533490442e-01,-7.048966347851172154e-01,1.000000000000000056e-01,1.356035095533494328e-01,-7.048966347851183256e-01,9.999999999999986677e-02,3.885780586188047891e-16,-1.110223024625156540e-15,-1.387778780781445676e-16,1.176260205927153813e-15,1.184418579511340985e-15
1.365576117862611072e-01,-7.040639179068317599e-01,1.000000000000000056e-01,1.365576117862608019e-01,-7.040639179068314268e-01,9.999999999999981126e-02,-3.053113317719180486e-16,3.330669073875469621e-16,-1.942890293094023946e-16,4.518280359883027372e-16,4.918300529807392679e-16
1.374069282248071566e-01,-7.033580386987486888e-01,1.000000000000000056e-01,1.374069282248072676e-01,-7.033580386987486888e-01,9.999999999999981126e-02,1.110223024625156540e-16,0.000000000000000000e+00,-1.942890293094023946e-16,1.110223024625156540e-16,2.237726045655904808e-16
1.381293987017521430e-01,-7.028451733366258836e-01,1.000000000000000056e-01,1.381293987017520042e-01,-7.028451733366256615e-01,9.999999999999964473e-02,-1.387778780781445676e-16,2.220446049250313081e-16,-3.608224830031758756e-16,2.618455766672135076e-16,4.458205583648680605e-16
1.388022338024184621e-01,-7.024812043699579789e-01,1.000000000000000056e-01,1.388022338024178792e-01,-7.024812043699564246e-01,9.999999999999981126e-02,-5.828670879282071837e-16,1.554312234475219157e-15,-1.942890293094023946e-16,1.660006194093641639e-15,1.671337425937457774e-15
1.394585237776586051e-01,-7.021668675351085964e-01,1.000000000000000056e-01,1.394585237776582165e-01,-7.021668675351074862e-01,9.999999999999992228e-02,-3.885780586188047891e-16,1.110223024625156540e-15,-8.326672684688674053e-17,1.176260205927153813e-15,1.179203722792454632e-15
1.401313588783248687e-01,-7.018028985684408028e-01,1.000000000000000056e-01,1.401313588783255903e-01,-7.018028985684418020e-01,9.999999999999997780e-02,7.216449660063517513e-16,-9.992007221626408864e-16,-2.775557561562891351e-17,1.232547581285465729e-15,1.232860053741058923e-15
1.408538293552698550e-01,-7.012900332063178865e-01,1.000000000000000056e-01,1.408538293552705212e-01,-7.012900332063187747e-01,9.999999999999997780e-02,6.661338147750939243e-16,-8.881784197001252323e-16,-2.775557561562891351e-17,1.110223024625156540e-15,1.110569915127177231e-15
1.416424803339197680e-01,-7.005951833608612400e-01,1.000000000000000056e-01,1.416424803339205174e-01,-7.005951833608624613e-01,9.999999999999986677e-02,7.494005416219806648e-16,-1.221245327087672194e-15,-1.387778780781445676e-16,1.432843787967409095e-15,1.439548755742807718e-15
1.424752516470395303e-01,-6.997845252078283007e-01,1.000000000000000056e-01,1.424752516470398633e-01,-6.997845252078291889e-01,9.999999999999986677e-02,3.330669073875469621e-16,-8.881784197001252323e-16,-1.387778780781445676e-16,9.485749680535094235e-16,9.586729210015211629e-16
1.433273256064899193e-01,-6.989076908790377018e-01,1.000000000000000056e-01,1.433273256064902801e-01,-6.989076908790384790e-01,1.000000000000000333e-01,3.608224830031758756e-16,-7.771561172376095783e-16,2.775557561562891351e-17,8.568339948907339216e-16,8.572834226661386170e-16
1.441738845241316014e-01,-6.980143125063075216e-01,1.000000000000000056e-01,1.441738845241316846e-01,-6.980143125063076326e-01,1.000000000000000333e-01,8.326672684688674053e-17,-1.110223024625156540e-16,2.775557561562891351e-17,1.387778780781445676e-16,1.415262216750918925e-16
1.449901107118251320e-01,-6.971540222214563931e-01,1.000000000000000056e-01,1.449901107118253540e-01,-6.971540222214566151e-01,9.999999999999975575e-02,2.220446049250313081e-16,-2.220446049250313081e-16,-2.498001805406602216e-16,3.140184917367550333e-16,4.012577019208141383e-16
1.457704891277619152e-01,-6.962606438487263238e-01,1.000000000000000056e-01,1.457704891277614712e-01,-6.962606438487255467e-01,1.000000000000000333e-01,-4.440892098500626162e-16,7.771561172376095783e-16,2.775557561562891351e-17,8.950904182623619234e-16,8.955206467987463255e-16
1.465315648973680718e-01,-6.953010893002383730e-01,1.000000000000000056e-01,1.465315648973684604e-01,-6.953010893002392612e-01,1.000000000000000888e-01,3.885780586188047891e-16,-8.881784197001252323e-16,8.326672684688674053e-17,9.694605782913356349e-16,9.730298868281308913e-16
1.472816105833567590e-01,-6.943746228396294740e-01,1.000000000000000056e-01,1.472816105833574807e-01,-6.943746228396308062e-01,1.000000000000000888e-01,7.216449660063517513e-16,-1.332267629550187849e-15,8.326672684688674053e-17,1.515159560478560725e-15,1.517445828195978448e-15
1.480288987484410790e-01,-6.935805087305360050e-01,1.000000000000000056e-01,1.480288987484410235e-01,-6.935805087305360050e-01,9.999999999999986677e-02,-5.551115123125782702e-17,0.000000000000000000e+00,-1.387778780781445676e-16,5.551115123125782702e-17,1.494683490070454129e-16
1.487817019553341336e-01,-6.930180112365948997e-01,1.000000000000000056e-01,1.487817019553332731e-01,-6.930180112365930123e-01,9.999999999999997780e-02,-8.604228440844963188e-16,1.887379141862766119e-15,-2.775557561562891351e-17,2.074253479148844224e-15,2.074439169447694412e-15
1.495345051622271881e-01,-6.927202184456848766e-01,1.000000000000000056e-01,1.495345051622265498e-01,-6.927202184456834333e-01,9.999999999999986677e-02,-6.383782391594650107e-16,1.443289932012703503e-15,-1.387778780781445676e-16,1.578167482899572863e-15,1.584257524370784113e-15
1.502817933273115081e-01,-6.926209541820481652e-01,1.000000000000000056e-01,1.502817933273120354e-01,-6.926209541820489424e-01,9.999999999999953371e-02,5.273559366969493567e-16,-7.771561172376095783e-16,-4.718447854656915297e-16,9.391889663583969544e-16,1.051053479181967368e-15
1.510318390133002231e-01,-6.926705863138664654e-01,1.000000000000000056e-01,1.510318390132993349e-01,-6.926705863138646890e-01,9.999999999999992228e-02,-8.881784197001252323e-16,1.776356839400250465e-15,-8.326672684688674053e-17,1.986027322597818494e-15,1.987772088018355741e-15
1.517929147829063796e-01,-6.928194827093214769e-01,1.000000000000000056e-01,1.517929147829055192e-01,-6.928194827093193675e-01,9.999999999999975575e-02,-8.604228440844963188e-16,2.109423746787797427e-15,-2.498001805406602216e-16,2.278156275178400307e-15,2.291810669390660899e-15
1.525732931988431351e-01,-6.930180112365948997e-01,1.000000000000000056e-01,1.525732931988431074e-01,-6.930180112365944556e-01,9.999999999999970024e-02,-2.775557561562891351e-17,4.440892098500626162e-16,-3.053113317719180486e-16,4.449557262054370667e-16,5.396300654998293127e-16
1.533840043447279866e-01,-6.932661718956865116e-01,1.000000000000000056e-01,1.533840043447271539e-01,-6.932661718956848462e-01,9.999999999999986677e-02,-8.326672684688674053e-16,1.665334536937734811e-15,-1.387778780781445676e-16,1.861900614935454641e-15,1.867065397713989392e-15
1.542195331787521440e-01,-6.935970527744754754e-01,1.000000000000000056e-01,1.542195331787511448e-01,-6.935970527744732550e-01,9.999999999999981126e-02,-9.992007221626408864e-16,2.220446049250313081e-15,-1.942890293094023946e-16,2.434909185329437886e-15,2.442648351218745787e-15
1.550633345754894032e-01,-6.940106538729615693e-01,1.000000000000000056e-01,1.550633345754884596e-01,-6.940106538729595709e-01,9.999999999999981126e-02,-9.436895709313830594e-16,1.998401444325281773e-15,-1.942890293094023946e-16,2.210013198821678868e-15,2.218537032793462269e-15
1.558988634095135606e-01,-6.945069751911450151e-01,1.000000000000000056e-01,1.558988634095141990e-01,-6.945069751911463474e-01,9.999999999999975575e-02,6.383782391594650107e-16,-1.332267629550187849e-15,-2.498001805406602216e-16,1.477316422767856306e-15,1.498287002939611163e-15
1.567095745553984121e-01,-6.950860167290255909e-01,1.000000000000000056e-01,1.567095745553975517e-01,-6.950860167290239255e-01,9.999999999999986677e-02,-8.604228440844963188e-16,1.665334536937734811e-15,-1.387778780781445676e-16,1.874477684727154375e-15,1.879607908576665141e-15
1.575506184312313318e-01,-6.957808665744823484e-01,1.000000000000000056e-01,1.575506184312306657e-01,-6.957808665744806831e-01,9.999999999999975575e-02,-6.661338147750939243e-16,1.665334536937734811e-15,-2.498001805406602216e-16,1.793620188084544856e-15,1.810931668866218064e-15
1.584330251206297890e-01,-6.965915247275151767e-01,1.000000000000000056e-01,1.584330251206300111e-01,-6.965915247275155098e-01,9.999999999999964473e-02,2.220446049250313081e-16,-3.330669073875469621e-16,-3.608224830031758756e-16,4.002966042486720971e-16,5.389157964038493299e-16
1.592740689964626810e-01,-6.974683590563057756e-01,1.000000000000000056e-01,1.592740689964636802e-01,-6.974683590563073299e-01,9.999999999999964473e-02,9.992007221626408864e-16,-1.554312234475219157e-15,-3.608224830031758756e-16,1.847779371410367273e-15,1.882679332666683724e-15
1.599910244315989327e-01,-6.983617374290360669e-01,1.000000000000000056e-01,1.599910244315980445e-01,-6.983617374290341795e-01,9.999999999999981126e-02,-8.881784197001252323e-16,1.887379141862766119e-15,-1.942890293094023946e-16,2.085919684541963139e-15,2.094948485588519945e-15
1.605011657989074136e-01,-6.992220277138871953e-01,1.000000000000000056e-01,1.605011657989078577e-01,-6.992220277138879725e-01,9.999999999999964473e-02,4.440892098500626162e-16,-7.771561172376095783e-16,-3.608224830031758756e-16,8.950904182623619234e-16,9.650801630464006265e-16
1.607438276384919873e-01,-7.000492299108593830e-01,1.000000000000000056e-01,1.607438276384928200e-01,-7.000492299108607153e-01,9.999999999999975575e-02,8.326672684688674053e-16,-1.332267629550187849e-15,-2.498001805406602216e-16,1.571073460003281144e-15,1.590808582741753886e-15
1.607741603684400555e-01,-7.008764321078317927e-01,1.000000000000000056e-01,1.607741603684404441e-01,-7.008764321078325699e-01,9.999999999999964473e-02,3.885780586188047891e-16,-7.771561172376095783e-16,-3.608224830031758756e-16,8.688869536365455912e-16,9.408280408450705023e-16
1.606831621785958508e-01,-7.017036343048040914e-01,1.000000000000000056e-01,1.606831621785956288e-01,-7.017036343048035363e-01,9.999999999999992228e-02,-2.220446049250313081e-16,5.551115123125782702e-16,-8.326672684688674053e-17,5.978733960281816517e-16,6.036438896220726881e-16
1.605618312588035224e-01,-7.025308365017763901e-01,1.000000000000000056e-01,1.605618312588038277e-01,-7.025308365017767231e-01,9.999999999999964473e-02,3.053113317719180486e-16,-3.330669073875469621e-16,-3.608224830031758756e-16,4.518280359883027372e-16,5.782226546457896913e-16
1.605011657989074136e-01,-7.033580386987486888e-01,1.000000000000000056e-01,1.605011657989070806e-01,-7.033580386987478006e-01,9.999999999999981126e-02,-3.330669073875469621e-16,8.881784197001252323e-16,-1.942890293094023946e-16,9.485749680535094235e-16,9.682678848994768749e-16
1.605011657989074136e-01,-7.041962702583473011e-01,1.000000000000000056e-01,1.605011657989074692e-01,-7.041962702583473011e-01,9.999999999999992228e-02,5.551115123125782702e-17,0.000000000000000000e+00,-8.326672684688674053e-17,5.551115123125782702e-17,1.000741510621680243e-16
1.605011657989074136e-01,-7.050455311805721159e-01,1.000000000000000056e-01,1.605011657989078855e-01,-7.050455311805728931e-01,9.999999999999975575e-02,4.718447854656915297e-16,-7.771561172376095783e-16,-2.498001805406602216e-16,9.091804728055929093e-16,9.428728770778954687e-16
1.605011657989074136e-01,-7.058892774214839960e-01,1.000000000000000056e-01,1.605011657989082463e-01,-7.058892774214856614e-01,9.999999999999975575e-02,8.326672684688674053e-16,-1.665334536937734811e-15,-2.498001805406602216e-16,1.861900614935454641e-15,1.878582984617706669e-15
1.605011657989074136e-01,-7.067109649371431379e-01,1.000000000000000056e-01,1.605011657989065255e-01,-7.067109649371412505e-01,9.999999999999953371e-02,-8.881784197001252323e-16,1.887379141862766119e-15,-4.718447854656915297e-16,2.085919684541963139e-15,2.138620684443785915e-15
1.605011657989074136e-01,-7.074940496836101822e-01,1.000000000000000056e-01,1.605011657989066920e-01,-7.074940496836089610e-01,9.999999999999970024e-02,-7.216449660063517513e-16,1.221245327087672194e-15,-3.053113317719180486e-16,1.418524446703610415e-15,1.451008826714753753e-15
1.605011657989074136e-01,-7.082164729356327237e-01,1.000000000000000056e-01,1.605011657989067198e-01,-7.082164729356313915e-01,9.999999999999992228e-02,-6.938893903907228378e-16,1.332267629550187849e-15,-8.326672684688674053e-17,1.502138316815094689e-15,1.504444372731633868e-15
1.605011657989074136e-01,-7.088892640558368541e-01,1.000000000000000056e-01,1.605011657989078577e-01,-7.088892640558376312e-01,1.000000000000000333e-01,4.440892098500626162e-16,-7.771561172376095783e-16,2.775557561562891351e-17,8.950904182623619234e-16,8.955206467987463255e-16
1.605011657989074136e-01,-7.095455111321015140e-01,1.000000000000000056e-01,1.605011657989084128e-01,-7.095455111321035124e-01,9.999999999999975575e-02,9.992007221626408864e-16,-1.998401444325281773e-15,-2.498001805406602216e-16,2.234280737922545806e-15,2.248201624865941994e-15
1.605011657989074136e-01,-7.102183022523056444e-01,1.000000000000000056e-01,1.605011657989085516e-01,-7.102183022523076428e-01,9.999999999999997780e-02,1.137978600240785454e-15,-1.998401444325281773e-15,-2.775557561562891351e-17,2.299696420679771037e-15,2.299863908857457596e-15
1.605011657989074136e-01,-7.109407255043281859e-01,1.000000000000000056e-01,1.605011657989078577e-01,-7.109407255043287410e-01,9.999999999999964473e-02,4.440892098500626162e-16,-5.551115123125782702e-16,-3.608224830031758756e-16,7.108895957933346089e-16,7.972182145735180215e-16
1.605011657989074136e-01,-7.117238102507953412e-01,1.000000000000000056e-01,1.605011657989067198e-01,-7.117238102507938979e-01,9.999999999999981126e-02,-6.938893903907228378e-16,1.443289932012703503e-15,-1.942890293094023946e-16,1.601426961789404575e-15,1.613169718552896982e-15
1.605011657989074136e-01,-7.125454977664544831e-01,1.000000000000000056e-01,1.605011657989083296e-01,-7.125454977664560374e-01,9.999999999999975575e-02,9.159339953157541458e-16,-1.554312234475219157e-15,-2.498001805406602216e-16,1.804112415015879378e-15,1.821324171094364862e-15
1.605011657989074136e-01,-7.133892440073662522e-01,1.000000000000000056e-01,1.605011657989073026e-01,-7.133892440073658081e-01,9.999999999999970024e-02,-1.110223024625156540e-16,4.440892098500626162e-16,-3.053113317719180486e-16,4.577566798522237452e-16,5.502328482176191226e-16
1.605011657989074136e-01,-7.142385049295910671e-01,1.000000000000000056e-01,1.605011657989074136e-01,-7.142385049295910671e-01,9.999999999999992228e-02,0.000000000000000000e+00,0.000000000000000000e+00,-8.326672684688674053e-17,0.000000000000000000e+00,8.326672684688674053e-17
1.605011657989074136e-01,-7.150767364891896793e-01,1.000000000000000056e-01,1.605011657989069418e-01,-7.150767364891887912e-01,9.999999999999975575e-02,-4.718447854656915297e-16,8.881784197001252323e-16,-2.498001805406602216e-16,1.005732771064051649e-15,1.036290758904238660e-15
1.605011657989074136e-01,-7.159039386861619780e-01,1.000000000000000056e-01,1.605011657989069418e-01,-7.159039386861608678e-01,9.999999999999975575e-02,-4.718447854656915297e-16,1.110223024625156540e-15,-2.498001805406602216e-16,1.206330247477445654e-15,1.231922398601933836e-15
1.605011657989074136e-01,-7.167311408831342767e-01,1.000000000000000056e-01,1.605011657989068030e-01,-7.167311408831331665e-01,9.999999999999970024e-02,-6.106226635438360972e-16,1.110223024625156540e-15,-3.053113317719180486e-16,1.267065586953256189e-15,1.303330430454818288e-15
1.605011657989074136e-01,-7.175583430801066864e-01,1.000000000000000056e-01,1.605011657989077467e-01,-7.175583430801071305e-01,9.999999999999992228e-02,3.330669073875469621e-16,-4.440892098500626162e-16,-8.326672684688674053e-17,5.551115123125782702e-16,5.613217783960923392e-16
1.605011657989074136e-01,-7.183855452770789851e-01,1.000000000000000056e-01,1.605011657989067198e-01,-7.183855452770776528e-01,9.999999999999981126e-02,-6.938893903907228378e-16,1.332267629550187849e-15,-1.942890293094023946e-16,1.502138316815094689e-15,1.514651032335196190e-15
1.605011657989074136e-01,-7.192127474740512838e-01,1.000000000000000056e-01,1.605011657989067753e-01,-7.192127474740500626e-01,9.999999999999997780e-02,-6.383782391594650107e-16,1.221245327087672194e-15,-2.775557561562891351e-17,1.378030088628624495e-15,1.378309579573315375e-15
1.604735905898636850e-01,-7.200399496710235825e-01,1.000000000000000056e-01,1.604735905898644344e-01,-7.200399496710244707e-01,9.999999999999986677e-02,7.494005416219806648e-16,-8.881784197001252323e-16,-1.387778780781445676e-16,1.162093833132389374e-15,1.170350962937272897e-15
1.604184401717763386e-01,-7.208671518679958812e-01,1.000000000000000056e-01,1.604184401717768382e-01,-7.208671518679966583e-01,9.999999999999975575e-02,4.996003610813204432e-16,-7.771561172376095783e-16,-2.498001805406602216e-16,9.238896857051836365e-16,9.570644082560845338e-16
1.603770773582107456e-01,-7.216943540649681799e-01,1.000000000000000056e-01,1.603770773582116338e-01,-7.216943540649698452e-01,9.999999999999986677e-02,8.881784197001252323e-16,-1.665334536937734811e-15,-1.387778780781445676e-16,1.887379141862766119e-15,1.892474392054619942e-15
1.603908649627325822e-01,-7.225215562619404785e-01,1.000000000000000056e-01,1.603908649627324989e-01,-7.225215562619403675e-01,9.999999999999986677e-02,-8.326672684688674053e-17,1.110223024625156540e-16,-1.387778780781445676e-16,1.387778780781445676e-16,1.962615573354718897e-16
1.605011657989074136e-01,-7.233487584589127772e-01,1.000000000000000056e-01,1.605011657989066087e-01,-7.233487584589116670e-01,9.999999999999986677e-02,-8.049116928532384918e-16,1.110223024625156540e-15,-1.387778780781445676e-16,1.371305216828003182e-15,1.378309579573315375e-15
1.606969497831176874e-01,-7.241814753371982327e-01,1.000000000000000056e-01,1.606969497831166882e-01,-7.241814753371964564e-01,9.999999999999964473e-02,-9.992007221626408864e-16,1.776356839400250465e-15,-3.608224830031758756e-16,2.038098551114344511e-15,2.069791914250069483e-15
1.609506417063197581e-01,-7.250197068967968450e-01,1.000000000000000056e-01,1.609506417063203410e-01,-7.250197068967978442e-01,9.999999999999975575e-02,5.828670879282071837e-16,-9.992007221626408864e-16,-2.498001805406602216e-16,1.156778338905190375e-15,1.183442544257387143e-15
1.612787866939398018e-01,-7.258551811157388789e-01,1.000000000000000056e-01,1.612787866939408565e-01,-7.258551811157407663e-01,9.999999999999992228e-02,1.054711873393898713e-15,-1.887379141862766119e-15,-8.326672684688674053e-17,2.162086298235271484e-15,2.163689097078527421e-15
1.616979298714040503e-01,-7.266796259720547102e-01,1.000000000000000056e-01,1.616979298714045776e-01,-7.266796259720553763e-01,9.999999999999981126e-02,5.273559366969493567e-16,-6.661338147750939243e-16,-1.942890293094023946e-16,8.496108186436516548e-16,8.715427528620302149e-16
1.622246163641387628e-01,-7.274847694437742707e-01,1.000000000000000056e-01,1.622246163641377081e-01,-7.274847694437722723e-01,1.000000000000000333e-01,-1.054711873393898713e-15,1.998401444325281773e-15,2.775557561562891351e-17,2.259651625485539203e-15,2.259822081611115207e-15
1.628974514648050820e-01,-7.282650968495848476e-01,1.000000000000000056e-01,1.628974514648061367e-01,-7.282650968495870680e-01,9.999999999999981126e-02,1.054711873393898713e-15,-2.220446049250313081e-15,-1.942890293094023946e-16,2.458210282605902714e-15,2.465876318962364727e-15
1.637054050897855662e-01,-7.290261228707994867e-01,1.000000000000000056e-01,1.637054050897849555e-01,-7.290261228707982655e-01,9.999999999999981126e-02,-6.106226635438360972e-16,1.221245327087672194e-15,-1.942890293094023946e-16,1.365393784286000215e-15,1.379147712566291487e-15
1.645905693000883907e-01,-7.297761195293875902e-01,1.000000000000000056e-01,1.645905693000889181e-01,-7.297761195293889225e-01,9.999999999999992228e-02,5.273559366969493567e-16,-1.332267629550187849e-15,-8.326672684688674053e-17,1.432843787967409095e-15,1.435261184773206196e-15
1.654950361567218142e-01,-7.305233588473192263e-01,1.000000000000000056e-01,1.654950361567222028e-01,-7.305233588473200035e-01,1.000000000000001443e-01,3.885780586188047891e-16,-7.771561172376095783e-16,1.387778780781445676e-16,8.688869536365455912e-16,8.798999020591312559e-16
1.663608977206940398e-01,-7.312761128465641303e-01,1.000000000000000056e-01,1.663608977206935680e-01,-7.312761128465633531e-01,9.999999999999981126e-02,-4.718447854656915297e-16,7.771561172376095783e-16,-1.942890293094023946e-16,9.091804728055929093e-16,9.297082117745284081e-16
1.671991840756225922e-01,-7.320288668458089232e-01,1.000000000000000056e-01,1.671991840756218706e-01,-7.320288668458073689e-01,9.999999999999992228e-02,-7.216449660063517513e-16,1.554312234475219157e-15,-8.326672684688674053e-17,1.713667989781467843e-15,1.715689752548942433e-15
1.680485005141685861e-01,-7.327761061637405593e-01,1.000000000000000056e-01,1.680485005141692523e-01,-7.327761061637415585e-01,9.999999999999986677e-02,6.661338147750939243e-16,-9.992007221626408864e-16,-1.387778780781445676e-16,1.200889812746016439e-15,1.208881980096086287e-15
1.688923019109058732e-01,-7.335261028223287738e-01,1.000000000000000056e-01,1.688923019109049295e-01,-7.335261028223267754e-01,9.999999999999992228e-02,-9.436895709313830594e-16,1.998401444325281773e-15,-8.326672684688674053e-17,2.210013198821678868e-15,2.211581263884694751e-15
1.697140431404081939e-01,-7.342871288435431909e-01,1.000000000000000056e-01,1.697140431404093874e-01,-7.342871288435448562e-01,1.000000000000001443e-01,1.193489751472043281e-15,-1.665334536937734811e-15,1.387778780781445676e-16,2.048842821396121557e-15,2.053537485956926040e-15
1.704971790772493168e-01,-7.350674562493537678e-01,1.000000000000000056e-01,1.704971790772498164e-01,-7.350674562493547670e-01,9.999999999999975575e-02,4.996003610813204432e-16,-9.992007221626408864e-16,-2.498001805406602216e-16,1.117140368961272903e-15,1.144728235941210346e-15
1.712196495541943031e-01,-7.359056878089523801e-01,1.000000000000000056e-01,1.712196495541934982e-01,-7.359056878089503817e-01,9.999999999999964473e-02,-8.049116928532384918e-16,1.998401444325281773e-15,-3.608224830031758756e-16,2.154412023261390665e-15,2.184418464995618652e-15
1.718924846548605945e-01,-7.367963088410258710e-01,1.000000000000000056e-01,1.718924846548599839e-01,-7.367963088410243166e-01,9.999999999999958922e-02,-6.106226635438360972e-16,1.554312234475219157e-15,-4.163336342344337027e-16,1.669954059090464190e-15,1.721069508900662837e-15
1.725487746301007375e-01,-7.376814151917863160e-01,1.000000000000000056e-01,1.725487746301000991e-01,-7.376814151917850948e-01,9.999999999999992228e-02,-6.383782391594650107e-16,1.221245327087672194e-15,-8.326672684688674053e-17,1.378030088628624495e-15,1.380543470147031753e-15
1.732216097307670566e-01,-7.385031027074454579e-01,1.000000000000000056e-01,1.732216097307673897e-01,-7.385031027074460130e-01,9.999999999999975575e-02,3.330669073875469621e-16,-5.551115123125782702e-16,-2.498001805406602216e-16,6.473657049138937517e-16,6.938893903907228378e-16
1.739440802077120429e-01,-7.392034672342153723e-01,1.000000000000000056e-01,1.739440802077130699e-01,-7.392034672342174817e-01,9.999999999999992228e-02,1.026956297778269800e-15,-2.109423746787797427e-15,-8.326672684688674053e-17,2.346126122155141203e-15,2.347603273310572259e-15
1.747327311863619004e-01,-7.398155968599748888e-01,1.000000000000000056e-01,1.747327311863621224e-01,-7.398155968599749999e-01,1.000000000000000333e-01,2.220446049250313081e-16,-1.110223024625156540e-16,2.775557561562891351e-17,2.482534153247273118e-16,2.498001805406602216e-16
1.755655024994816626e-01,-7.403780943539159942e-01,1.000000000000000056e-01,1.755655024994828006e-01,-7.403780943539181036e-01,9.999999999999953371e-02,1.137978600240785454e-15,-2.109423746787797427e-15,-4.718447854656915297e-16,2.396802836721920948e-15,2.442806038081904698e-15
1.764175764589320794e-01,-7.408413275842204992e-01,1.000000000000000056e-01,1.764175764589319961e-01,-7.408413275842199441e-01,9.999999999999981126e-02,-8.326672684688674053e-17,5.551115123125782702e-16,-1.942890293094023946e-16,5.613217783960923392e-16,5.939952573983579883e-16
1.772641353765737615e-01,-7.411556644190699927e-01,1.000000000000000056e-01,1.772641353765737338e-01,-7.411556644190701038e-01,9.999999999999975575e-02,-2.775557561562891351e-17,-1.110223024625156540e-16,-2.498001805406602216e-16,1.144391699630559363e-16,2.747661802696606357e-16
1.780803615642673199e-01,-7.412714727266460635e-01,1.000000000000000056e-01,1.780803615642676530e-01,-7.412714727266466186e-01,1.000000000000000333e-01,3.330669073875469621e-16,-5.551115123125782702e-16,2.775557561562891351e-17,6.473657049138937517e-16,6.479604369685061501e-16
1.788607399802040754e-01,-7.411556644190699927e-01,1.000000000000000056e-01,1.788607399802046860e-01,-7.411556644190712140e-01,9.999999999999986677e-02,6.106226635438360972e-16,-1.221245327087672194e-15,-1.387778780781445676e-16,1.365393784286000215e-15,1.372428317111941774e-15
1.796218157498102319e-01,-7.408413275842204992e-01,1.000000000000000056e-01,1.796218157498109258e-01,-7.408413275842222756e-01,9.999999999999975575e-02,6.938893903907228378e-16,-1.776356839400250465e-15,-2.498001805406602216e-16,1.907072653828599103e-15,1.923363261887624598e-15
1.803718614357989192e-01,-7.403780943539159942e-01,1.000000000000000056e-01,1.803718614357985306e-01,-7.403780943539155501e-01,9.999999999999992228e-02,-3.885780586188047891e-16,4.440892098500626162e-16,-8.326672684688674053e-17,5.900916318210352995e-16,5.959374814064024584e-16
1.811191496008832114e-01,-7.398155968599748888e-01,1.000000000000000056e-01,1.811191496008832946e-01,-7.398155968599751109e-01,9.999999999999970024e-02,8.326672684688674053e-17,-2.220446049250313081e-16,-3.053113317719180486e-16,2.371437420133773559e-16,3.865904340312231514e-16
1.818719528077762937e-01,-7.392034672342153723e-01,1.000000000000000056e-01,1.818719528077761827e-01,-7.392034672342152613e-01,9.999999999999953371e-02,-1.110223024625156540e-16,1.110223024625156540e-16,-4.718447854656915297e-16,1.570092458683775167e-16,4.972820174300706344e-16
1.826578462655218116e-01,-7.385031027074454579e-01,1.000000000000000056e-01,1.826578462655216728e-01,-7.385031027074456800e-01,9.999999999999942268e-02,-1.387778780781445676e-16,-2.220446049250313081e-16,-5.828670879282071837e-16,2.618455766672135076e-16,6.389813363550565882e-16
1.834713149323110026e-01,-7.376814151917863160e-01,1.000000000000000056e-01,1.834713149323110581e-01,-7.376814151917862050e-01,9.999999999999986677e-02,5.551115123125782702e-17,1.110223024625156540e-16,-1.387778780781445676e-16,1.241267076623636559e-16,1.861900614935454838e-16
1.842709959945783571e-01,-7.367963088410258710e-01,1.000000000000000056e-01,1.842709959945785514e-01,-7.367963088410257599e-01,9.999999999999997780e-02,1.942890293094023946e-16,1.110223024625156540e-16,-2.775557561562891351e-17,2.237726045655904808e-16,2.254873622441466949e-16
1.850155266387583097e-01,-7.359056878089524911e-01,1.000000000000000056e-01,1.850155266387593922e-01,-7.359056878089541565e-01,9.999999999999975575e-02,1.082467449009527627e-15,-1.665334536937734811e-15,-2.498001805406602216e-16,1.986221261109349383e-15,2.001867884821813196e-15
1.856635440512852953e-01,-7.350674562493537678e-01,1.000000000000000056e-01,1.856635440512846569e-01,-7.350674562493527686e-01,9.999999999999981126e-02,-6.383782391594650107e-16,9.992007221626408864e-16,-1.942890293094023946e-16,1.185718710066886829e-15,1.201531142464760216e-15
1.862205632739680761e-01,-7.342871288435433019e-01,1.000000000000000056e-01,1.862205632739692418e-01,-7.342871288435449673e-01,9.999999999999992228e-02,1.165734175856414367e-15,-1.665334536937734811e-15,-8.326672684688674053e-17,2.032799864393259313e-15,2.034504518667149096e-15
1.867141595158503531e-01,-7.335261028223287738e-01,1.000000000000000056e-01,1.867141595158513800e-01,-7.335261028223309943e-01,9.999999999999997780e-02,1.026956297778269800e-15,-2.220446049250313081e-15,-2.775557561562891351e-17,2.446430030713687382e-15,2.446587473840967933e-15
1.871360602142189689e-01,-7.327761061637405593e-01,1.000000000000000056e-01,1.871360602142187191e-01,-7.327761061637400042e-01,1.000000000000000333e-01,-2.498001805406602216e-16,5.551115123125782702e-16,2.775557561562891351e-17,6.087272963323594715e-16,6.093597404471837044e-16
1.874779928063609047e-01,-7.320288668458088122e-01,1.000000000000000056e-01,1.874779928063609880e-01,-7.320288668458087011e-01,9.999999999999964473e-02,8.326672684688674053e-17,1.110223024625156540e-16,-3.608224830031758756e-16,1.387778780781445676e-16,3.865904340312231514e-16
1.877316847295629199e-01,-7.312761128465641303e-01,1.000000000000000056e-01,1.877316847295631697e-01,-7.312761128465646854e-01,9.999999999999986677e-02,2.498001805406602216e-16,-5.551115123125782702e-16,-1.387778780781445676e-16,6.087272963323594715e-16,6.243462346678936669e-16
1.878640457329727176e-01,-7.305233588473192263e-01,1.000000000000000056e-01,1.878640457329724400e-01,-7.305233588473187822e-01,9.999999999999975575e-02,-2.775557561562891351e-16,4.440892098500626162e-16,-2.498001805406602216e-16,5.236911533344270152e-16,5.802176783577770890e-16
1.878805908583989215e-01,-7.297761195293877012e-01,1.000000000000000056e-01,1.878805908583986162e-01,-7.297761195293868131e-01,9.999999999999986677e-02,-3.053113317719180486e-16,8.881784197001252323e-16,-1.387778780781445676e-16,9.391889663583969544e-16,9.493867567926290405e-16
1.878309554821202543e-01,-7.290261228707993757e-01,1.000000000000000056e-01,1.878309554821205873e-01,-7.290261228707999308e-01,9.999999999999958922e-02,3.330669073875469621e-16,-5.551115123125782702e-16,-4.163336342344337027e-16,6.473657049138937517e-16,7.696856831808122815e-16
1.877647749804153832e-01,-7.282650968495849586e-01,1.000000000000000056e-01,1.877647749804143840e-01,-7.282650968495830712e-01,9.999999999999986677e-02,-9.992007221626408864e-16,1.887379141862766119e-15,-1.387778780781445676e-16,2.135556627277528752e-15,2.140061075706216004e-15
1.877316847295629199e-01,-7.274847694437742707e-01,1.000000000000000056e-01,1.877316847295619484e-01,-7.274847694437724943e-01,9.999999999999986677e-02,-9.714451465470119729e-16,1.776356839400250465e-15,-1.387778780781445676e-16,2.024635595269872968e-15,2.029386260197320057e-15
1.877316847295629199e-01,-7.266796259720547102e-01,1.000000000000000056e-01,1.877316847295631419e-01,-7.266796259720550433e-01,9.999999999999970024e-02,2.220446049250313081e-16,-3.330669073875469621e-16,-3.053113317719180486e-16,4.002966042486720971e-16,5.034405433428660793e-16
1.877316847295629199e-01,-7.258551811157388789e-01,1.000000000000000056e-01,1.877316847295635305e-01,-7.258551811157398781e-01,9.999999999999992228e-02,6.106226635438360972e-16,-9.992007221626408864e-16,-8.326672684688674053e-17,1.171009018071044626e-15,1.173965701459589504e-15
1.877316847295629199e-01,-7.250197068967968450e-01,1.000000000000000056e-01,1.877316847295620872e-01,-7.250197068967948466e-01,9.999999999999992228e-02,-8.326672684688674053e-16,1.998401444325281773e-15,-8.326672684688674053e-17,2.164934898019055254e-15,2.166535589474719516e-15
1.877316847295629199e-01,-7.241814753371982327e-01,1.000000000000000056e-01,1.877316847295631697e-01,-7.241814753371982327e-01,9.999999999999997780e-02,2.498001805406602216e-16,0.000000000000000000e+00,-2.775557561562891351e-17,2.498001805406602216e-16,2.513374269302153602e-16
1.877316847295629199e-01,-7.233487584589127772e-01,1.000000000000000056e-01,1.877316847295635582e-01,-7.233487584589135544e-01,9.999999999999997780e-02,6.383782391594650107e-16,-7.771561172376095783e-16,-2.775557561562891351e-17,1.005732771064051649e-15,1.006115688561673910e-15
1.876655042278580487e-01,-7.224553800861827080e-01,1.000000000000000056e-01,1.876655042278589647e-01,-7.224553800861844843e-01,9.999999999999953371e-02,9.159339953157541458e-16,-1.776356839400250465e-15,-4.718447854656915297e-16,1.998594182083778484e-15,2.053537485956926040e-15
1.875331432244483065e-01,-7.214958255376948681e-01,1.000000000000000056e-01,1.875331432244472518e-01,-7.214958255376933138e-01,9.999999999999958922e-02,-1.054711873393898713e-15,1.554312234475219157e-15,-4.163336342344337027e-16,1.878377932716793909e-15,1.923963968766636765e-15
1.874338724718909444e-01,-7.205693590770858581e-01,1.000000000000000056e-01,1.874338724718902505e-01,-7.205693590770846368e-01,9.999999999999981126e-02,-6.938893903907228378e-16,1.221245327087672194e-15,-1.942890293094023946e-16,1.404607644515109477e-15,1.417981262901690919e-15
1.874669627227434077e-01,-7.197752449679923892e-01,1.000000000000000056e-01,1.874669627227437130e-01,-7.197752449679928333e-01,9.999999999999986677e-02,3.053113317719180486e-16,-4.440892098500626162e-16,-1.387778780781445676e-16,5.389157964038493299e-16,5.564975606931871801e-16
1.877316847295629199e-01,-7.192127474740512838e-01,1.000000000000000056e-01,1.877316847295637248e-01,-7.192127474740522830e-01,9.999999999999975575e-02,8.049116928532384918e-16,-9.992007221626408864e-16,-2.498001805406602216e-16,1.283076348648906097e-15,1.307166801391603375e-15
1.883052490776719323e-01,-7.189480427710200905e-01,1.000000000000000056e-01,1.883052490776722376e-01,-7.189480427710206456e-01,9.999999999999953371e-02,3.053113317719180486e-16,-5.551115123125782702e-16,-4.718447854656915297e-16,6.335327934766280943e-16,7.899375304297577386e-16
1.891214752653654907e-01,-7.189149546831412607e-01,1.000000000000000056e-01,1.891214752653658515e-01,-7.189149546831418158e-01,9.999999999999997780e-02,3.608224830031758756e-16,-5.551115123125782702e-16,-2.775557561562891351e-17,6.620737537031164608e-16,6.626552854390356702e-16
1.900645474146601122e-01,-7.190142189467778611e-01,1.000000000000000056e-01,1.900645474146612224e-01,-7.190142189467797484e-01,9.999999999999975575e-02,1.110223024625156540e-15,-1.887379141862766119e-15,-2.498001805406602216e-16,2.189702077805668696e-15,2.203904562304050644e-15
1.910186496475722029e-01,-7.191465712982935132e-01,1.000000000000000056e-01,1.910186496475714535e-01,-7.191465712982915148e-01,9.999999999999975575e-02,-7.494005416219806648e-16,1.998401444325281773e-15,-2.498001805406602216e-16,2.134293678120396449e-15,2.148862404776731395e-15
1.918679660861181968e-01,-7.192127474740512838e-01,1.000000000000000056e-01,1.918679660861182801e-01,-7.192127474740511728e-01,9.999999999999975575e-02,8.326672684688674053e-17,1.110223024625156540e-16,-2.498001805406602216e-16,1.387778780781445676e-16,2.857611408887128723e-16
1.925904365630631832e-01,-7.191465712982935132e-01,1.000000000000000056e-01,1.925904365630634885e-01,-7.191465712982939573e-01,1.000000000000000333e-01,3.053113317719180486e-16,-4.440892098500626162e-16,2.775557561562891351e-17,5.389157964038493299e-16,5.396300654998293127e-16
1.932632716637295023e-01,-7.190142189467778611e-01,1.000000000000000056e-01,1.932632716637299741e-01,-7.190142189467783052e-01,9.999999999999964473e-02,4.718447854656915297e-16,-4.440892098500626162e-16,-3.608224830031758756e-16,6.479604369685061501e-16,7.416505862715909499e-16
1.939195616389696175e-01,-7.189149546831412607e-01,1.000000000000000056e-01,1.939195616389700061e-01,-7.189149546831417048e-01,9.999999999999975575e-02,3.885780586188047891e-16,-4.440892098500626162e-16,-2.498001805406602216e-16,5.900916318210352995e-16,6.407872222066843701e-16
1.945923967396359366e-01,-7.189480427710200905e-01,1.000000000000000056e-01,1.945923967396372689e-01,-7.189480427710221999e-01,9.999999999999992228e-02,1.332267629550187849e-15,-2.109423746787797427e-15,-8.326672684688674053e-17,2.494915946531976025e-15,2.496305055088287965e-15
1.953148672165809230e-01,-7.192127474740512838e-01,1.000000000000000056e-01,1.953148672165808952e-01,-7.192127474740513948e-01,9.999999999999981126e-02,-2.775557561562891351e-17,-1.110223024625156540e-16,-1.942890293094023946e-16,1.144391699630559363e-16,2.254873622441466949e-16
1.961310934042745091e-01,-7.197752449679923892e-01,1.000000000000000056e-01,1.961310934042745646e-01,-7.197752449679925002e-01,9.999999999999970024e-02,5.551115123125782702e-17,-1.110223024625156540e-16,-3.053113317719180486e-16,1.241267076623636559e-16,3.295791996826257460e-16
1.970190151354817010e-01,-7.205693590770858581e-01,1.000000000000000056e-01,1.970190151354807295e-01,-7.205693590770839707e-01,9.999999999999981126e-02,-9.714451465470119729e-16,1.887379141862766119e-15,-1.942890293094023946e-16,2.122711873497761717e-15,2.131584838752229256e-15
1.979124519084976552e-01,-7.214958255376948681e-01,1.000000000000000056e-01,1.979124519084966560e-01,-7.214958255376933138e-01,9.999999999999986677e-02,-9.992007221626408864e-16,1.554312234475219157e-15,-1.387778780781445676e-16,1.847779371410367273e-15,1.852983514458119360e-15
1.987452232216174175e-01,-7.224553800861827080e-01,1.000000000000000056e-01,1.987452232216171122e-01,-7.224553800861818198e-01,9.999999999999981126e-02,-3.053113317719180486e-16,8.881784197001252323e-16,-1.942890293094023946e-16,9.391889663583969544e-16,9.590746276694758964e-16
1.994511485731361999e-01,-7.233487584589127772e-01,1.000000000000000056e-01,1.994511485731353395e-01,-7.233487584589110009e-01,9.999999999999992228e-02,-8.604228440844963188e-16,1.776356839400250465e-15,-8.326672684688674053e-17,1.973770779879594169e-15,1.975526370187524306e-15
1.999750775449665452e-01,-7.242090487437640167e-01,1.000000000000000056e-01,1.999750775449675166e-01,-7.242090487437659041e-01,9.999999999999992228e-02,9.714451465470119729e-16,-1.887379141862766119e-15,-8.326672684688674053e-17,2.122711873497761717e-15,2.124344380200199608e-15
2.003611304715783858e-01,-7.251024271164940860e-01,1.000000000000000056e-01,2.003611304715785246e-01,-7.251024271164945301e-01,9.999999999999970024e-02,1.387778780781445676e-16,-4.440892098500626162e-16,-3.053113317719180486e-16,4.652682298944613448e-16,5.564975606931871801e-16
2.006920329801027691e-01,-7.259792614452846848e-01,1.000000000000000056e-01,2.006920329801034353e-01,-7.259792614452854620e-01,9.999999999999964473e-02,6.661338147750939243e-16,-7.771561172376095783e-16,-3.608224830031758756e-16,1.023575053304180646e-15,1.085310441296513801e-15
2.010505106976708811e-01,-7.267899195983176241e-01,1.000000000000000056e-01,2.010505106976716305e-01,-7.267899195983189564e-01,9.999999999999986677e-02,7.494005416219806648e-16,-1.332267629550187849e-15,-1.387778780781445676e-16,1.528573913335758284e-15,1.534860745466658676e-15
2.015192892514138245e-01,-7.274847694437742707e-01,1.000000000000000056e-01,2.015192892514135747e-01,-7.274847694437737156e-01,9.999999999999992228e-02,-2.498001805406602216e-16,5.551115123125782702e-16,-8.326672684688674053e-17,6.087272963323594715e-16,6.143958570009226527e-16
2.021093987249490687e-01,-7.280086641685233895e-01,1.000000000000000056e-01,2.021093987249499568e-01,-7.280086641685249438e-01,9.999999999999986677e-02,8.881784197001252323e-16,-1.554312234475219157e-15,-1.387778780781445676e-16,1.790180836524723847e-15,1.795551928211554712e-15
2.027656887001891561e-01,-7.283946918604439213e-01,1.000000000000000056e-01,2.027656887001889341e-01,-7.283946918604435883e-01,9.999999999999992228e-02,-2.220446049250313081e-16,3.330669073875469621e-16,-8.326672684688674053e-17,4.002966042486720971e-16,4.088651601357250071e-16
2.034716140517079386e-01,-7.287255727392327742e-01,1.000000000000000056e-01,2.034716140517078553e-01,-7.287255727392326632e-01,9.999999999999992228e-02,-8.326672684688674053e-17,1.110223024625156540e-16,-8.326672684688674053e-17,1.387778780781445676e-16,1.618414262284734379e-16
2.042106296540791288e-01,-7.290840270245875221e-01,1.000000000000000056e-01,2.042106296540803501e-01,-7.290840270245896315e-01,9.999999999999981126e-02,1.221245327087672194e-15,-2.109423746787797427e-15,-1.942890293094023946e-16,2.437438961788734817e-15,2.445170120739196027e-15
2.049661903818765785e-01,-7.295527749362050729e-01,1.000000000000000056e-01,2.049661903818764119e-01,-7.295527749362042957e-01,1.000000000000000888e-01,-1.665334536937734811e-16,7.771561172376095783e-16,8.326672684688674053e-17,7.947987303456223951e-16,7.991485278462367192e-16
2.057493263187176735e-01,-7.301428458367120733e-01,1.000000000000000056e-01,2.057493263187181176e-01,-7.301428458367122953e-01,9.999999999999986677e-02,4.440892098500626162e-16,-2.220446049250313081e-16,-1.387778780781445676e-16,4.965068306494546235e-16,5.155369359468228577e-16
2.065710675482199943e-01,-7.307990929129767332e-01,1.000000000000000056e-01,2.065710675482191061e-01,-7.307990929129751789e-01,9.999999999999970024e-02,-8.881784197001252323e-16,1.554312234475219157e-15,-3.053113317719180486e-16,1.790180836524723847e-15,1.816029305041276925e-15
2.074148689449572813e-01,-7.315049721210598044e-01,1.000000000000000056e-01,2.074148689449573368e-01,-7.315049721210598044e-01,1.000000000000001443e-01,5.551115123125782702e-17,0.000000000000000000e+00,1.387778780781445676e-16,5.551115123125782702e-17,1.494683490070454129e-16
2.082641853835033030e-01,-7.322439394170217053e-01,1.000000000000000056e-01,2.082641853835023316e-01,-7.322439394170199289e-01,9.999999999999992228e-02,-9.714451465470119729e-16,1.776356839400250465e-15,-8.326672684688674053e-17,2.024635595269872968e-15,2.026347117705549155e-15
2.091024717384318277e-01,-7.329994507569230766e-01,1.000000000000000056e-01,2.091024717384318277e-01,-7.329994507569229656e-01,9.999999999999997780e-02,0.000000000000000000e+00,1.110223024625156540e-16,-2.775557561562891351e-17,1.110223024625156540e-16,1.144391699630559363e-16
2.099959085114477819e-01,-7.337825355033902319e-01,1.000000000000000056e-01,2.099959085114484758e-01,-7.337825355033913421e-01,9.999999999999953371e-02,6.938893903907228378e-16,-1.110223024625156540e-15,-4.718447854656915297e-16,1.309227883336067686e-15,1.391659136453968245e-15
2.109555257861686073e-01,-7.346042230190492628e-01,1.000000000000000056e-01,2.109555257861683297e-01,-7.346042230190484856e-01,9.999999999999975575e-02,-2.775557561562891351e-16,7.771561172376095783e-16,-2.498001805406602216e-16,8.252325904466731880e-16,8.622116668970984176e-16
2.118820528100369693e-01,-7.354479692599611429e-01,1.000000000000000056e-01,2.118820528100381351e-01,-7.354479692599630303e-01,9.999999999999986677e-02,1.165734175856414367e-15,-1.887379141862766119e-15,-1.387778780781445676e-16,2.218363404381316703e-15,2.222700045742145745e-15
2.126762188304955892e-01,-7.362972301821859578e-01,1.000000000000000056e-01,2.126762188304962276e-01,-7.362972301821869570e-01,9.999999999999992228e-02,6.383782391594650107e-16,-9.992007221626408864e-16,-8.326672684688674053e-17,1.185718710066886829e-15,1.188638804348266334e-15
2.132387530949870769e-01,-7.371354617417845700e-01,1.000000000000000056e-01,2.132387530949881593e-01,-7.371354617417862354e-01,9.999999999999997780e-02,1.082467449009527627e-15,-1.665334536937734811e-15,-2.775557561562891351e-17,1.986221261109349383e-15,1.986415180686195117e-15
2.135034751018066446e-01,-7.379626639387568687e-01,1.000000000000000056e-01,2.135034751018057841e-01,-7.379626639387553144e-01,9.999999999999975575e-02,-8.604228440844963188e-16,1.554312234475219157e-15,-2.498001805406602216e-16,1.776573666601472957e-15,1.794049643421259473e-15
2.135365653526590801e-01,-7.387898661357291674e-01,1.000000000000000056e-01,2.135365653526602181e-01,-7.387898661357308328e-01,9.999999999999964473e-02,1.137978600240785454e-15,-1.665334536937734811e-15,-3.608224830031758756e-16,2.017011257907004681e-15,2.049030814498448093e-15
2.134372946001017457e-01,-7.396170683327015771e-01,1.000000000000000056e-01,2.134372946001011628e-01,-7.396170683327004669e-01,9.999999999999992228e-02,-5.828670879282071837e-16,1.110223024625156540e-15,-8.326672684688674053e-17,1.253925518760081508e-15,1.256687134651076801e-15
2.133049335966920035e-01,-7.404442705296738758e-01,1.000000000000000056e-01,2.133049335966918092e-01,-7.404442705296734317e-01,1.000000000000000333e-01,-1.942890293094023946e-16,4.440892098500626162e-16,2.775557561562891351e-17,4.847302891456678175e-16,4.855242786854202644e-16
2.132387530949870769e-01,-7.412714727266460635e-01,1.000000000000000056e-01,2.132387530949863552e-01,-7.412714727266449533e-01,9.999999999999986677e-02,-7.216449660063517513e-16,1.110223024625156540e-15,-1.387778780781445676e-16,1.324147507406232922e-15,1.331399985283916071e-15
2.132387530949870769e-01,-7.421041896049315190e-01,1.000000000000000056e-01,2.132387530949881038e-01,-7.421041896049329623e-01,9.999999999999981126e-02,1.026956297778269800e-15,-1.443289932012703503e-15,-1.942890293094023946e-16,1.771362488424005400e-15,1.781985772195074064e-15
2.132387530949870769e-01,-7.429424211645301313e-01,1.000000000000000056e-01,2.132387530949880761e-01,-7.429424211645317966e-01,9.999999999999953371e-02,9.992007221626408864e-16,-1.665334536937734811e-15,-4.718447854656915297e-16,1.942097114741681058e-15,1.998594182083778484e-15
2.132387530949870769e-01,-7.437778953834721651e-01,1.000000000000000056e-01,2.132387530949866605e-01,-7.437778953834710549e-01,9.999999999999997780e-02,-4.163336342344337027e-16,1.110223024625156540e-15,-2.775557561562891351e-17,1.185718710066886829e-15,1.186043520019580512e-15
2.132387530949870769e-01,-7.446023402397879964e-01,1.000000000000000056e-01,2.132387530949861332e-01,-7.446023402397861091e-01,9.999999999999986677e-02,-9.436895709313830594e-16,1.887379141862766119e-15,-1.387778780781445676e-16,2.110154030260181953e-15,2.114712588241523265e-15
2.132387530949870769e-01,-7.454074837115076679e-01,1.000000000000000056e-01,2.132387530949864940e-01,-7.454074837115062246e-01,9.999999999999953371e-02,-5.828670879282071837e-16,1.443289932012703503e-15,-4.718447854656915297e-16,1.556540995296668364e-15,1.626486203940970230e-15
2.132387530949870769e-01,-7.461878111173182448e-01,1.000000000000000056e-01,2.132387530949882148e-01,-7.461878111173200212e-01,1.000000000000000888e-01,1.137978600240785454e-15,-1.776356839400250465e-15,8.326672684688674053e-17,2.109606341356136547e-15,2.111248981832749031e-15
2.132387530949870769e-01,-7.469488371385327730e-01,1.000000000000000056e-01,2.132387530949867993e-01,-7.469488371385322178e-01,9.999999999999992228e-02,-2.775557561562891351e-16,5.551115123125782702e-16,-8.326672684688674053e-17,6.206335383118182794e-16,6.261943282059022559e-16
2.132387530949870769e-01,-7.476988337971208765e-01,1.000000000000000056e-01,2.132387530949875487e-01,-7.476988337971216536e-01,9.999999999999975575e-02,4.718447854656915297e-16,-7.771561172376095783e-16,-2.498001805406602216e-16,9.091804728055929093e-16,9.428728770778954687e-16
2.132387530949870769e-01,-7.484460731150526236e-01,1.000000000000000056e-01,2.132387530949860777e-01,-7.484460731150507362e-01,9.999999999999964473e-02,-9.992007221626408864e-16,1.887379141862766119e-15,-3.608224830031758756e-16,2.135556627277528752e-15,2.165824317101817104e-15
2.132387530949870769e-01,-7.491988271142974165e-01,1.000000000000000056e-01,2.132387530949865218e-01,-7.491988271142961953e-01,9.999999999999975575e-02,-5.551115123125782702e-16,1.221245327087672194e-15,-2.498001805406602216e-16,1.341487584748898546e-15,1.364547203373184779e-15
2.132387530949870769e-01,-7.499515811135422094e-01,1.000000000000000056e-01,2.132387530949873267e-01,-7.499515811135428756e-01,9.999999999999970024e-02,2.498001805406602216e-16,-6.661338147750939243e-16,-3.053113317719180486e-16,7.114312260401321169e-16,7.741765939973306835e-16
2.132387530949870769e-01,-7.506988204314738455e-01,1.000000000000000056e-01,2.132387530949871046e-01,-7.506988204314739566e-01,9.999999999999997780e-02,2.775557561562891351e-17,-1.110223024625156540e-16,-2.775557561562891351e-17,1.144391699630559363e-16,1.177569344012831190e-16
2.132387530949870769e-01,-7.514488170900620601e-01,1.000000000000000056e-01,2.132387530949865773e-01,-7.514488170900608388e-01,9.999999999999997780e-02,-4.996003610813204432e-16,1.221245327087672194e-15,-2.775557561562891351e-17,1.319485001705612909e-15,1.319776890881112556e-15
2.132387530949870769e-01,-7.522098431112765882e-01,1.000000000000000056e-01,2.132387530949872156e-01,-7.522098431112765882e-01,9.999999999999992228e-02,1.387778780781445676e-16,0.000000000000000000e+00,-8.326672684688674053e-17,1.387778780781445676e-16,1.618414262284734379e-16
2.132387530949870769e-01,-7.529901705170871651e-01,1.000000000000000056e-01,2.132387530949860499e-01,-7.529901705170853887e-01,9.999999999999975575e-02,-1.026956297778269800e-15,1.776356839400250465e-15,-2.498001805406602216e-16,2.051848644133016473e-15,2.066998545869987881e-15
2.132387530949870769e-01,-7.537953139888068366e-01,1.000000000000000056e-01,2.132387530949872156e-01,-7.537953139888069476e-01,1.000000000000000888e-01,1.387778780781445676e-16,-1.110223024625156540e-16,8.326672684688674053e-17,1.777223989483336522e-16,1.962615573354718897e-16
2.132387530949870769e-01,-7.546197588451225569e-01,1.000000000000000056e-01,2.132387530949881593e-01,-7.546197588451244442e-01,9.999999999999986677e-02,1.082467449009527627e-15,-1.887379141862766119e-15,-1.387778780781445676e-16,2.175760971086627795e-15,2.180182355388580486e-15
2.132387530949870769e-01,-7.554552330640647018e-01,1.000000000000000056e-01,2.132387530949868271e-01,-7.554552330640644797e-01,9.999999999999986677e-02,-2.498001805406602216e-16,2.220446049250313081e-16,-1.387778780781445676e-16,3.342213888644167624e-16,3.618884306223840249e-16
2.132387530949870769e-01,-7.562934646236632030e-01,1.000000000000000056e-01,2.132387530949875765e-01,-7.562934646236637581e-01,9.999999999999970024e-02,4.996003610813204432e-16,-5.551115123125782702e-16,-3.053113317719180486e-16,7.468261590855956781e-16,8.068235998053637633e-16
2.132387530949870769e-01,-7.571261815019486585e-01,1.000000000000000056e-01,2.132387530949873822e-01,-7.571261815019492136e-01,9.999999999999975575e-02,3.053113317719180486e-16,-5.551115123125782702e-16,-2.498001805406602216e-16,6.335327934766280943e-16,6.810021516914953036e-16
2.132387530949870769e-01,-7.579533836989209572e-01,1.000000000000000056e-01,2.132387530949872434e-01,-7.579533836989212903e-01,9.999999999999970024e-02,1.665334536937734811e-16,-3.330669073875469621e-16,-3.053113317719180486e-16,3.723801229870909677e-16,4.815412394636862130e-16
2.132387530949870769e-01,-7.587805858958932559e-01,1.000000000000000056e-01,2.132387530949860222e-01,-7.587805858958912575e-01,9.999999999999986677e-02,-1.054711873393898713e-15,1.998401444325281773e-15,-1.387778780781445676e-16,2.259651625485539203e-15,2.263909178391066011e-15
2.132387530949870769e-01,-7.596077880928656656e-01,1.000000000000000056e-01,2.132387530949862442e-01,-7.596077880928640003e-01,9.999999999999997780e-02,-8.326672684688674053e-16,1.665334536937734811e-15,-2.775557561562891351e-17,1.861900614935454641e-15,1.862107481289621781e-15
2.132387530949870769e-01,-7.604349902898379643e-01,1.000000000000000056e-01,2.132387530949863830e-01,-7.604349902898366320e-01,9.999999999999975575e-02,-6.938893903907228378e-16,1.332267629550187849e-15,-2.498001805406602216e-16,1.502138316815094689e-15,1.522767104005806904e-15
2.132387530949870769e-01,-7.612621924868101519e-01,1.000000000000000056e-01,2.132387530949863552e-01,-7.612621924868088197e-01,9.999999999999970024e-02,-7.216449660063517513e-16,1.332267629550187849e-15,-3.053113317719180486e-16,1.515159560478560725e-15,1.545614280154633996e-15
2.132387530949870769e-01,-7.620893946837825617e-01,1.000000000000000056e-01,2.132387530949866328e-01,-7.620893946837816735e-01,9.999999999999986677e-02,-4.440892098500626162e-16,8.881784197001252323e-16,-1.387778780781445676e-16,9.930136612989092471e-16,1.002664166593250188e-15
2.132387530949870769e-01,-7.629165968807548603e-01,1.000000000000000056e-01,2.132387530949876042e-01,-7.629165968807560816e-01,9.999999999999981126e-02,5.273559366969493567e-16,-1.221245327087672194e-15,-1.942890293094023946e-16,1.330242245947328356e-15,1.344355853118132645e-15
2.132387530949870769e-01,-7.637437990777271590e-01,1.000000000000000056e-01,2.132387530949860777e-01,-7.637437990777249386e-01,9.999999999999975575e-02,-9.992007221626408864e-16,2.220446049250313081e-15,-2.498001805406602216e-16,2.434909185329437886e-15,2.447689292169211167e-15
2.132387530949870769e-01,-7.645710012746994577e-01,1.000000000000000056e-01,2.132387530949874099e-01,-7.645710012746999018e-01,1.000000000000000888e-01,3.330669073875469621e-16,-4.440892098500626162e-16,8.326672684688674053e-17,5.551115123125782702e-16,5.613217783960923392e-16
2.132387530949870769e-01,-7.653982034716717564e-01,1.000000000000000056e-01,2.132387530949869103e-01,-7.653982034716710903e-01,9.999999999999981126e-02,-1.665334536937734811e-16,6.661338147750939243e-16,-1.942890293094023946e-16,6.866350197783355685e-16,7.135936359693695972e-16
2.132387530949870769e-01,-7.662364350312703687e-01,1.000000000000000056e-01,2.132387530949875487e-01,-7.662364350312712569e-01,9.999999999999997780e-02,4.718447854656915297e-16,-8.881784197001252323e-16,-2.775557561562891351e-17,1.005732771064051649e-15,1.006115688561673910e-15
2.132387530949870769e-01,-7.670856959534952946e-01,1.000000000000000056e-01,2.132387530949864107e-01,-7.670856959534941844e-01,9.999999999999958922e-02,-6.661338147750939243e-16,1.110223024625156540e-15,-4.163336342344337027e-16,1.294731409827787503e-15,1.360023205165816762e-15
2.132387530949870769e-01,-7.679294421944070637e-01,1.000000000000000056e-01,2.132387530949874654e-01,-7.679294421944079518e-01,9.999999999999992228e-02,3.885780586188047891e-16,-8.881784197001252323e-16,-8.326672684688674053e-17,9.694605782913356349e-16,9.730298868281308913e-16
2.132387530949870769e-01,-7.687511297100662055e-01,1.000000000000000056e-01,2.132387530949869381e-01,-7.687511297100656504e-01,9.999999999999975575e-02,-1.387778780781445676e-16,5.551115123125782702e-16,-2.498001805406602216e-16,5.721958498152797061e-16,6.243462346678936669e-16
2.132387530949870769e-01,-7.695342144565333609e-01,1.000000000000000056e-01,2.132387530949876597e-01,-7.695342144565342490e-01,9.999999999999986677e-02,5.828670879282071837e-16,-8.881784197001252323e-16,-1.387778780781445676e-16,1.062353494563330541e-15,1.071379599794019089e-15
2.132387530949870769e-01,-7.702566377085557914e-01,1.000000000000000056e-01,2.132387530949880483e-01,-7.702566377085575677e-01,9.999999999999981126e-02,9.714451465470119729e-16,-1.776356839400250465e-15,-1.942890293094023946e-16,2.024635595269872968e-15,2.033936459318181918e-15
2.132387530949870769e-01,-7.709294288287599217e-01,1.000000000000000056e-01,2.132387530949862997e-01,-7.709294288287580343e-01,9.999999999999953371e-02,-7.771561172376095783e-16,1.887379141862766119e-15,-4.718447854656915297e-16,2.041120196288907495e-15,2.094948485588519945e-15
2.132387530949870769e-01,-7.715856759050246927e-01,1.000000000000000056e-01,2.132387530949876597e-01,-7.715856759050255809e-01,9.999999999999953371e-02,5.828670879282071837e-16,-8.881784197001252323e-16,-4.718447854656915297e-16,1.062353494563330541e-15,1.162425244470406618e-15
2.132387530949870769e-01,-7.722584670252288230e-01,1.000000000000000056e-01,2.132387530949870214e-01,-7.722584670252282679e-01,9.999999999999997780e-02,-5.551115123125782702e-17,5.551115123125782702e-16,-2.775557561562891351e-17,5.578801654593729090e-16,5.585701844806364515e-16
2.132387530949870769e-01,-7.729808902772512536e-01,1.000000000000000056e-01,2.132387530949879095e-01,-7.729808902772526968e-01,9.999999999999997780e-02,8.326672684688674053e-16,-1.443289932012703503e-15,-2.775557561562891351e-17,1.666259465938195114e-15,1.666490617977309239e-15
2.132387530949870769e-01,-7.737639750237184089e-01,1.000000000000000056e-01,2.132387530949878540e-01,-7.737639750237198522e-01,9.999999999999970024e-02,7.771561172376095783e-16,-1.443289932012703503e-15,-3.053113317719180486e-16,1.639224651598758553e-15,1.667414905690066643e-15
2.132387530949870769e-01,-7.745856625393774397e-01,1.000000000000000056e-01,2.132387530949882148e-01,-7.745856625393794381e-01,9.999999999999986677e-02,1.137978600240785454e-15,-1.998401444325281773e-15,-1.387778780781445676e-16,2.299696420679771037e-15,2.303879972292658839e-15
2.132387530949870769e-01,-7.754294087802893198e-01,1.000000000000000056e-01,2.132387530949858834e-01,-7.754294087802875435e-01,9.999999999999964473e-02,-1.193489751472043281e-15,1.776356839400250465e-15,-3.608224830031758756e-16,2.140061075706216004e-15,2.170265944992323596e-15
2.132387530949870769e-01,-7.762786697025141347e-01,1.000000000000000056e-01,2.132387530949868548e-01,-7.762786697025135796e-01,9.999999999999992228e-02,-2.220446049250313081e-16,5.551115123125782702e-16,-8.326672684688674053e-17,5.978733960281816517e-16,6.036438896220726881e-16
2.132387530949870769e-01,-7.771169012621128580e-01,1.000000000000000056e-01,2.132387530949876597e-01,-7.771169012621135241e-01,9.999999999999981126e-02,5.828670879282071837e-16,-6.661338147750939243e-16,-1.942890293094023946e-16,8.851374477315529493e-16,9.062099802400752136e-16
2.132111778859434037e-01,-7.779441034590850457e-01,1.000000000000000056e-01,2.132111778859432372e-01,-7.779441034590844906e-01,9.999999999999997780e-02,-1.665334536937734811e-16,5.551115123125782702e-16,-2.775557561562891351e-17,5.795534335168190207e-16,5.802176783577770890e-16
2.131560274678560019e-01,-7.787713056560574554e-01,1.000000000000000056e-01,2.131560274678561684e-01,-7.787713056560574554e-01,9.999999999999981126e-02,1.665334536937734811e-16,0.000000000000000000e+00,-1.942890293094023946e-16,1.665334536937734811e-16,2.558937633260451615e-16
2.131146646542904366e-01,-7.795985078530296430e-01,1.000000000000000056e-01,2.131146646542896039e-01,-7.795985078530285328e-01,9.999999999999970024e-02,-8.326672684688674053e-16,1.110223024625156540e-15,-3.053113317719180486e-16,1.387778780781445676e-15,1.420966204276364271e-15
2.131284522588122732e-01,-7.804257100500020528e-01,1.000000000000000056e-01,2.131284522588123287e-01,-7.804257100500017197e-01,9.999999999999986677e-02,5.551115123125782702e-17,3.330669073875469621e-16,-1.387778780781445676e-16,3.376611507232129738e-16,3.650675994272796584e-16
2.132387530949870769e-01,-7.812529122469743514e-01,1.000000000000000056e-01,2.132387530949862164e-01,-7.812529122469723530e-01,9.999999999999992228e-02,-8.604228440844963188e-16,1.998401444325281773e-15,-8.326672684688674053e-17,2.175760971086627795e-15,2.177353703720095953e-15
2.135007175809022772e-01,-7.820856291252598069e-01,1.000000000000000056e-01,2.135007175809023605e-01,-7.820856291252594739e-01,1.000000000000001998e-01,8.326672684688674053e-17,3.330669073875469621e-16,1.942890293094023946e-16,3.433175098891677842e-16,3.944808480857957308e-16
2.138867705075140901e-01,-7.829238606848584192e-01,1.000000000000000056e-01,2.138867705075150061e-01,-7.829238606848599735e-01,9.999999999999975575e-02,9.159339953157541458e-16,-1.554312234475219157e-15,-2.498001805406602216e-16,1.804112415015879378e-15,1.821324171094364862e-15
2.143141862476914683e-01,-7.837593349038004531e-01,1.000000000000000056e-01,2.143141862476911907e-01,-7.837593349037996759e-01,9.999999999999975575e-02,-2.775557561562891351e-16,7.771561172376095783e-16,-2.498001805406602216e-16,8.252325904466731880e-16,8.622116668970984176e-16
2.147002391743033090e-01,-7.845837797601161734e-01,1.000000000000000056e-01,2.147002391743029759e-01,-7.845837797601157293e-01,9.999999999999986677e-02,-3.330669073875469621e-16,4.440892098500626162e-16,-1.387778780781445676e-16,5.551115123125782702e-16,5.721958498152797061e-16
2.149622036602184538e-01,-7.853889232318358449e-01,1.000000000000000056e-01,2.149622036602186481e-01,-7.853889232318359559e-01,9.999999999999986677e-02,1.942890293094023946e-16,-1.110223024625156540e-16,-1.387778780781445676e-16,2.237726045655904808e-16,2.633125101432525795e-16
2.150725044963932853e-01,-7.861692506376464218e-01,1.000000000000000056e-01,2.150725044963937849e-01,-7.861692506376473100e-01,9.999999999999953371e-02,4.996003610813204432e-16,-8.881784197001252323e-16,-4.718447854656915297e-16,1.019049275557172255e-15,1.122986610599058753e-15
2.150862921009151218e-01,-7.869302766588609499e-01,1.000000000000000056e-01,2.150862921009143724e-01,-7.869302766588595066e-01,9.999999999999970024e-02,-7.494005416219806648e-16,1.443289932012703503e-15,-3.053113317719180486e-16,1.626249365759308267e-15,1.654660692994456264e-15
2.150449292873495843e-01,-7.876802733174491644e-01,1.000000000000000056e-01,2.150449292873486684e-01,-7.876802733174477211e-01,1.000000000000000333e-01,-9.159339953157541458e-16,1.443289932012703503e-15,2.775557561562891351e-17,1.709391971323228769e-15,1.709617291560327285e-15
2.149897788692621547e-01,-7.884275126353808005e-01,1.000000000000000056e-01,2.149897788692623490e-01,-7.884275126353808005e-01,9.999999999999981126e-02,1.942890293094023946e-16,0.000000000000000000e+00,-1.942890293094023946e-16,1.942890293094023946e-16,2.747661802696606357e-16
2.149622036602184538e-01,-7.891802666346255934e-01,1.000000000000000056e-01,2.149622036602175101e-01,-7.891802666346237061e-01,9.999999999999986677e-02,-9.436895709313830594e-16,1.887379141862766119e-15,-1.387778780781445676e-16,2.110154030260181953e-15,2.114712588241523265e-15
2.149015382003223174e-01,-7.899991968096282680e-01,1.000000000000000056e-01,2.149015382003222896e-01,-7.899991968096276018e-01,9.999999999999964473e-02,-2.775557561562891351e-17,6.661338147750939243e-16,-3.608224830031758756e-16,6.667118051786498888e-16,7.580880525408319473e-16
2.147802072805300444e-01,-7.908787884790754452e-01,1.000000000000000056e-01,2.147802072805300166e-01,-7.908787884790752232e-01,9.999999999999981126e-02,-2.775557561562891351e-17,2.220446049250313081e-16,-1.942890293094023946e-16,2.237726045655904808e-16,2.963484527782420448e-16
2.146892090906858119e-01,-7.917280494013003711e-01,1.000000000000000056e-01,2.146892090906865058e-01,-7.917280494013015923e-01,9.999999999999997780e-02,6.938893903907228378e-16,-1.221245327087672194e-15,-2.775557561562891351e-17,1.404607644515109477e-15,1.404881848059842875e-15
2.147195418206338802e-01,-7.924559873346359584e-01,1.000000000000000056e-01,2.147195418206334083e-01,-7.924559873346350702e-01,9.999999999999997780e-02,-4.718447854656915297e-16,8.881784197001252323e-16,-2.775557561562891351e-17,1.005732771064051649e-15,1.006115688561673910e-15
2.149622036602184538e-01,-7.929716100374153420e-01,1.000000000000000056e-01,2.149622036602192310e-01,-7.929716100374166743e-01,9.999999999999992228e-02,7.771561172376095783e-16,-1.332267629550187849e-15,-8.326672684688674053e-17,1.542371118540253768e-15,1.544617109547511129e-15
2.154723450275269347e-01,-7.932142560151939081e-01,1.000000000000000056e-01,2.154723450275261576e-01,-7.932142560151925759e-01,9.999999999999992228e-02,-7.771561172376095783e-16,1.332267629550187849e-15,-8.326672684688674053e-17,1.542371118540253768e-15,1.544617109547511129e-15
2.161893004626631865e-01,-7.932445867624162705e-01,1.000000000000000056e-01,2.161893004626643244e-01,-7.932445867624179359e-01,9.999999999999975575e-02,1.137978600240785454e-15,-1.665334536937734811e-15,-2.498001805406602216e-16,2.017011257907004681e-15,2.032420858169327024e-15
2.170303443384961062e-01,-7.931535945207492944e-01,1.000000000000000056e-01,2.170303443384963005e-01,-7.931535945207494054e-01,9.999999999999958922e-02,1.942890293094023946e-16,-1.110223024625156540e-16,-4.163336342344337027e-16,2.237726045655904808e-16,4.726604209672303393e-16
2.179127510278945634e-01,-7.930322715318599558e-01,1.000000000000000056e-01,2.179127510278944246e-01,-7.930322715318596227e-01,9.999999999999992228e-02,-1.387778780781445676e-16,3.330669073875469621e-16,-8.326672684688674053e-17,3.608224830031758756e-16,3.703055657701774309e-16
2.187537949037274554e-01,-7.929716100374153420e-01,1.000000000000000056e-01,2.187537949037269280e-01,-7.929716100374141208e-01,9.999999999999992228e-02,-5.273559366969493567e-16,1.221245327087672194e-15,-8.326672684688674053e-17,1.330242245947328356e-15,1.332845745276919297e-15
2.195975963004647147e-01,-7.930322715318599558e-01,1.000000000000000056e-01,2.195975963004658527e-01,-7.930322715318619542e-01,9.999999999999953371e-02,1.137978600240785454e-15,-1.998401444325281773e-15,-4.718447854656915297e-16,2.299696420679771037e-15,2.347603273310572259e-15
2.204993056361937986e-01,-7.931535945207492944e-01,1.000000000000000056e-01,2.204993056361949089e-01,-7.931535945207510707e-01,9.999999999999981126e-02,1.110223024625156540e-15,-1.776356839400250465e-15,-1.942890293094023946e-16,2.094764613337708061e-15,2.103755454467526108e-15
2.213927424092097251e-01,-7.932445867624162705e-01,1.000000000000000056e-01,2.213927424092103080e-01,-7.932445867624171587e-01,9.999999999999975575e-02,5.828670879282071837e-16,-8.881784197001252323e-16,-2.498001805406602216e-16,1.062353494563330541e-15,1.091327209231524084e-15
2.222117261178076508e-01,-7.932142560151939081e-01,1.000000000000000056e-01,2.222117261178070680e-01,-7.932142560151929089e-01,9.999999999999953371e-02,-5.828670879282071837e-16,9.992007221626408864e-16,-4.718447854656915297e-16,1.156778338905190375e-15,1.249309259923825339e-15
2.228900762602827323e-01,-7.929716100374153420e-01,1.000000000000000056e-01,2.228900762602820107e-01,-7.929716100374144538e-01,9.999999999999992228e-02,-7.216449660063517513e-16,8.881784197001252323e-16,-8.326672684688674053e-17,1.144391699630559412e-15,1.147416973023806371e-15
2.233891875439737162e-01,-7.924559873346359584e-01,1.000000000000000056e-01,2.233891875439739660e-01,-7.924559873346356254e-01,9.999999999999975575e-02,2.498001805406602216e-16,3.330669073875469621e-16,-2.498001805406602216e-16,4.163336342344337027e-16,4.855242786854202644e-16
2.237531803033505906e-01,-7.917280494013003711e-01,1.000000000000000056e-01,2.237531803033504518e-01,-7.917280494012998160e-01,9.999999999999992228e-02,-1.387778780781445676e-16,5.551115123125782702e-16,-8.326672684688674053e-17,5.721958498152797061e-16,5.782226546457896913e-16
2.240399624774050968e-01,-7.908787884790754452e-01,1.000000000000000056e-01,2.240399624774051246e-01,-7.908787884790755562e-01,9.999999999999970024e-02,2.775557561562891351e-17,-1.110223024625156540e-16,-3.053113317719180486e-16,1.144391699630559363e-16,3.260541871072589210e-16
2.243074420051290041e-01,-7.899991968096281569e-01,1.000000000000000056e-01,2.243074420051280882e-01,-7.899991968096264916e-01,9.999999999999970024e-02,-9.159339953157541458e-16,1.665334536937734811e-15,-3.053113317719180486e-16,1.900598380429884283e-15,1.924964730326517379e-15
2.246135268255141093e-01,-7.891802666346255934e-01,1.000000000000000056e-01,2.246135268255142758e-01,-7.891802666346257045e-01,9.999999999999981126e-02,1.665334536937734811e-16,-1.110223024625156540e-16,-1.942890293094023946e-16,2.001483021243360485e-16,2.789400827296864545e-16
2.249527018967515946e-01,-7.884275126353808005e-01,1.000000000000000056e-01,2.249527018967510672e-01,-7.884275126353795793e-01,9.999999999999997780e-02,-5.273559366969493567e-16,1.221245327087672194e-15,-2.775557561562891351e-17,1.330242245947328356e-15,1.330531775224006938e-15
2.252863619261804007e-01,-7.876802733174491644e-01,1.000000000000000056e-01,2.252863619261797068e-01,-7.876802733174477211e-01,9.999999999999986677e-02,-6.938893903907228378e-16,1.443289932012703503e-15,-1.387778780781445676e-16,1.601426961789404575e-15,1.607428882840517898e-15
2.256227794765135741e-01,-7.869302766588609499e-01,1.000000000000000056e-01,2.256227794765133798e-01,-7.869302766588601727e-01,9.999999999999975575e-02,-1.942890293094023946e-16,7.771561172376095783e-16,-2.498001805406602216e-16,8.010741897413915294e-16,8.391185778350837322e-16
2.259702271104642168e-01,-7.861692506376464218e-01,1.000000000000000056e-01,2.259702271104651605e-01,-7.861692506376480871e-01,9.999999999999970024e-02,9.436895709313830594e-16,-1.665334536937734811e-15,-3.053113317719180486e-16,1.914128816512169068e-15,1.938325085095536756e-15
2.263369773907454585e-01,-7.853889232318358449e-01,1.000000000000000056e-01,2.263369773907449312e-01,-7.853889232318345126e-01,9.999999999999981126e-02,-5.273559366969493567e-16,1.332267629550187849e-15,-1.942890293094023946e-16,1.432843787967409095e-15,1.445956274451887819e-15
2.267616356100184416e-01,-7.845837797601161734e-01,1.000000000000000056e-01,2.267616356100195796e-01,-7.845837797601179497e-01,9.999999999999997780e-02,1.137978600240785454e-15,-1.776356839400250465e-15,-2.775557561562891351e-17,2.109606341356136547e-15,2.109788920121579351e-15
2.272386867264745147e-01,-7.837593349038003421e-01,1.000000000000000056e-01,2.272386867264744592e-01,-7.837593349038001200e-01,9.999999999999975575e-02,-5.551115123125782702e-17,2.220446049250313081e-16,-2.498001805406602216e-16,2.288783399261118726e-16,3.387999773988765192e-16
2.277102228011217977e-01,-7.829238606848584192e-01,1.000000000000000056e-01,2.277102228011214924e-01,-7.829238606848576421e-01,9.999999999999975575e-02,-3.053113317719180486e-16,7.771561172376095783e-16,-2.498001805406602216e-16,8.349770295452320949e-16,8.715427528620302149e-16
2.281183358949686046e-01,-7.820856291252598069e-01,1.000000000000000056e-01,2.281183358949684103e-01,-7.820856291252594739e-01,9.999999999999992228e-02,-1.942890293094023946e-16,3.330669073875469621e-16,-8.326672684688674053e-17,3.855927796350634419e-16,3.944808480857957308e-16
2.284051180690230831e-01,-7.812529122469743514e-01,1.000000000000000056e-01,2.284051180690235827e-01,-7.812529122469752396e-01,9.999999999999986677e-02,4.996003610813204432e-16,-8.881784197001252323e-16,-1.387778780781445676e-16,1.019049275557172255e-15,1.028455504850584195e-15
2.285374790724328531e-01,-7.804257100500020528e-01,1.000000000000000056e-01,2.285374790724331029e-01,-7.804257100500024968e-01,9.999999999999975575e-02,2.498001805406602216e-16,-4.440892098500626162e-16,-2.498001805406602216e-16,5.095246377785861277e-16,5.674640840630760256e-16
2.285540241978590847e-01,-7.795985078530296430e-01,1.000000000000000056e-01,2.285540241978600284e-01,-7.795985078530311974e-01,9.999999999999986677e-02,9.436895709313830594e-16,-1.554312234475219157e-15,-1.387778780781445676e-16,1.818360945611185819e-15,1.823649041884945403e-15
2.285043888215804175e-01,-7.787713056560574554e-01,1.000000000000000056e-01,2.285043888215809449e-01,-7.787713056560583436e-01,9.999999999999975575e-02,5.273559366969493567e-16,-8.881784197001252323e-16,-2.498001805406602216e-16,1.032940070473853131e-15,1.062716010695554998e-15
2.284382083198755464e-01,-7.779441034590850457e-01,1.000000000000000056e-01,2.284382083198756574e-01,-7.779441034590852677e-01,9.999999999999981126e-02,1.110223024625156540e-16,-2.220446049250313081e-16,-1.942890293094023946e-16,2.482534153247273118e-16,3.152427400121712072e-16
2.284051180690230831e-01,-7.771169012621128580e-01,1.000000000000000056e-01,2.284051180690233607e-01,-7.771169012621130801e-01,1.000000000000000333e-01,2.775557561562891351e-16,-2.220446049250313081e-16,2.775557561562891351e-17,3.554447978966673045e-16,3.565268241374799738e-16
2.283389375673182120e-01,-7.762510962959484617e-01,1.000000000000000056e-01,2.283389375673185451e-01,-7.762510962959487948e-01,9.999999999999986677e-02,3.330669073875469621e-16,-3.330669073875469621e-16,-1.387778780781445676e-16,4.710277376051324761e-16,4.910462595695866874e-16
2.282065765639084143e-01,-7.753466885605920789e-01,1.000000000000000056e-01,2.282065765639089971e-01,-7.753466885605929670e-01,9.999999999999975575e-02,5.828670879282071837e-16,-8.881784197001252323e-16,-2.498001805406602216e-16,1.062353494563330541e-15,1.091327209231524084e-15
2.281073058113511076e-01,-7.744615822098317448e-01,1.000000000000000056e-01,2.281073058113517182e-01,-7.744615822098325220e-01,9.999999999999964473e-02,6.106226635438360972e-16,-7.771561172376095783e-16,-3.608224830031758756e-16,9.883479487474065718e-16,1.052152333093351711e-15
2.281403960622035432e-01,-7.736536813974553839e-01,1.000000000000000056e-01,2.281403960622029603e-01,-7.736536813974540516e-01,9.999999999999986677e-02,-5.828670879282071837e-16,1.332267629550187849e-15,-1.387778780781445676e-16,1.454190867437003650e-15,1.460797856782743588e-15
2.284051180690230831e-01,-7.729808902772512536e-01,1.000000000000000056e-01,2.284051180690238048e-01,-7.729808902772524748e-01,9.999999999999986677e-02,7.216449660063517513e-16,-1.221245327087672194e-15,-1.387778780781445676e-16,1.418524446703610415e-15,1.425296777986836136e-15
2.289731673753233610e-01,-7.724542382118455563e-01,1.000000000000000056e-01,2.289731673753237218e-01,-7.724542382118463335e-01,9.999999999999986677e-02,3.608224830031758756e-16,-7.771561172376095783e-16,-1.387778780781445676e-16,8.568339948907339216e-16,8.679998814771155447e-16
2.297783634793994501e-01,-7.720351224320463057e-01,1.000000000000000056e-01,2.297783634794002272e-01,-7.720351224320475270e-01,9.999999999999997780e-02,7.771561172376095783e-16,-1.221245327087672194e-15,-2.775557561562891351e-17,1.447553722489536100e-15,1.447819792471103004e-15
2.307131630659809418e-01,-7.717069988939138092e-01,1.000000000000000056e-01,2.307131630659806087e-01,-7.717069988939131431e-01,9.999999999999986677e-02,-3.330669073875469621e-16,6.661338147750939243e-16,-1.387778780781445676e-16,7.447602459741819353e-16,7.575797802392803626e-16
2.316700228197973721e-01,-7.714533235535090405e-01,1.000000000000000056e-01,2.316700228197972056e-01,-7.714533235535083744e-01,9.999999999999981126e-02,-1.665334536937734811e-16,6.661338147750939243e-16,-1.942890293094023946e-16,6.866350197783355685e-16,7.135936359693695972e-16
2.325413994255783601e-01,-7.712575523668923072e-01,1.000000000000000056e-01,2.325413994255793593e-01,-7.712575523668941946e-01,9.999999999999975575e-02,9.992007221626408864e-16,-1.887379141862766119e-15,-2.498001805406602216e-16,2.135556627277528752e-15,2.150116796480396199e-15
2.333217778415151433e-01,-7.711472587406292822e-01,1.000000000000000056e-01,2.333217778415145605e-01,-7.711472587406283941e-01,1.000000000000000333e-01,-5.828670879282071837e-16,8.881784197001252323e-16,2.775557561562891351e-17,1.062353494563330541e-15,1.062716010695554998e-15
2.340828536111212999e-01,-7.711334720373463902e-01,1.000000000000000056e-01,2.340828536111219660e-01,-7.711334720373473894e-01,9.999999999999997780e-02,6.661338147750939243e-16,-9.992007221626408864e-16,-2.775557561562891351e-17,1.200889812746016439e-15,1.201210520406359561e-15
2.348328992971099871e-01,-7.711748321471950662e-01,1.000000000000000056e-01,2.348328992971087104e-01,-7.711748321471929568e-01,9.999999999999981126e-02,-1.276756478318930021e-15,2.109423746787797427e-15,-1.942890293094023946e-16,2.465720107482117845e-15,2.473362867706963869e-15
2.355801874621943071e-01,-7.712299789603265232e-01,1.000000000000000056e-01,2.355801874621935299e-01,-7.712299789603255240e-01,9.999999999999975575e-02,-7.771561172376095783e-16,9.992007221626408864e-16,-2.498001805406602216e-16,1.265849009056838523e-15,1.290261153382650132e-15
2.363329906690873616e-01,-7.712575523668923072e-01,1.000000000000000056e-01,2.363329906690873061e-01,-7.712575523668920852e-01,9.999999999999992228e-02,-5.551115123125782702e-17,2.220446049250313081e-16,-8.326672684688674053e-17,2.288783399261118726e-16,2.435541875787129048e-16
2.370857938759803885e-01,-7.712575523668923072e-01,1.000000000000000056e-01,2.370857938759809158e-01,-7.712575523668929733e-01,9.999999999999986677e-02,5.273559366969493567e-16,-6.661338147750939243e-16,-1.387778780781445676e-16,8.496108186436516548e-16,8.608703982599287921e-16
2.378330820410647362e-01,-7.712575523668923072e-01,1.000000000000000056e-01,2.378330820410636537e-01,-7.712575523668905308e-01,9.999999999999975575e-02,-1.082467449009527627e-15,1.776356839400250465e-15,-2.498001805406602216e-16,2.080187347103438508e-15,2.095132341702401434e-15
2.385831277270534234e-01,-7.712575523668923072e-01,1.000000000000000056e-01,2.385831277270525352e-01,-7.712575523668907529e-01,9.999999999999986677e-02,-8.881784197001252323e-16,1.554312234475219157e-15,-1.387778780781445676e-16,1.790180836524723847e-15,1.795551928211554712e-15
2.393442034966596077e-01,-7.712575523668923072e-01,1.000000000000000056e-01,2.393442034966597187e-01,-7.712575523668925292e-01,9.999999999999992228e-02,1.110223024625156540e-16,-2.220446049250313081e-16,-8.326672684688674053e-17,2.482534153247273118e-16,2.618455766672135076e-16
2.401245819125963632e-01,-7.712575523668923072e-01,1.000000000000000056e-01,2.401245819125955028e-01,-7.712575523668908639e-01,9.999999999999953371e-02,-8.604228440844963188e-16,1.443289932012703503e-15,-4.718447854656915297e-16,1.680301549862907045e-15,1.745293900763665767e-15
2.409352930584811869e-01,-7.712575523668923072e-01,1.000000000000000056e-01,2.409352930584807151e-01,-7.712575523668913080e-01,9.999999999999986677e-02,-4.718447854656915297e-16,9.992007221626408864e-16,-1.387778780781445676e-16,1.105006599410839434e-15,1.113687067441020315e-15
2.417708218925053443e-01,-7.712575523668923072e-01,1.000000000000000056e-01,2.417708218925064267e-01,-7.712575523668940836e-01,9.999999999999986677e-02,1.082467449009527627e-15,-1.776356839400250465e-15,-1.387778780781445676e-16,2.080187347103438508e-15,2.084811429960300760e-15
2.426146232892426313e-01,-7.712575523668923072e-01,1.000000000000000056e-01,2.426146232892415211e-01,-7.712575523668905308e-01,9.999999999999958922e-02,-1.110223024625156540e-15,1.776356839400250465e-15,-4.163336342344337027e-16,2.094764613337708061e-15,2.135736987619667064e-15
2.434501521232667887e-01,-7.712575523668923072e-01,1.000000000000000056e-01,2.434501521232680099e-01,-7.712575523668943056e-01,9.999999999999986677e-02,1.221245327087672194e-15,-1.998401444325281773e-15,-1.387778780781445676e-16,2.342018036142089252e-15,2.346126122155141203e-15
2.442608632691516124e-01,-7.712575523668923072e-01,1.000000000000000056e-01,2.442608632691527781e-01,-7.712575523668939725e-01,9.999999999999958922e-02,1.165734175856414367e-15,-1.665334536937734811e-15,-4.163336342344337027e-16,2.032799864393259313e-15,2.074996140640291475e-15
2.450412416850883957e-01,-7.711968908724475824e-01,1.000000000000000056e-01,2.450412416850886455e-01,-7.711968908724478045e-01,1.000000000000000888e-01,2.498001805406602216e-16,-2.220446049250313081e-16,8.326672684688674053e-17,3.342213888644167624e-16,3.444376352465765840e-16
2.458023174546945522e-01,-7.710755678835583549e-01,1.000000000000000056e-01,2.458023174546944689e-01,-7.710755678835580218e-01,9.999999999999997780e-02,-8.326672684688674053e-17,3.330669073875469621e-16,-2.775557561562891351e-17,3.433175098891677842e-16,3.444376352465765840e-16
2.465523631406832394e-01,-7.709845756418913787e-01,1.000000000000000056e-01,2.465523631406842386e-01,-7.709845756418932661e-01,9.999999999999992228e-02,9.992007221626408864e-16,-1.887379141862766119e-15,-8.326672684688674053e-17,2.135556627277528752e-15,2.137179322403426340e-15
2.472996513057675594e-01,-7.710149063891137411e-01,1.000000000000000056e-01,2.472996513057671708e-01,-7.710149063891125198e-01,9.999999999999981126e-02,-3.885780586188047891e-16,1.221245327087672194e-15,-1.942890293094023946e-16,1.281574444413368740e-15,1.296218069417111802e-15
2.480524545126606140e-01,-7.712575523668923072e-01,1.000000000000000056e-01,2.480524545126609193e-01,-7.712575523668925292e-01,9.999999999999981126e-02,3.053113317719180486e-16,-2.220446049250313081e-16,-1.942890293094023946e-16,3.775166431889532810e-16,4.245786650252757269e-16
2.488052577195536685e-01,-7.717676603883585340e-01,1.000000000000000056e-01,2.488052577195547510e-01,-7.717676603883601993e-01,9.999999999999970024e-02,1.082467449009527627e-15,-1.665334536937734811e-15,-3.053113317719180486e-16,1.986221261109349383e-15,2.009549677761452312e-15
2.495525458846379885e-01,-7.724845689590678077e-01,1.000000000000000056e-01,2.495525458846373501e-01,-7.724845689590670306e-01,9.999999999999964473e-02,-6.383782391594650107e-16,7.771561172376095783e-16,-3.608224830031758756e-16,1.005732771064051649e-15,1.068499541896370332e-15
2.503025915706266757e-01,-7.733255578593229984e-01,1.000000000000000056e-01,2.503025915706278970e-01,-7.733255578593248858e-01,9.999999999999981126e-02,1.221245327087672194e-15,-1.887379141862766119e-15,-1.942890293094023946e-16,2.248030287623391172e-15,2.256410512513646331e-15
2.510636673402328878e-01,-7.742079068694268651e-01,1.000000000000000056e-01,2.510636673402316110e-01,-7.742079068694247557e-01,9.999999999999958922e-02,-1.276756478318930021e-15,2.109423746787797427e-15,-4.163336342344337027e-16,2.465720107482117845e-15,2.500621791362395983e-15
2.518440457561696433e-01,-7.750488957696820558e-01,1.000000000000000056e-01,2.518440457561684775e-01,-7.750488957696797243e-01,9.999999999999975575e-02,-1.165734175856414367e-15,2.331468351712828735e-15,-2.498001805406602216e-16,2.606660860909636576e-15,2.618602866796780071e-15
2.526602719438632016e-01,-7.759202154171594978e-01,1.000000000000000056e-01,2.526602719438628131e-01,-7.759202154171587207e-01,1.000000000000000888e-01,-3.885780586188047891e-16,7.771561172376095783e-16,8.326672684688674053e-17,8.688869536365455912e-16,8.728676222655932912e-16
2.535068308615048283e-01,-7.768770126249908703e-01,1.000000000000000056e-01,2.535068308615059940e-01,-7.768770126249925356e-01,9.999999999999975575e-02,1.165734175856414367e-15,-1.665334536937734811e-15,-2.498001805406602216e-16,2.032799864393259313e-15,2.048090676429000223e-15
2.543589048209552450e-01,-7.778117511075695045e-01,1.000000000000000056e-01,2.543589048209551895e-01,-7.778117511075687274e-01,1.000000000000000333e-01,-5.551115123125782702e-17,7.771561172376095783e-16,2.775557561562891351e-17,7.791361360319881133e-16,7.796303550071736492e-16
2.551916761340750073e-01,-7.786168945792892870e-01,1.000000000000000056e-01,2.551916761340752848e-01,-7.786168945792893981e-01,9.999999999999997780e-02,2.775557561562891351e-16,-1.110223024625156540e-16,-2.775557561562891351e-17,2.989366980140908258e-16,3.002224531865041098e-16
2.559803271127248925e-01,-7.791849067545435492e-01,1.000000000000000056e-01,2.559803271127257807e-01,-7.791849067545449925e-01,9.999999999999986677e-02,8.881784197001252323e-16,-1.443289932012703503e-15,-1.387778780781445676e-16,1.694681897310007201e-15,1.700354678446270068e-15
2.567027975896698511e-01,-7.794496114575746315e-01,1.000000000000000056e-01,2.567027975896697400e-01,-7.794496114575747425e-01,9.999999999999986677e-02,-1.110223024625156540e-16,-1.110223024625156540e-16,-1.387778780781445676e-16,1.570092458683775167e-16,2.095500005536363126e-16
2.573756326903361979e-01,-7.794826995454535723e-01,1.000000000000000056e-01,2.573756326903354208e-01,-7.794826995454517959e-01,9.999999999999997780e-02,-7.771561172376095783e-16,1.776356839400250465e-15,-2.775557561562891351e-17,1.938921156582671270e-15,1.939119806361030277e-15
2.580319226655762854e-01,-7.793834352818169720e-01,1.000000000000000056e-01,2.580319226655762854e-01,-7.793834352818169720e-01,9.999999999999981126e-02,0.000000000000000000e+00,0.000000000000000000e+00,-1.942890293094023946e-16,0.000000000000000000e+00,1.942890293094023946e-16
2.587047577662426323e-01,-7.792510829303013198e-01,1.000000000000000056e-01,2.587047577662436315e-01,-7.792510829303027631e-01,1.000000000000000333e-01,9.992007221626408864e-16,-1.443289932012703503e-15,2.775557561562891351e-17,1.755416734288350465e-15,1.755636147667657368e-15
2.594272282431876464e-01,-7.791849067545435492e-01,1.000000000000000056e-01,2.594272282431888677e-01,-7.791849067545455476e-01,9.999999999999986677e-02,1.221245327087672194e-15,-1.998401444325281773e-15,-1.387778780781445676e-16,2.342018036142089252e-15,2.346126122155141203e-15
2.602103641800287415e-01,-7.791849067545435492e-01,1.000000000000000056e-01,2.602103641800275757e-01,-7.791849067545416618e-01,9.999999999999992228e-02,-1.165734175856414367e-15,1.887379141862766119e-15,-8.326672684688674053e-17,2.218363404381316703e-15,2.219925571206850070e-15
2.610321054095310345e-01,-7.791849067545435492e-01,1.000000000000000056e-01,2.610321054095299242e-01,-7.791849067545417729e-01,9.999999999999992228e-02,-1.110223024625156540e-15,1.776356839400250465e-15,-8.326672684688674053e-17,2.094764613337708061e-15,2.096418883022110014e-15
2.618759068062683215e-01,-7.791849067545435492e-01,1.000000000000000056e-01,2.618759068062690432e-01,-7.791849067545451035e-01,9.999999999999992228e-02,7.216449660063517513e-16,-1.554312234475219157e-15,-8.326672684688674053e-17,1.713667989781467843e-15,1.715689752548942433e-15
2.627252232448143432e-01,-7.791849067545435492e-01,1.000000000000000056e-01,2.627252232448132330e-01,-7.791849067545416618e-01,9.999999999999942268e-02,-1.110223024625156540e-15,1.887379141862766119e-15,-5.828670879282071837e-16,2.189702077805668696e-15,2.265949962319638468e-15
2.635635095997428956e-01,-7.791849067545435492e-01,1.000000000000000056e-01,2.635635095997431732e-01,-7.791849067545437713e-01,9.999999999999931166e-02,2.775557561562891351e-16,-2.220446049250313081e-16,-6.938893903907228378e-16,3.554447978966673045e-16,7.796303550071736492e-16
2.644017959546714480e-01,-7.791849067545435492e-01,1.000000000000000056e-01,2.644017959546715035e-01,-7.791849067545437713e-01,9.999999999999997780e-02,5.551115123125782702e-17,-2.220446049250313081e-16,-2.775557561562891351e-17,2.288783399261118726e-16,2.305551267378101694e-16
2.652511123932174142e-01,-7.791849067545435492e-01,1.000000000000000056e-01,2.652511123932183579e-01,-7.791849067545445484e-01,9.999999999999992228e-02,9.436895709313830594e-16,-9.992007221626408864e-16,-8.326672684688674053e-17,1.374391534263435794e-15,1.376911557528222327e-15
2.660949137899547012e-01,-7.791849067545435492e-01,1.000000000000000056e-01,2.660949137899549233e-01,-7.791849067545436602e-01,9.999999999999964473e-02,2.220446049250313081e-16,-1.110223024625156540e-16,-3.608224830031758756e-16,2.482534153247273118e-16,4.379755957367586872e-16
2.669166550194570497e-01,-7.791849067545435492e-01,1.000000000000000056e-01,2.669166550194579379e-01,-7.791849067545445484e-01,1.000000000000000888e-01,8.881784197001252323e-16,-9.992007221626408864e-16,8.326672684688674053e-17,1.336885555457667049e-15,1.339476142449408900e-15
2.676997909562981448e-01,-7.791849067545435492e-01,1.000000000000000056e-01,2.676997909562975897e-01,-7.791849067545425500e-01,9.999999999999986677e-02,-5.551115123125782702e-16,9.992007221626408864e-16,-1.387778780781445676e-16,1.143044563554851489e-15,1.151438306517623764e-15
2.684222614332431589e-01,-7.791849067545435492e-01,1.000000000000000056e-01,2.684222614332437140e-01,-7.791849067545444374e-01,9.999999999999964473e-02,5.551115123125782702e-16,-8.881784197001252323e-16,-3.608224830031758756e-16,1.047382306668854030e-15,1.107791749636883067e-15
2.690950965339094503e-01,-7.791849067545435492e-01,1.000000000000000056e-01,2.690950965339080625e-01,-7.791849067545416618e-01,9.999999999999975575e-02,-1.387778780781445676e-15,1.887379141862766119e-15,-2.498001805406602216e-16,2.342675814005400621e-15,2.355956302592222181e-15
2.697513865091495933e-01,-7.791849067545435492e-01,1.000000000000000056e-01,2.697513865091505370e-01,-7.791849067545448815e-01,1.000000000000000333e-01,9.436895709313830594e-16,-1.332267629550187849e-15,2.775557561562891351e-17,1.632631937404121167e-15,1.632867849830380349e-15
2.704242216098158846e-01,-7.791849067545435492e-01,1.000000000000000056e-01,2.704242216098170504e-01,-7.791849067545454366e-01,9.999999999999986677e-02,1.165734175856414367e-15,-1.887379141862766119e-15,-1.387778780781445676e-16,2.218363404381316703e-15,2.222700045742145745e-15
2.711466920867608987e-01,-7.791849067545435492e-01,1.000000000000000056e-01,2.711466920867605102e-01,-7.791849067545427721e-01,9.999999999999981126e-02,-3.885780586188047891e-16,7.771561172376095783e-16,-1.942890293094023946e-16,8.688869536365455912e-16,8.903441835098303349e-16
2.719353430654107284e-01,-7.791518186666646084e-01,1.000000000000000056e-01,2.719353430654111725e-01,-7.791518186666656076e-01,9.999999999999964473e-02,4.440892098500626162e-16,-9.992007221626408864e-16,-3.608224830031758756e-16,1.093442869781314100e-15,1.151438306517623764e-15
2.727681143785305462e-01,-7.790856424909069489e-01,1.000000000000000056e-01,2.727681143785293805e-01,-7.790856424909055056e-01,9.999999999999986677e-02,-1.165734175856414367e-15,1.443289932012703503e-15,-1.387778780781445676e-16,1.855268712776903298e-15,1.860451906406811684e-15
2.736201883379809074e-01,-7.790360103590885377e-01,1.000000000000000056e-01,2.736201883379807409e-01,-7.790360103590882046e-01,9.999999999999975575e-02,-1.665334536937734811e-16,3.330669073875469621e-16,-2.498001805406602216e-16,3.723801229870909677e-16,4.484050470211362141e-16
2.744667472556225896e-01,-7.790525544030280081e-01,1.000000000000000056e-01,2.744667472556230892e-01,-7.790525544030286742e-01,9.999999999999992228e-02,4.996003610813204432e-16,-6.661338147750939243e-16,-8.326672684688674053e-17,8.326672684688674053e-16,8.368202481890593635e-16
2.752829734433161479e-01,-7.791849067545435492e-01,1.000000000000000056e-01,2.752829734433147602e-01,-7.791849067545415508e-01,9.999999999999981126e-02,-1.387778780781445676e-15,1.998401444325281773e-15,-1.942890293094023946e-16,2.433010126791216014e-15,2.440755314237499967e-15
2.760633518592529034e-01,-7.794992435893930427e-01,1.000000000000000056e-01,2.760633518592539581e-01,-7.794992435893944860e-01,9.999999999999981126e-02,1.054711873393898713e-15,-1.443289932012703503e-15,-1.942890293094023946e-16,1.787596980229968188e-15,1.798124353496523928e-15
2.768244276288590600e-01,-7.799624768196975477e-01,1.000000000000000056e-01,2.768244276288580608e-01,-7.799624768196957714e-01,1.000000000000000333e-01,-9.992007221626408864e-16,1.776356839400250465e-15,2.775557561562891351e-17,2.038098551114344511e-15,2.038287535170675071e-15
2.775744733148477472e-01,-7.804753421818203529e-01,1.000000000000000056e-01,2.775744733148480803e-01,-7.804753421818211301e-01,9.999999999999975575e-02,3.330669073875469621e-16,-7.771561172376095783e-16,-2.498001805406602216e-16,8.455206652451151166e-16,8.816492077661547504e-16
2.783217614799320949e-01,-7.809385754121248580e-01,1.000000000000000056e-01,2.783217614799328166e-01,-7.809385754121254131e-01,9.999999999999992228e-02,7.216449660063517513e-16,-5.551115123125782702e-16,-8.326672684688674053e-17,9.104505742017336326e-16,9.142502916948183144e-16
2.790745646868251217e-01,-7.812529122469743514e-01,1.000000000000000056e-01,2.790745646868256769e-01,-7.812529122469753506e-01,9.999999999999975575e-02,5.551115123125782702e-16,-9.992007221626408864e-16,-2.498001805406602216e-16,1.143044563554851489e-15,1.170021796579212068e-15
2.798273678937182041e-01,-7.813521765106110628e-01,1.000000000000000056e-01,2.798273678937180375e-01,-7.813521765106106187e-01,9.999999999999981126e-02,-1.665334536937734811e-16,4.440892098500626162e-16,-1.942890293094023946e-16,4.742874840267547117e-16,5.125396027766234586e-16
2.805746560588024963e-01,-7.813025443787926516e-01,1.000000000000000056e-01,2.805746560588027183e-01,-7.813025443787927626e-01,1.000000000000000333e-01,2.220446049250313081e-16,-1.110223024625156540e-16,2.775557561562891351e-17,2.482534153247273118e-16,2.498001805406602216e-16
2.813247017447912390e-01,-7.812032801151560513e-01,1.000000000000000056e-01,2.813247017447901288e-01,-7.812032801151538308e-01,9.999999999999992228e-02,-1.110223024625156540e-15,2.220446049250313081e-15,-8.326672684688674053e-17,2.482534153247273118e-15,2.483930186184577280e-15
2.820857775143973956e-01,-7.811536479833376401e-01,1.000000000000000056e-01,2.820857775143970070e-01,-7.811536479833370850e-01,9.999999999999992228e-02,-3.885780586188047891e-16,5.551115123125782702e-16,-8.326672684688674053e-17,6.775999547977530385e-16,6.826968921430001074e-16
2.828661559303341511e-01,-7.812529122469743514e-01,1.000000000000000056e-01,2.828661559303332074e-01,-7.812529122469730192e-01,9.999999999999970024e-02,-9.436895709313830594e-16,1.332267629550187849e-15,-3.053113317719180486e-16,1.632631937404121167e-15,1.660934090305896796e-15
2.837265024524976420e-01,-7.815782784444501585e-01,1.000000000000000056e-01,2.837265024524974200e-01,-7.815782784444497144e-01,9.999999999999970024e-02,-2.220446049250313081e-16,4.440892098500626162e-16,-3.053113317719180486e-16,4.965068306494546235e-16,5.828670879282071837e-16
2.846613020390791338e-01,-7.820635704000071797e-01,1.000000000000000056e-01,2.846613020390784676e-01,-7.820635704000057364e-01,9.999999999999986677e-02,-6.661338147750939243e-16,1.443289932012703503e-15,-1.387778780781445676e-16,1.589597460691244790e-15,1.595643878338749378e-15
2.855795565002344216e-01,-7.825929798060694553e-01,1.000000000000000056e-01,2.855795565002354763e-01,-7.825929798060711207e-01,9.999999999999997780e-02,1.054711873393898713e-15,-1.665334536937734811e-15,-2.775557561562891351e-17,1.971232166893511006e-15,1.971427560873957515e-15
2.863902676461192454e-01,-7.830506983550608036e-01,1.000000000000000056e-01,2.863902676461179131e-01,-7.830506983550588052e-01,9.999999999999981126e-02,-1.332267629550187849e-15,1.998401444325281773e-15,-1.942890293094023946e-16,2.401779625492032878e-15,2.409625198311687529e-15
2.870024372868894003e-01,-7.833209177394051537e-01,1.000000000000000056e-01,2.870024372868890672e-01,-7.833209177394043765e-01,9.999999999999947820e-02,-3.330669073875469621e-16,7.771561172376095783e-16,-5.273559366969493567e-16,8.455206652451151166e-16,9.964986097963502078e-16
2.873719450880750093e-01,-7.833484911459708266e-01,1.000000000000000056e-01,2.873719450880757309e-01,-7.833484911459718258e-01,1.000000000000000333e-01,7.216449660063517513e-16,-9.992007221626408864e-16,2.775557561562891351e-17,1.232547581285465729e-15,1.232860053741058923e-15
2.875594565095722088e-01,-7.832106241131421287e-01,1.000000000000000056e-01,2.875594565095715427e-01,-7.832106241131407964e-01,9.999999999999975575e-02,-6.661338147750939243e-16,1.332267629550187849e-15,-2.498001805406602216e-16,1.489520491948363871e-15,1.510321630028598336e-15
2.876311520530858146e-01,-7.829900368606161898e-01,1.000000000000000056e-01,2.876311520530870913e-01,-7.829900368606181882e-01,9.999999999999986677e-02,1.276756478318930021e-15,-1.998401444325281773e-15,-1.387778780781445676e-16,2.371437420133773657e-15,2.375494629978060029e-15
2.876532122203207531e-01,-7.827694496080902509e-01,1.000000000000000056e-01,2.876532122203210862e-01,-7.827694496080906950e-01,9.999999999999981126e-02,3.330669073875469621e-16,-4.440892098500626162e-16,-1.942890293094023946e-16,5.551115123125782702e-16,5.881301029635769064e-16
2.876918175129819510e-01,-7.826315825752615529e-01,1.000000000000000056e-01,2.876918175129826172e-01,-7.826315825752624411e-01,9.999999999999986677e-02,6.661338147750939243e-16,-8.881784197001252323e-16,-1.387778780781445676e-16,1.110223024625156540e-15,1.118863022827952404e-15
