t,u1,u2,u3,u4,u5,u6,u_norm,e1,e2,e3,e4,e5,e6,e_norm,q1,q2,q3,q4,q5,q6
0.000000000000000000e+00,4.000000000000000083e-02,3.204215197934363879e-02,-4.650959669995874401e-02,3.876756764111392861e-02,-2.289041802939686000e-04,4.000000000000000083e-02,8.884153750691321794e-02,0.000000000000000000e+00,0.000000000000000000e+00,0.000000000000000000e+00,0.000000000000000000e+00,0.000000000000000000e+00,0.000000000000000000e+00,0.000000000000000000e+00,-1.335371647425736441e+00,-2.331649896057935434e-01,-1.782820822601581812e+00,4.466237560742098989e-01,1.576998882422823378e+00,2.290629512331819884e-01
1.333333333333333419e-02,8.000000000000000167e-02,6.429047056964642959e-02,-9.285509392133005357e-02,7.540517552470167584e-02,-3.506130685967682927e-04,8.000000000000000167e-02,1.767523592449066483e-01,-1.332721768919853389e-03,-2.134395589947324368e-03,2.643532254158920125e-03,-1.967069682864419633e-04,-3.648308579684567121e-07,-1.332755714192224161e-03,3.890370957210123430e-03,-1.334838314092403166e+00,-2.327377609127356806e-01,-1.783440950557581228e+00,4.471406569760913996e-01,1.576995830367086349e+00,2.295962845665151519e-01
2.666666666666666838e-02,1.199999999999999817e-01,9.940078724591221160e-02,-1.368682430972144315e-01,8.153985761628997075e-02,-4.118243828296529944e-04,1.199999999999999956e-01,2.531054137173530116e-01,-2.985782915787993375e-03,-5.051092213756103178e-03,6.200187421832481505e-03,-2.289816008937961556e-04,-1.084449449351154726e-06,-2.985866223499389349e-03,9.046468210972815824e-03,-1.333771647425736395e+00,-2.318805546384736793e-01,-1.784679018476532208e+00,4.481460593164205974e-01,1.576991155526171973e+00,2.306629512331817011e-01
4.000000000000000083e-02,1.599999999999999756e-01,1.360807645426084789e-01,-1.796075936555062147e-01,7.151189457943088468e-02,-4.133341471320003870e-04,1.599999999999999756e-01,3.272475883618993220e-01,-4.475124172652833465e-03,-7.899792393970095361e-03,9.659849593533387235e-03,-2.714460725354861381e-04,-2.027105170832044223e-06,-4.475263388476147242e-03,1.399456394011124385e-02,-1.332171647425736349e+00,-2.305552108085282548e-01,-1.786503928384495010e+00,4.492332574179709326e-01,1.576985664534401366e+00,2.322629512331815249e-01
5.333333333333333676e-02,1.656881798144436979e-01,1.085033286627092725e-01,-1.414025621091755391e-01,4.843277802145930233e-02,-3.049165664240268423e-04,1.656904453866576143e-01,2.983611578030357370e-01,-5.304489873982465298e-03,-9.848405897304957080e-03,1.201270919465580178e-02,-3.208947982149545908e-04,-3.120834433545383035e-06,-5.304682541579897048e-03,1.725330501135052472e-02,-1.330038314092403029e+00,-2.287408006146267603e-01,-1.788898696299901836e+00,4.501867493456965796e-01,1.576980153412439911e+00,2.343962845665146233e-01
6.666666666666666574e-02,1.256881798144436901e-01,7.547313105310463066e-02,-9.568593095042474128e-02,2.018451439950916942e-02,-1.956878007525004928e-04,1.256904453866575788e-01,2.164602744492212794e-01,-5.422092465384498183e-03,-1.094385185065327448e-02,1.332607972071775393e-02,-3.460971917794708475e-04,-3.679080466945094940e-06,-5.422296789971081665e-03,1.887518158947014760e-02,-1.327829138361543704e+00,-2.272940895657904470e-01,-1.790784063794690795e+00,4.508325197193161493e-01,1.576976087858220410e+00,2.366054905050032353e-01
8.000000000000000167e-02,8.568817981444368237e-02,4.138303402373886414e-02,-5.082878055085540692e-02,2.679403318088452619e-03,-1.263712012773091510e-04,8.569044538665757105e-02,1.377992460051745693e-01,-5.306671828477327324e-03,-1.098841914420489729e-02,1.337128716455637800e-02,-3.567615205319896177e-04,-3.917368606387583441e-06,-5.306873964610492322e-03,1.886763490810344085e-02,-1.326153295964017875e+00,-2.262877811517491899e-01,-1.792059876207363178e+00,4.511016465779764673e-01,1.576973478687543562e+00,2.382813631101585727e-01
9.333333333333333759e-02,6.540310682762007222e-02,6.528333486714274665e-03,-6.595240797323895753e-03,-7.025189850779592002e-03,-7.948888608481341467e-05,6.540428608452777959e-02,9.322426170875683371e-02,-5.288711435341042488e-03,-1.053678642552302591e-02,1.282079320215423479e-02,-3.550682146347128310e-04,-3.884362837602850504e-06,-5.288903527984611941e-03,1.820619851065686384e-02,-1.325010786899825321e+00,-2.257360073647660670e-01,-1.792737593281374497e+00,4.511373719555509254e-01,1.576971793738193739e+00,2.394239023819806356e-01
1.066666666666666735e-01,5.951964798699195536e-02,-2.906075384133636336e-02,3.703433474599135411e-02,-8.998786505202352112e-03,-5.560884788356992061e-05,5.952072092285695670e-02,9.686255897139577076e-02,-5.283095558252348667e-03,-1.000678287172096503e-02,1.217842378600852982e-02,-3.426170820559626407e-04,-3.615260169453904382e-06,-5.283287446920859054e-03,1.744681443166133661e-02,-1.324138745475456957e+00,-2.256489629182767409e-01,-1.792825529825338826e+00,4.510437027575404656e-01,1.576970733886379428e+00,2.402959595297744499e-01
1.200000000000000094e-01,6.717844215706979261e-02,-2.223891497132000558e-02,2.805771164189894626e-02,-5.358661837772966258e-03,-1.024990714693837244e-04,6.717965108231378768e-02,1.016689672152963492e-01,-5.277485644445967239e-03,-9.815383658788423560e-03,1.194683038520949481e-02,-3.209600721905125909e-04,-3.144044242731069971e-06,-5.277677329355245917e-03,1.717199087453909548e-02,-1.323345150168963702e+00,-2.260364396361613792e-01,-1.792331738695392307e+00,4.509237189374708521e-01,1.576969992435074630e+00,2.410895691420793518e-01
1.333333333333333315e-01,7.435092185530953190e-02,-2.025997793138483143e-03,2.488931840381946540e-03,-1.305158562004812481e-04,-1.143025485700350369e-04,7.435225769384391781e-02,1.051981337911054165e-01,-5.271881687589186072e-03,-9.803667631856693987e-03,1.193520845442952449e-02,-3.204165206982523273e-04,-3.136256039759643954e-06,-5.272073168955948574e-03,1.715375377275196733e-02,-1.322449437606869393e+00,-2.263329585024456136e-01,-1.791957635873500321e+00,4.508522701129673571e-01,1.576968625780788003e+00,2.419852978231769036e-01
1.466666666666666674e-01,7.250121589589667015e-02,-2.043701155854143591e-03,2.514058085762246268e-03,-1.491976614181569807e-04,-1.118696175291640846e-04,7.250251734047133412e-02,1.025844691184552154e-01,-5.266283681356398461e-03,-9.793121744961830188e-03,1.192264656109331966e-02,-3.200550098023668966e-04,-3.132458983312602641e-06,-5.266474959396472144e-03,1.713553856359537400e-02,-1.321458091982131933e+00,-2.263599718063540323e-01,-1.791924450115628620e+00,4.508505299015515000e-01,1.576967101746807209e+00,2.429766612590946728e-01
1.600000000000000033e-01,7.143609864276959098e-02,-2.086957008355942202e-03,2.570372439237444614e-03,-1.684515387699291327e-04,-1.106309477705615931e-04,7.143737976960752578e-02,1.010812457224646438e-01,-5.260691619428214949e-03,-9.782586132184967198e-03,1.191009876450888072e-02,-3.196937381679809675e-04,-3.128662909190893515e-06,-5.260882694357871259e-03,1.711734269468381461e-02,-1.320491409103520031e+00,-2.263872211550985725e-01,-1.791890929341151795e+00,4.508485405993991613e-01,1.576965610151907171e+00,2.439433614903010472e-01
1.733333333333333393e-01,7.115468364774185650e-02,-2.159505326208685429e-03,2.662611487539816302e-03,-1.892532055876527085e-04,-1.106039130500341097e-04,7.115595845902715488e-02,1.006874393478249669e-01,-5.255105495494127865e-03,-9.772059339173910786e-03,1.189756623666493596e-02,-3.193324793691054708e-04,-3.124862853809418084e-06,-5.255296367527861889e-03,1.709916614226078199e-02,-1.319538927788283189e+00,-2.264150472485431109e-01,-1.791856657708628564e+00,4.508462945788824783e-01,1.576964135072604023e+00,2.448958598872290615e-01
1.866666666666666752e-01,7.165609044361283264e-02,-2.265001268087952005e-03,2.795405353635094670e-03,-2.125575700033626976e-04,-1.118054269625611089e-04,7.165737286862010336e-02,1.014020541562413863e-01,-5.249525303247182251e-03,-9.761539702154653497e-03,1.188505032168407638e-02,-3.189709741726609593e-04,-3.121053142152163673e-06,-5.249715972602153613e-03,1.708100888213188312e-02,-1.318590198672979996e+00,-2.264438406528923586e-01,-1.791821156222128009e+00,4.508437712028081634e-01,1.576962660353763646e+00,2.458446060000158973e-01
2.000000000000000111e-01,7.163525923045212240e-02,-2.349124399244085885e-03,2.901928281602390077e-03,-2.343697044567733022e-04,-1.121896419865079330e-04,7.163653996131123802e-02,1.013775680883667735e-01,-5.243951036390193110e-03,-9.751025354295173031e-03,1.187255253057095672e-02,-3.186089315381224196e-04,-3.117227405979861032e-06,-5.244141503280008720e-03,1.706287088968671747e-02,-1.317634784133731918e+00,-2.264740406698000363e-01,-1.791783884150746298e+00,4.508409371018746725e-01,1.576961169614737202e+00,2.468000376382639693e-01
2.133333333333333470e-01,7.109278652233097517e-02,-2.409438165418040234e-03,2.979093613775983529e-03,-2.540526515166317682e-04,-1.117453254904632716e-04,7.109405630036452761e-02,1.006146438524196662e-01,-5.238382688629528161e-03,-9.740517514576829683e-03,1.186007183676318633e-02,-3.182465439710568944e-04,-3.113389879239036873e-06,-5.238572953270459465e-03,1.704475214722049256e-02,-1.316679647343992565e+00,-2.265053623284565276e-01,-1.791745191773658208e+00,4.508378121724820886e-01,1.576959673752844182e+00,2.477551915044147179e-01
2.266666666666666829e-01,7.133268889217005138e-02,-2.504525926014425363e-03,3.099128572184524626e-03,-2.767168926965378234e-04,-1.125379719260546224e-04,7.133396160991603563e-02,1.009596606006920583e-01,-5.232820253681325084e-03,-9.730017536430324299e-03,1.184760710325338806e-02,-3.178840250352976682e-04,-3.109545255064460889e-06,-5.233010316287867170e-03,1.702665263734063489e-02,-1.315731743523694819e+00,-2.265374881706621046e-01,-1.791705470525474464e+00,4.508344248037952084e-01,1.576958183815170500e+00,2.487031122550860118e-01
2.400000000000000189e-01,7.235405821446150298e-02,-2.638040687984025134e-03,3.266662754939159835e-03,-3.033196291085720679e-04,-1.145843515259459245e-04,7.235534769018328594e-02,1.024116280315178762e-01,-5.227263725266606542e-03,-9.719523452406342301e-03,1.183515992376626969e-02,-3.175210679335904729e-04,-3.105686822379993828e-06,-5.227453586053254497e-03,1.700857233528733220e-02,-1.314780641005132589e+00,-2.265708818496756649e-01,-1.791664148811178636e+00,4.508307352452258776e-01,1.576956683308877949e+00,2.496542317432179914e-01
2.533333333333333548e-01,7.415595145022474410e-02,-2.813718044444540704e-03,3.486431652232034346e-03,-3.348412724172600296e-04,-1.179015448409968309e-04,7.415727142564734753e-02,1.049695397490935378e-01,-5.221713097113500623e-03,-9.709033094853047885e-03,1.182273205649808645e-02,-3.171573345150946466e-04,-3.101807191985272993e-06,-5.221902756294305448e-03,1.699051121589649146e-02,-1.313815920228939671e+00,-2.266060557255156205e-01,-1.791620593307779341e+00,4.508266909835043634e-01,1.576955155517524076e+00,2.506189697124203697e-01
2.666666666666666630e-01,7.699780721331926647e-02,-3.048630875518413066e-03,3.779671554446840508e-03,-3.737109134394319744e-04,-1.229270822087278594e-04,7.699917595008541615e-02,1.090012396757060603e-01,-5.216168362956352667e-03,-9.698544092839878061e-03,1.181032542660087614e-02,-3.167924548042044819e-04,-3.097898283677125164e-06,-5.216357820745365359e-03,1.697246925359204364e-02,-1.312827174209603376e+00,-2.266435719661084036e-01,-1.791574107552416306e+00,4.508222264332055751e-01,1.576953583496925937e+00,2.516077333314288289e-01
2.800000000000000266e-01,7.931604912987168243e-02,-3.267374801518871212e-03,4.053244749857373361e-03,-4.124626586764868841e-04,-1.271588076589789940e-04,7.931745721083074963e-02,1.122924106690527807e-01,-5.210629516537501615e-03,-9.688053121035267168e-03,1.179794274370404850e-02,-3.164259093182408833e-04,-3.093948755861219979e-06,-5.210818773148329086e-03,1.695444642073382080e-02,-1.311800536780092452e+00,-2.266842203777819087e-01,-1.791523711931690244e+00,4.508172436210262646e-01,1.576951944469163536e+00,2.526343890107631829e-01
2.933333333333333348e-01,8.007018345448571606e-02,-3.412207481202195712e-03,4.235587016591082533e-03,-4.441584059401885260e-04,-1.288944630895115918e-04,8.007160316315957427e-02,1.133688368084262155e-01,-5.205096551604171395e-03,-9.677561119371347331e-03,1.178558321032685541e-02,-3.160578469021402270e-04,-3.089961903235405316e-06,-5.205285607250420554e-03,1.693644269915407438e-02,-1.310742989458360874e+00,-2.267277853751354932e-01,-1.791469668668358883e+00,4.508117441189103403e-01,1.576950249018394423e+00,2.536919551069076739e-01
3.066666666666666985e-01,7.926227058271841097e-02,-3.475038589741536160e-03,4.316441766422650893e-03,-4.666739031334679361e-04,-1.280971358602098588e-04,7.926367436942829969e-02,1.122327018680474575e-01,-5.199569461910691359e-03,-9.667072277121047108e-03,1.177324335763696439e-02,-3.156889254931627420e-04,-3.085952151593573944e-06,-5.199758316806413205e-03,1.691845807786385159e-02,-1.309675387012301018e+00,-2.267732814748848469e-01,-1.791413194174804380e+00,4.508058220068309474e-01,1.576948530425553052e+00,2.547595764824164277e-01
3.200000000000000067e-01,7.689440446968209830e-02,-3.447781195207194616e-03,4.285553035979249199e-03,-4.778816128330816860e-04,-1.247300955722205817e-04,7.689576495278106771e-02,1.088862029590859648e-01,-5.194048241219384465e-03,-9.656591223648369748e-03,1.176091935544398837e-02,-3.153198719259009408e-04,-3.081935418425274520e-06,-5.194236895577297730e-03,1.690049254682678484e-02,-1.308618556737864758e+00,-2.268196153227481915e-01,-1.791355641617918826e+00,4.507995996881226652e-01,1.576946822463741071e+00,2.558164254740087351e-01
3.333333333333333703e-01,7.400866221449126092e-02,-3.382012348426678781e-03,4.206667906291809700e-03,-4.830995239166957977e-04,-1.204675331755667231e-04,7.400997043912620199e-02,1.048052468493552852e-01,-5.188532883297902742e-03,-9.646123026909592113e-03,1.174860701354063508e-02,-3.149514816818133056e-04,-3.077929101813481338e-06,-5.188721337330726158e-03,1.688254609695728423e-02,-1.307593298011602290e+00,-2.268655857386843167e-01,-1.791298500910772473e+00,4.507932279332846903e-01,1.576945159395799934e+00,2.568417023400457744e-01
3.466666666666666785e-01,7.216524069327669155e-02,-3.366298172558697573e-03,4.189614247639974857e-03,-4.932539783955572008e-04,-1.178715149924222254e-04,7.216651511117139206e-02,1.022006354761130359e-01,-5.183023381920115469e-03,-9.635669839830995898e-03,1.173630453864227263e-02,-3.145840934788424192e-04,-3.073940599840341292e-06,-5.183211635841011855e-03,1.686461871274927415e-02,-1.306606515848742323e+00,-2.269106792366635261e-01,-1.791242412005355167e+00,4.507867866062991169e-01,1.576943553162024614e+00,2.578285019459007898e-01
3.600000000000000422e-01,7.110295094168647689e-02,-3.390383092738503360e-03,4.221800916701853694e-03,-5.077085400475317032e-04,-1.165355407540565990e-04,7.110420534365929912e-02,1.007026677857087854e-01,-5.177519730866997349e-03,-9.625228835087984436e-03,1.172401423163416112e-02,-3.142172657888409049e-04,-3.069960256230075402e-06,-5.177707784889129528e-03,1.684671036776509354e-02,-1.305644312639498539e+00,-2.269555632122974842e-01,-1.791186550482053219e+00,4.507802098865871798e-01,1.576941981541824411e+00,2.587907221473830788e-01
3.733333333333333504e-01,7.082081862957484431e-02,-3.457999578369350905e-03,4.307962789338593869e-03,-5.274466891431649424e-04,-1.164765214767665545e-04,7.082206672850722973e-02,1.003103262796435080e-01,-5.172021923927516696e-03,-9.614797769546878925e-03,1.171173791289970012e-02,-3.138506486419778696e-04,-3.065980424210579258e-06,-5.172209778262271129e-03,1.682882103688679298e-02,-1.304696273293609377e+00,-2.270007683202006632e-01,-1.791130259803163760e+00,4.507734404393866079e-01,1.576940427734614403e+00,2.597387782186317828e-01
3.866666666666667140e-01,7.131787769967999624e-02,-3.572794992142489488e-03,4.452728221336438308e-03,-5.534313301579969237e-04,-1.177109137394906834e-04,7.131913313164785218e-02,1.010226223427287684e-01,-5.166529954895970889e-03,-9.604374198714626942e-03,1.169947756810918449e-02,-3.134838605580725357e-04,-3.061992777553257383e-06,-5.166717609755622220e-03,1.681095069459343644e-02,-1.303751995711881717e+00,-2.270468749812457609e-01,-1.791072820299305812e+00,4.507664078168645005e-01,1.576938874714327810e+00,2.606830724416786538e-01
4.000000000000000222e-01,7.129510971995323132e-02,-3.656721372588648666e-03,4.559188725567907448e-03,-5.754353262203497875e-04,-1.180846194021136007e-04,7.129636337262887369e-02,1.009983513873676936e-01,-5.161043817572874559e-03,-9.593955483240712567e-03,1.168723534283966359e-02,-3.131164895702198692e-04,-3.057988333665662140e-06,-5.161231273168809253e-03,1.679309931497760880e-02,-1.302801090675886009e+00,-2.270945122478078559e-01,-1.791013450589687972e+00,4.507590287324623191e-01,1.576937305235477815e+00,2.616339942167673627e-01
4.133333333333333859e-01,7.075316808070890306e-02,-3.707347692235303960e-03,4.624258887930598853e-03,-5.928161152631147238e-04,-1.175867136831267246e-04,7.075441089332401567e-02,1.002381709184373138e-01,-5.155563505765403676e-03,-9.583543358684387670e-03,1.167500978656699218e-02,-3.127488090628460782e-04,-3.053973077093985466e-06,-5.155750762309452284e-03,1.677526688173916827e-02,-1.301850489212953210e+00,-2.271432685327758882e-01,-1.790952661406680413e+00,4.507513562614460234e-01,1.576935730773885602e+00,2.625846123950692501e-01
4.266666666666666941e-01,7.098992852749733129e-02,-3.806975188294913718e-03,4.750246487046779278e-03,-6.169261839724363063e-04,-1.183904036278990175e-04,7.099117409752510321e-02,1.005821518364984901e-01,-5.150089013288283724e-03,-9.573139689509346795e-03,1.166279934304803589e-02,-3.123811125824715873e-04,-3.049953425815488117e-06,-5.150276070992276800e-03,1.675745337887005193e-02,-1.300907113638543722e+00,-2.271926998353390736e-01,-1.790891004621508076e+00,4.507434520465758432e-01,1.576934162951036278e+00,2.635280045403134430e-01
4.400000000000000022e-01,7.200439800092456322e-02,-3.959248115637564042e-03,4.941779174629636583e-03,-6.487315343885649132e-04,-1.205119935292697856e-04,7.200565984800041952e-02,1.020293123784423439e-01,-5.144620333961569258e-03,-9.562741739975955113e-03,1.165060623698499498e-02,-3.120129730866949558e-04,-3.045920072608510054e-06,-5.144807193036005089e-03,1.673965878033006199e-02,-1.299960581258177150e+00,-2.272434595045162986e-01,-1.790827668001680806e+00,4.507352263641228873e-01,1.576932584412321425e+00,2.644745535282804205e-01
4.533333333333333659e-01,7.379554692300854812e-02,-4.167892638257853118e-03,5.203590351109002241e-03,-6.892219930549525666e-04,-1.239680827739555666e-04,7.379683848636611754e-02,1.045786555319785094e-01,-5.139157461613308442e-03,-9.552346582570425682e-03,1.163843285036136876e-02,-3.116439335459908477e-04,-3.041863067654304587e-06,-5.139344122269129400e-03,1.672188305970713496e-02,-1.299000522618164899e+00,-2.272962494793913102e-01,-1.790761777612685846e+00,4.507265766103309979e-01,1.576930977585741189e+00,2.654346289929203628e-01
4.666666666666666741e-01,7.662146192878827033e-02,-4.454711279527799432e-03,5.562929331476573931e-03,-7.420889141246005734e-04,-1.292170501512524743e-04,7.662280106372802713e-02,1.085967775732312457e-01,-5.133700390076434417e-03,-9.541951095386469461e-03,1.162628172453672448e-02,-3.112735065426974757e-04,-3.037771807434808125e-06,-5.133886852524582878e-03,1.670412619021337253e-02,-1.298016581992524676e+00,-2.273518213812346644e-01,-1.790692396408004372e+00,4.507173869837570734e-01,1.576929324677971422e+00,2.664185868394053358e-01
4.800000000000000377e-01,7.892605493411931905e-02,-4.715849487511107260e-03,5.890564376514181855e-03,-7.923644179005824573e-04,-1.336281276160494844e-04,7.892743241387169262e-02,1.118769208452747160e-01,-5.128249113192318021e-03,-9.531550959281265278e-03,1.161415638426710473e-02,-3.109010172184234477e-04,-3.033631617910259592e-06,-5.128435377642848181e-03,1.668638814251402827e-02,-1.296994962500140902e+00,-2.274112175316282958e-01,-1.790618224016917948e+00,4.507074924649021597e-01,1.576927601783969735e+00,2.674402241869215935e-01
4.933333333333333459e-01,7.967399745236730668e-02,-4.874617087810984538e-03,6.090872823998109108e-03,-8.280901205997323166e-04,-1.354142796695355648e-04,7.967538615624430998e-02,1.129498903185494479e-01,-5.122803624806770983e-03,-9.521147642804983491e-03,1.160205559776184003e-02,-3.105266972598386133e-04,-3.029447594116163600e-06,-5.122989691469737039e-03,1.666866889988970202e-02,-1.295942615101019380e+00,-2.274740955247951391e-01,-1.790539683158564488e+00,4.506969276059966667e-01,1.576925820075601337e+00,2.684925899524399640e-01
5.066666666666667096e-01,7.886753695921638885e-02,-4.922944845783735861e-03,6.153602678387638802e-03,-8.471208715412118471e-04,-1.345396424720734878e-04,7.886890994135498101e-02,1.118178486106552322e-01,-5.117363918773598641e-03,-9.510746860339480691e-03,1.158997464465194582e-02,-3.101514432728436077e-04,-3.025239307508087450e-06,-5.117549787859942967e-03,1.665096845481849400e-02,-1.294880295134987813e+00,-2.275390904192993169e-01,-1.790458471520911088e+00,4.506858864043885582e-01,1.576924014551872588e+00,2.695549284345233332e-01
5.200000000000000178e-01,7.650895364271449728e-02,-4.852768195959354137e-03,6.068502693408047051e-03,-8.473072718645741986e-04,-1.309685451065649724e-04,7.651028413324527377e-02,1.084829697792668995e-01,-5.111929988952823578e-03,-9.500354747729922167e-03,1.157790845914830058e-02,-3.097762177359797420e-04,-3.021027743521642606e-06,-5.112115660672156281e-03,1.663328680065549736e-02,-1.293828727975531612e+00,-2.276047296839096568e-01,-1.790376423485199320e+00,4.506745914594345592e-01,1.576922220689972676e+00,2.706065139004079079e-01
5.333333333333333259e-01,7.363530162671484691e-02,-4.734628574615185569e-03,5.923381949344562296e-03,-8.389712910498797142e-04,-1.264607594986960366e-04,7.363658088338147223e-02,1.044161228760211030e-01,-5.106501829210685628e-03,-9.489977862011667042e-03,1.156585163042178621e-02,-3.094020489333715318e-04,-3.016835290914343659e-06,-5.106687303772616815e-03,1.661562393164414675e-02,-1.292808608593628783e+00,-2.276694332598556691e-01,-1.790295510115953892e+00,4.506632940291428469e-01,1.576920474442705000e+00,2.716266510221845287e-01
5.466666666666667451e-01,7.179898582131807871e-02,-4.685506939035917473e-03,5.864154779368153242e-03,-8.405760334369024407e-04,-1.237052493694664780e-04,7.180023189849468745e-02,1.018205864413297274e-01,-5.101079433420974141e-03,-9.479618834797420845e-03,1.155380197371336237e-02,-3.090293502969743145e-04,-3.012670934054995087e-06,-5.101264711034225741e-03,1.659797983353617293e-02,-1.291826804571939213e+00,-2.277325616408507614e-01,-1.790216531689962531e+00,4.506521077452623203e-01,1.576918788299245477e+00,2.726084721006296618e-01
5.600000000000000533e-01,7.074001195952020482e-02,-4.690399774527602254e-03,5.872213097361933011e-03,-8.502408100849698528e-04,-1.222737780456360833e-04,7.074123834793202836e-02,1.003279257836502819e-01,-5.095662795461919359e-03,-9.469273824309620835e-03,1.154176262274786424e-02,-3.086575215638376335e-04,-3.008521594960456014e-06,-5.095847876336101479e-03,1.658035447812407359e-02,-1.290869484760988284e+00,-2.277950350667046209e-01,-1.790138342959570972e+00,4.506409000648163854e-01,1.576917138895920445e+00,2.735658085259426997e-01
5.733333333333333615e-01,7.045731996144286025e-02,-4.753028962870191852e-03,5.952289560612517710e-03,-8.689594185236906247e-04,-1.221827651366056886e-04,7.045854007021420951e-02,9.993713453671519698e-02,-5.090251909220189219e-03,-9.458939830999657516e-03,1.152973601878626297e-02,-3.082860944356724531e-04,-3.004377079562914332e-06,-5.090436793564467877e-03,1.656274783905943224e-02,-1.289926284601528028e+00,-2.278575737303651927e-01,-1.790060046784939463e+00,4.506295635206818417e-01,1.576915508578879965e+00,2.745090250372483887e-01
5.866666666666666696e-01,7.094986029757065216e-02,-4.877031062406433741e-03,6.109010245302505526e-03,-8.977052482771608185e-04,-1.234481827177813496e-04,7.095108745555531171e-02,1.006472356286954306e-01,-5.084846768588668908e-03,-9.448613662037530503e-03,1.151772476141932344e-02,-3.079145704263375194e-04,-3.000226551641560491e-06,-5.085031456611321943e-03,1.654515988961870188e-02,-1.288986853668708799e+00,-2.279209474498702370e-01,-1.789980682924131372e+00,4.506179773951015655e-01,1.576913879475345226e+00,2.754484722381844719e-01
6.000000000000000888e-01,7.184591465372022756e-02,-1.142434618455279291e-03,1.377306923773175375e-03,7.398496126771646956e-05,-1.254882070994245121e-04,7.184715574959130158e-02,1.016222052212016058e-01,-5.079447367465572682e-03,-9.438291938030474171e-03,1.150573160300538689e-02,-3.075424219178835017e-04,-2.996058552362512728e-06,-5.079631859375766112e-03,1.652759060272162434e-02,-1.288040855531407791e+00,-2.279859745307022401e-01,-1.789899229454193996e+00,4.506060079917912908e-01,1.576912233499575322e+00,2.763944867375918157e-01
6.133333333333333970e-01,7.223420959539379738e-02,2.634102279058833478e-03,-3.407185002893297655e-03,1.053007030597343137e-03,-1.266462609605517045e-04,7.223545586880919522e-02,1.022517207091809682e-01,-5.074053699757108404e-03,-9.428189382655993711e-03,1.149358015206392025e-02,-3.072032672650770735e-04,-2.992603630680434890e-06,-5.074237995762231890e-03,1.651004042199459912e-02,-1.287082910002691483e+00,-2.280012069922818796e-01,-1.789880865361876960e+00,4.506069944579413900e-01,1.576910560323480759e+00,2.773524488142529165e-01
6.266666666666667052e-01,7.201608709102894079e-02,6.201339549081225522e-04,-8.556549289508211774e-04,5.308791111405581796e-04,-1.266520944340598757e-04,7.201732813456364346e-02,1.018539490466973257e-01,-5.068665759374368918e-03,-9.418308728660562679e-03,1.148126815358319064e-02,-3.068975337976453943e-04,-2.989870669267702397e-06,-5.068849859682256209e-03,1.649250933723185597e-02,-1.286119787208086285e+00,-2.279660856285610215e-01,-1.789926294495248982e+00,4.506210345516827864e-01,1.576908871706668158e+00,2.783155882258370184e-01
6.400000000000000133e-01,7.117297324292164162e-02,-7.186738796333340222e-03,9.034704442311832298e-03,-1.493510888107271728e-03,-1.254595822847593561e-04,7.117419838186378467e-02,1.013256139843468906e-01,-5.063283540235552493e-03,-9.408325874094458641e-03,1.146906178951567767e-02,-3.065744821428850742e-04,-2.986757321465915993e-06,-5.063467445054925520e-03,1.647499662199223766e-02,-1.285159572713539200e+00,-2.279578171758287475e-01,-1.789937703227634902e+00,4.506281129398312935e-01,1.576907183012075997e+00,2.792758192676312312e-01
6.533333333333333215e-01,6.968700494445895233e-02,-2.078868954671705613e-02,2.626945452707654324e-02,-5.025469889110415790e-03,-1.230257214166187126e-04,6.968820325016805706e-02,1.042125168466830065e-01,-5.057907036266851009e-03,-9.397920733231757140e-03,1.145722395491510781e-02,-3.061839974138891307e-04,-2.982175757892946422e-06,-5.058090745804655342e-03,1.645750157147630316e-02,-1.284210599736966829e+00,-2.280536403597799300e-01,-1.789817240501737405e+00,4.506081994613233555e-01,1.576905510217645912e+00,2.802248085793892507e-01
6.666666666666667407e-01,7.455988744338103158e-02,-3.625383246134113169e-02,4.586679550698919555e-02,-9.006082337771517676e-03,-1.319410924802209123e-04,7.456116744269371266e-02,1.209039897262642743e-01,-5.052536241398897232e-03,-9.386785406457764935e-03,1.144600746414692338e-02,-3.056778859722442121e-04,-2.975080795497575537e-06,-5.052719755862078443e-03,1.644002355105374930e-02,-1.283281439671040802e+00,-2.283308228870692957e-01,-1.789466981108043031e+00,4.505411931961353922e-01,1.576903869874693775e+00,2.811539846227248951e-01
6.800000000000000488e-01,7.980619459135686322e-02,-4.788375252797198722e-02,6.062365144908555409e-02,-1.201193682432179048e-02,-1.416727987967423153e-04,7.980756232249285043e-02,1.372977176345105688e-01,-5.047171149568541182e-03,-9.374839519685540523e-03,1.143547799500765905e-02,-3.050436293383640418e-04,-2.965202265059474485e-06,-5.047354469164933022e-03,1.642256244173919549e-02,-1.282287307838462453e+00,-2.288142073198873305e-01,-1.788855423834616598e+00,4.504211120982986039e-01,1.576902110660126866e+00,2.821481335219608866e-01
6.933333333333333570e-01,7.544588624244033537e-02,-5.672151565388267730e-02,7.187567516807664980e-02,-1.438688754482113884e-02,-1.342043170412196573e-04,7.544717796369655727e-02,1.413322396927166602e-01,-5.041811754720626482e-03,-9.362303566774698993e-03,1.142545389401039557e-02,-3.043158586608640803e-04,-2.953293254392974632e-06,-5.041994879657618611e-03,1.640511870609005426e-02,-1.281223225243911079e+00,-2.294526573535935476e-01,-1.788047108481962022e+00,4.502609529406411681e-01,1.576900221689475856e+00,2.832122343529275277e-01
7.066666666666666652e-01,6.152293073941739882e-02,-6.271265324711323974e-02,7.954936985601815391e-02,-1.611095986624709250e-02,-1.093846577910531349e-04,6.152398428309700795e-02,1.345021403674727389e-01,-5.036458050806214004e-03,-9.349332886338324045e-03,1.141580702721833873e-02,-3.035190040270308032e-04,-2.939885101582717652e-06,-5.036640981289419727e-03,1.638769263816354516e-02,-1.280217280094011922e+00,-2.302089442289787513e-01,-1.787088766146387675e+00,4.500691277733768203e-01,1.576898432298581731e+00,2.842181967257766395e-01
7.200000000000000844e-01,3.808378447450454229e-02,-6.581617861232721967e-02,8.358470363081264842e-02,-1.716429845761975256e-02,-6.713999520696215049e-05,3.808443903302430322e-02,1.204723571358276568e-01,-5.031110031781693692e-03,-9.336078779311307585e-03,1.140641270370146287e-02,-3.026768386504841146e-04,-2.925494015038054840e-06,-5.031292768018058581e-03,1.637028450080342534e-02,-1.279396974350819782e+00,-2.310451129389403668e-01,-1.786028107881640681e+00,4.498543149751603742e-01,1.576896973836477756e+00,2.850385165162179213e-01
7.333333333333333925e-01,1.438824949075974760e-02,-7.013388362956431143e-02,8.917312345345002056e-02,-1.854941227996791814e-02,-2.419979757930381352e-05,1.438850149229293010e-02,1.167421927135772058e-01,-5.025767691610560917e-03,-9.322689447346377278e-03,1.139714900072785753e-02,-3.018126058287329272e-04,-2.910623678520352087e-06,-5.025950233806586454e-03,1.635289454011001203e-02,-1.278889190557826350e+00,-2.319226619871046502e-01,-1.784913645166563256e+00,4.496254576623921473e-01,1.576896078636541354e+00,2.855463090366581191e-01
7.466666666666667007e-01,-2.898031894592891650e-03,-7.631493470266902113e-02,9.713678082632186406e-02,-2.039426755746557088e-02,7.220803276886640199e-06,-2.898073352532167662e-03,1.252686994717266133e-01,-5.020431024263416475e-03,-9.309106455773985545e-03,1.138806351047216836e-02,-3.009172411356786370e-04,-2.895076758768766467e-06,-5.020613372624715964e-03,1.633552262395444182e-02,-1.278697347231282810e+00,-2.328577804354989844e-01,-1.783724670187183836e+00,4.493781321653260719e-01,1.576895755972573809e+00,2.857381557232221425e-01
7.600000000000000089e-01,-1.966831823925351344e-02,-8.057794391618942897e-02,1.026775601091920592e-01,-2.174568099059061288e-02,3.766757230855147172e-05,-1.966864444491843097e-02,1.352111710362314256e-01,-5.015100023714857969e-03,-9.295241689736055690e-03,1.137922796695090000e-02,-2.999770835625525933e-04,-2.878556220942130039e-06,-5.015282178447932893e-03,1.631816856477820432e-02,-1.278735987656544060e+00,-2.338753128982014040e-01,-1.782429513109499597e+00,4.491062085978931862e-01,1.576895852249950991e+00,2.856995147451883987e-01
7.733333333333334281e-01,-3.592300351712377632e-02,-8.293673859102342061e-02,1.058052173596077811e-01,-2.259907275280327241e-02,6.707546548281364803e-05,-3.592360600716693747e-02,1.454817406662554935e-01,-5.009774683949252960e-03,-9.281193026239975552e-03,1.137056176011075337e-02,-2.990075039974726678e-04,-2.861394206910006233e-06,-5.009956645258384356e-03,1.630083250564674791e-02,-1.278998231899734161e+00,-2.349496854837505033e-01,-1.781060478974710426e+00,4.488162661846852863e-01,1.576896354484248697e+00,2.854372661525896859e-01
7.866666666666667362e-01,-5.166602487439056479e-02,-8.340496302251616811e-02,1.065282957305730971e-01,-2.294897621273657776e-02,9.539251570794764321e-05,-5.166689546797319232e-02,1.554676058560501006e-01,-5.004454998954521727e-03,-9.267054890626624797e-03,1.136198732114390708e-02,-2.980232893303735864e-04,-2.843910083427658719e-06,-5.004636767046655166e-03,1.628351458399462590e-02,-1.279477205279962559e+00,-2.360555086649642753e-01,-1.779649742743248941e+00,4.485149452146477422e-01,1.576897248823788900e+00,2.849582847391607388e-01
8.000000000000000444e-01,-7.432357776457443332e-02,-8.455964108995429884e-02,1.081397395762806607e-01,-2.353820703811638007e-02,1.359574956807231105e-04,-7.432483492388675117e-02,1.744900488569113561e-01,-4.999140962726578152e-03,-9.252919103954315716e-03,1.135342944946593491e-02,-2.970387698262300091e-04,-2.826413341594502526e-06,-4.999322537805994671e-03,1.626621493863711354e-02,-1.280166085611621041e+00,-2.371675748385979610e-01,-1.778229365466841294e+00,4.482089588651447798e-01,1.576898520723998054e+00,2.842693927995876280e-01
8.133333333333333526e-01,-9.723537185457034604e-02,-8.704864320298573432e-02,1.114619044118366625e-01,-2.449622005695369434e-02,1.765800933654667183e-04,-9.723702140070666911e-02,1.987739275327130573e-01,-4.993832569267109278e-03,-9.238752701130170664e-03,1.134491498995249259e-02,-2.960488327845567369e-04,-2.808792201491883134e-06,-4.994013951539422180e-03,1.624893348748276609e-02,-1.281157066648481946e+00,-2.382950367197973485e-01,-1.776787502272490826e+00,4.478951161046365037e-01,1.576900333490606876e+00,2.832783950006025897e-01
8.266666666666667718e-01,-1.096763309590983448e-01,-8.860802471211332021e-02,1.135888885690707478e-01,-2.513159860284814792e-02,1.979911674819683257e-04,-1.096781958832010184e-01,2.131751822408504971e-01,-4.988529812584463485e-03,-9.224492747491819244e-03,1.133649512365142442e-02,-2.950437341846523509e-04,-2.790833956822780237e-06,-4.988711002253953808e-03,1.623167008924192994e-02,-1.282453538273209626e+00,-2.394556852958373838e-01,-1.775301343546999755e+00,4.475684998372102541e-01,1.576902687891851507e+00,2.819819013819264697e-01
8.400000000000000799e-01,-1.116807272800444117e-01,-8.918904424321266733e-02,1.144535637123994948e-01,-2.542628572278942886e-02,2.005584176054946589e-04,-1.116826300498752478e-01,2.159778571740139930e-01,-4.983232686692762314e-03,-9.210184875715121677e-03,1.132813243572794448e-02,-2.940306059686648155e-04,-2.772691646946157107e-06,-4.983413683964155183e-03,1.621442479912724860e-02,-1.283915889352664319e+00,-2.406371256253323487e-01,-1.773786825032745540e+00,4.472334118558389804e-01,1.576905327774084320e+00,2.805195254368171298e-01
8.533333333333333881e-01,-1.032827017253864776e-01,-8.873124442829095904e-02,1.139732735162088256e-01,-2.535850092376340861e-02,1.847094771276642242e-04,-1.032844640811886178e-01,2.069812201546763486e-01,-4.977941185613232733e-03,-9.195876229615151942e-03,1.131978840896552541e-02,-2.930167849704012895e-04,-2.754523560355437439e-06,-4.978121990690809184e-03,1.619719767982874190e-02,-1.285404965716398173e+00,-2.418263128819084784e-01,-1.772260777516580177e+00,4.468943947128685146e-01,1.576908001886319077e+00,2.790304237028187195e-01
8.666666666666666963e-01,-9.745195905267103886e-02,-8.802265805911486940e-02,1.131727520734303744e-01,-2.523860306122373623e-02,1.735794668988282878e-04,-9.745362433252786893e-02,2.004673803308864577e-01,-4.972655303372874869e-03,-9.181616186574093064e-03,1.131142284644770513e-02,-2.920099223473471284e-04,-2.736495676280981115e-06,-4.972835916460915939e-03,1.617998880438618892e-02,-1.286782068406070012e+00,-2.430093961409522940e-01,-1.770741133869697448e+00,4.465562813672181441e-01,1.576910464679347257e+00,2.776532975150693972e-01
8.800000000000000044e-01,-9.855556494391568001e-02,-8.800819960384050067e-02,1.132713263461855718e-01,-2.536120072544902418e-02,1.747218591720557624e-04,-9.855725196686605794e-02,2.016080080164793509e-01,-4.967375034005350187e-03,-9.167416202349176757e-03,1.130302649621528488e-02,-2.910117732310979477e-04,-2.718646785027090118e-06,-4.967555455307692824e-03,1.616279817898049614e-02,-1.288081427860105599e+00,-2.441830315817403729e-01,-1.769232163842051619e+00,4.462197666597349510e-01,1.576912779072239701e+00,2.763539158573022902e-01
8.933333333333334236e-01,-9.584050393814468050e-02,-8.831267401613961121e-02,1.137746039576013196e-01,-2.554401467955796576e-02,1.691956558307465574e-04,-9.584214696612387840e-02,1.994177362746428483e-01,-4.962100371550981492e-03,-9.153243234418795282e-03,1.129462625092614303e-02,-2.900172131230505101e-04,-2.700866079230479500e-06,-4.962280601271018554e-03,1.614562572334146684e-02,-1.289395502059357712e+00,-2.453564742431249002e-01,-1.767721879490769199e+00,4.458816173167288177e-01,1.576915108697028778e+00,2.750398191644105594e-01
9.066666666666667318e-01,-8.931661434479981621e-02,-8.891577473526567077e-02,1.146581175460318486e-01,-2.578307987675974855e-02,1.571363211428028559e-04,-8.931814739640443757e-02,1.940939975065444634e-01,-4.956831310055420659e-03,-9.139082524404429364e-03,1.128623408285189811e-02,-2.890239606112565696e-04,-2.683103983436296858e-06,-4.957011348396545003e-03,1.612847138925864107e-02,-1.290673375445199556e+00,-2.465339765633398628e-01,-1.766204884771334527e+00,4.455410304543345745e-01,1.576917364639106367e+00,2.737619238715289782e-01
9.200000000000000400e-01,-7.899462194834860895e-02,-8.980017647952406867e-02,1.159011258134923228e-01,-2.607516622782453733e-02,1.386662434477351326e-04,-7.899597886931386537e-02,1.861654940019981108e-01,-4.951567843571424987e-03,-9.124920436799577317e-03,1.127786101249128592e-02,-2.880299159171428869e-04,-2.665315048666627717e-06,-4.951747690737029473e-03,1.611133512883309096e-02,-1.291864263636463450e+00,-2.477195202264765861e-01,-1.764676109870720877e+00,4.451972560559775971e-01,1.576919459790055100e+00,2.725710152395768304e-01
9.333333333333333481e-01,-7.072595635288547733e-02,-9.049127563369409322e-02,1.169010473476459200e-01,-2.633135267349480738e-02,1.239278963228875963e-04,-7.072717197166807079e-02,1.804227676477372366e-01,-4.946309966157969029e-03,-9.110744326915831692e-03,1.126951721929270178e-02,-2.870331397315517563e-04,-2.647457499449501483e-06,-4.946489622351002424e-03,1.609421689440150571e-02,-1.292917525262441414e+00,-2.489168559128702718e-01,-1.763130761526541024e+00,4.448495871729400974e-01,1.576921308673300715e+00,2.715177355213191923e-01
9.466666666666667673e-01,-6.501294235720546377e-02,-9.096091254414988281e-02,1.176212131218545287e-01,-2.654639488426284097e-02,1.137151930423835290e-04,-6.501406044064686474e-02,1.768244104430690689e-01,-4.941057671880244584e-03,-9.096563358076625860e-03,1.126119520918233974e-02,-2.860350550255574831e-04,-2.629562900757775878e-06,-4.941237137303211568e-03,1.607711668173211761e-02,-1.293860538013813288e+00,-2.501234062546529024e-01,-1.761572080895239090e+00,4.444985024706267218e-01,1.576922961045251981e+00,2.705747065616970204e-01
9.600000000000000755e-01,-5.627178623039227195e-02,-9.165335811019781342e-02,1.186269731030845931e-01,-2.680417278020107152e-02,9.841641772946473521e-05,-5.627275395699547766e-02,1.718263860068114934e-01,-4.935810954809660700e-03,-9.082387838062366825e-03,1.125288658959044952e-02,-2.850372552867241893e-04,-2.611666431562298385e-06,-4.935990229665065954e-03,1.606003449018210405e-02,-1.294727377245242783e+00,-2.513362184219083417e-01,-1.760003798053614288e+00,4.441445505388363912e-01,1.576924477247826140e+00,2.697078524224885143e-01
9.733333333333333837e-01,-4.451343555838803423e-02,-9.256342692018872109e-02,1.199128487247681091e-01,-2.710450796568119464e-02,7.809114229730116145e-05,-4.451420015844895911e-02,1.662669531318344551e-01,-4.930569809023843675e-03,-9.068207850808640558e-03,1.124459932467392065e-02,-2.840382230182569856e-04,-2.593735421108078754e-06,-4.930748893514191877e-03,1.604297027766592512e-02,-1.295477667728314630e+00,-2.525582631967111524e-01,-1.758422105078906394e+00,4.437871615684336746e-01,1.576925789466729455e+00,2.689575490363953492e-01
9.866666666666666918e-01,-2.975023792305607484e-02,-9.369116959827701596e-02,1.214801369757553401e-01,-2.744874337668991304e-02,5.277586062557728221e-05,-2.975074679043829273e-02,1.614282466907803748e-01,-4.925334228607525233e-03,-9.054013862965781811e-03,1.123634104084381136e-02,-2.830365052304273377e-04,-2.575738765830948296e-06,-4.925513122934432886e-03,1.602592400151526403e-02,-1.296071180202426509e+00,-2.537924422223136744e-01,-1.756823267095909413e+00,4.434257681288911179e-01,1.576926830681959935e+00,2.683640263676161375e-01
1.000000000000000000e+00,-1.474519008378657320e-02,-1.025697577135982891e-01,1.331067534008384401e-01,-3.004897849949924107e-02,2.724425053126267211e-05,-1.474543864626478087e-02,1.719760257737344700e-01,-4.920104207650322081e-03,-9.039796493700347213e-03,1.122811921326505313e-02,-2.820306779378611850e-04,-2.557646164191851312e-06,-4.920282912015849774e-03,1.600889561800171446e-02,-1.296467850041400638e+00,-2.550416578169572013e-01,-1.755203531936232686e+00,4.430597848838684349e-01,1.576927534360101468e+00,2.679673497437438101e-01
1.013333333333333419e+00,-1.805330300712830460e-03,-1.112893175058292244e-01,1.445690732404112111e-01,-3.265908689893919775e-02,5.281729387122418026e-06,-1.805354227039299153e-03,1.853609010413294622e-01,-4.914879740248956352e-03,-9.025209472793171983e-03,1.122021417831309265e-02,-2.809677601747218034e-04,-2.538304731736218400e-06,-4.915058254855164677e-03,1.599188550703111583e-02,-1.296664452575851056e+00,-2.564092545864720130e-01,-1.753428775224221470e+00,4.426591318372086192e-01,1.576927897616775098e+00,2.677707438951268948e-01
1.026666666666666838e+00,1.066251075389065134e-02,-1.083775815341091742e-01,1.409475813206318984e-01,-3.189504324511680672e-02,-1.599801405234235348e-05,1.066270329286812812e-02,1.812638885049957238e-01,-4.909660820505923340e-03,-9.010268330876591847e-03,1.121261085504521304e-02,-2.798503236274285655e-04,-2.517771349630493205e-06,-4.909839145554872886e-03,1.597489248575765033e-02,-1.296688523646527313e+00,-2.578931121532166415e-01,-1.751501187581016028e+00,4.422236773452228320e-01,1.576927968039833594e+00,2.677466725054329366e-01
1.040000000000000036e+00,2.266377304559925518e-02,-9.384798761768103903e-02,1.221854950703525761e-01,-2.768660695268350749e-02,-3.664143438600276427e-05,2.266417384545946212e-02,1.597829806875009639e-01,-4.904447442531267853e-03,-8.995486871078206548e-03,1.120489543510583275e-02,-2.787570304061404158e-04,-2.497760032582618805e-06,-4.904625578223686944e-03,1.595791760410234308e-02,-1.296546356836475455e+00,-2.593381465736714908e-01,-1.749621886496740997e+00,4.417984101019545307e-01,1.576927754732979636e+00,2.678888418826712581e-01
1.053333333333333455e+00,3.421958927613210494e-02,-6.686894795099958266e-02,8.715795519326442753e-02,-1.984899402871635396e-02,-5.393657364126976643e-05,3.422019038675082336e-02,1.216714943895373796e-01,-4.899239600439919684e-03,-8.981380014741358053e-03,1.119665498138466830e-02,-2.777663321955614606e-04,-2.479979961833578272e-06,-4.899417546976980731e-03,1.594096204716353299e-02,-1.296244173195867377e+00,-2.605894530752403959e-01,-1.747992746562469613e+00,4.414292553425855914e-01,1.576927266180520704e+00,2.681910308672774690e-01
1.066666666666666652e+00,5.002769137331528060e-02,-3.507868362214171254e-02,4.569087673819693246e-02,-1.010038975080320735e-02,-8.716785187059371959e-05,5.002856616698314607e-02,9.179228219184792925e-02,-4.894037288353914050e-03,-8.957288135870378198e-03,1.117315100514648663e-02,-2.752537822665601652e-04,-2.429061182418479348e-06,-4.894215045936345376e-03,1.590764050931088580e-02,-1.295787912005518905e+00,-2.614810390479203051e-01,-1.746830640493226117e+00,4.411646020888695396e-01,1.576926547026205938e+00,2.686473000724340920e-01
1.080000000000000071e+00,6.613327688315964736e-02,-8.506705936038572863e-03,1.104070339984742841e-02,-2.220820388468166574e-03,-1.124702864061653167e-04,6.613442984993482543e-02,9.458635733069228890e-02,-4.888840500400615241e-03,-8.957621038957253035e-03,1.117745597319563799e-02,-2.764602998457377225e-04,-2.459111758668086622e-06,-4.889018069229145169e-03,1.590767714578480638e-02,-1.295120876120541276e+00,-2.619487548295489354e-01,-1.746221428803383491e+00,4.410299302255253906e-01,1.576925384788181006e+00,2.693143476213273324e-01
1.093333333333333490e+00,7.588683897940359802e-02,6.078941362503197630e-03,-8.003486202445904418e-03,2.187042311326415321e-03,-1.298255105013764669e-04,7.588815939317329617e-02,1.078129602347779326e-01,-4.883649230714048883e-03,-8.947666410715982011e-03,1.116594187201291888e-02,-2.760993338362105476e-04,-2.455033413895080230e-06,-4.883826610989849826e-03,1.589078415720340462e-02,-1.294239099095432444e+00,-2.620621775753626537e-01,-1.746074219424718965e+00,4.410003192870126654e-01,1.576923885184362106e+00,2.701961400193262364e-01
1.106666666666666687e+00,7.926915017967320343e-02,9.569640061609468312e-03,-1.256207400188770994e-02,3.249022992906760998e-03,-1.361906136013004212e-04,7.927052739153007954e-02,1.132579935173153307e-01,-4.878463473435346032e-03,-8.938476312121856893e-03,1.115383599560892947e-02,-2.758534954674374262e-04,-2.453456663609188126e-06,-4.878640665357369954e-03,1.587391123740578350e-02,-1.293227274575706964e+00,-2.619811250238628375e-01,-1.746180932574084910e+00,4.410294798511635861e-01,1.576922154177555768e+00,2.712079821445687600e-01
1.120000000000000107e+00,7.624756905141226448e-02,1.987137688073044219e-03,-2.664664282706777874e-03,9.736262668338470155e-04,-1.313529982852137154e-04,7.624889238137336211e-02,1.078869766435442412e-01,-4.873283222710522722e-03,-8.929478316555883310e-03,1.114159688044091823e-02,-2.756356735256204615e-04,-2.452485074577737123e-06,-4.873460226479942037e-03,1.585705675840031956e-02,-1.292170352573311254e+00,-2.618535298230413311e-01,-1.746348426894110073e+00,4.410728001577357560e-01,1.576920338302707947e+00,2.722649225097892867e-01
1.133333333333333304e+00,7.471488485671892721e-02,-5.720753854625705570e-03,7.392886210899459777e-03,-1.327281874532626471e-03,-1.290539415451485007e-04,7.471618014339848068e-02,1.060847855145135993e-01,-4.868108472693144506e-03,-8.920094526036592697e-03,1.112968747487741439e-02,-2.753579149210594323e-04,-2.450205523807369445e-06,-4.868285288508911179e-03,1.584021904453682128e-02,-1.291153718319292487e+00,-2.618270346538671411e-01,-1.746383955751212858e+00,4.410857818412936560e-01,1.576918586929397570e+00,2.732815744082075504e-01
1.146666666666666723e+00,7.744810407150187759e-02,-6.059886471515892742e-03,7.831936024914607983e-03,-1.408015369674651225e-03,-1.342825842524784821e-04,7.744944480373061602e-02,1.099849412861414882e-01,-4.862939217541217829e-03,-8.910324216800269426e-03,1.111810837797122531e-02,-2.750201004317887055e-04,-2.446616222950837027e-06,-4.863115845602727916e-03,1.582339809129620564e-02,-1.290157519854536305e+00,-2.619033113719289041e-01,-1.746285383935067603e+00,4.410680847496331047e-01,1.576916866210177126e+00,2.742777901434529930e-01
1.160000000000000142e+00,7.792022853990797360e-02,-6.206967239730180018e-03,8.023725226369829780e-03,-1.448821532596388309e-03,-1.355953783390309673e-04,7.792157568096229336e-02,1.106723002881874335e-01,-4.857775451420742741e-03,-8.900547472065589716e-03,1.110655503116753096e-02,-2.746800882360567186e-04,-2.442975464589380863e-06,-4.857951891927836385e-03,1.580659495282142266e-02,-1.289124878466916257e+00,-2.619841098582158523e-01,-1.746180958121402060e+00,4.410493112113709202e-01,1.576915075775720432e+00,2.753104494075024888e-01
1.173333333333333339e+00,7.613465944471015101e-02,-6.150185445022209908e-03,7.952765745147458154e-03,-1.446066332791880833e-03,-1.329418563190802875e-04,7.613597421415922717e-02,1.081496786110918706e-01,-4.852617168502604272e-03,-8.890774037203286184e-03,1.109501960311654045e-02,-2.743393632891333311e-04,-2.439315564650712531e-06,-4.852793421654233441e-03,1.578980963748314106e-02,-1.288085942086384161e+00,-2.620668694214121075e-01,-1.746073975118383803e+00,4.410299935909360869e-01,1.576913267837342758e+00,2.763494037499154565e-01
1.186666666666666758e+00,7.209477232146072057e-02,-5.877979909582386163e-03,7.603887087500179123e-03,-1.396183160424778556e-03,-1.262728576125480347e-04,7.209601619143984896e-02,1.024198553292697544e-01,-4.847464362964792883e-03,-8.881014206702175784e-03,1.108349382437046060e-02,-2.739994938174561412e-04,-2.435670606537598815e-06,-4.847640428959909542e-03,1.577304215515535485e-02,-1.287070813293788030e+00,-2.621488718940123697e-01,-1.745967938241781869e+00,4.410107127064990529e-01,1.576911495279258446e+00,2.773645500727708324e-01
1.200000000000000178e+00,6.605426097555983089e-02,-5.403360170422126345e-03,6.993626066704694035e-03,-1.301032671125855120e-03,-1.159882097020090819e-04,6.605539993898741635e-02,9.384185899743922865e-02,-4.842317028990628103e-03,-8.871278817397243444e-03,1.107196899301854387e-02,-2.736621302514841148e-04,-2.432076420255668836e-06,-4.842492908028184218e-03,1.575629251722785243e-02,-1.286109549662835194e+00,-2.622272449594733601e-01,-1.745866553080615224e+00,4.409920969310268113e-01,1.576909811641156622e+00,2.783258302886566504e-01
1.213333333333333375e+00,6.152275722304467731e-02,-5.050749227899231815e-03,6.540324285546937795e-03,-1.230671633421168620e-03,-1.082877301158179442e-04,6.152381742975274181e-02,8.740733353603852285e-02,-4.837175160770090798e-03,-8.861578018242610710e-03,1.106043696010861055e-02,-2.733288179994630696e-04,-2.428566511447627363e-06,-4.837350853049038335e-03,1.573956073319985813e-02,-1.285228826183161033e+00,-2.622992897617457686e-01,-1.745773304733059250e+00,4.409747498287450718e-01,1.576908265131693909e+00,2.792065689545095708e-01
1.226666666666666794e+00,6.000076309464724700e-02,-4.971549822492041942e-03,6.439500557928583453e-03,-1.218942663014549281e-03,-1.058809744444414472e-04,6.000179620522676921e-02,8.525249337622388401e-02,-4.832038752499379086e-03,-8.851905596184650449e-03,1.104890268321412350e-02,-2.729986123863881176e-04,-2.425120316118523078e-06,-4.832214258217781833e-03,1.572284676683754351e-02,-1.284408522753520465e+00,-2.623666330847842509e-01,-1.745686100409251873e+00,4.409583408736326149e-01,1.576906821295292360e+00,2.800268865202397706e-01
1.239999999999999991e+00,6.148453929586328304e-02,-5.178444323746557269e-03,6.707802920081153315e-03,-1.269766496645235434e-03,-1.088216727617935065e-04,6.148559669216302481e-02,8.737426524873981304e-02,-4.826907798381796511e-03,-8.842247736124519975e-03,1.103737720719610849e-02,-2.726694121921724445e-04,-2.421692202325687049e-06,-4.827083117736830076e-03,1.570615056063988726e-02,-1.283608512578925165e+00,-2.624329204157507256e-01,-1.745600240401812719e+00,4.409420883047925344e-01,1.576905409548966297e+00,2.808269104696430318e-01
1.253333333333333410e+00,6.597030772113762764e-02,-5.684109744915617594e-03,7.361877188648767792e-03,-1.387070713624043335e-03,-1.171633140114451043e-04,6.597144050476240473e-02,9.376969923613240332e-02,-4.821782292624199329e-03,-8.832590038978960223e-03,1.102587204244631636e-02,-2.723390277208359578e-04,-2.418234664069984774e-06,-4.821957425814815679e-03,1.568947205551491503e-02,-1.282788718721646903e+00,-2.625019663400673942e-01,-1.745510803029544977e+00,4.409251580848372321e-01,1.576903958593329769e+00,2.816467184255384559e-01
1.266666666666666829e+00,7.145223009693051075e-02,-6.304188888550547008e-03,8.164023538081073908e-03,-1.531147793511552970e-03,-1.273673224930985256e-04,7.145345497026911463e-02,1.015862792255246422e-01,-4.816662229442769672e-03,-8.822917544738295703e-03,1.101439914633139949e-02,-2.720051843292381477e-04,-2.414698401231873959e-06,-4.816837176665700326e-03,1.567281119091519168e-02,-1.281909114618698498e+00,-2.625777544699996469e-01,-1.745412644667029722e+00,4.409066638086556189e-01,1.576902396415809093e+00,2.825263376322686426e-01
1.280000000000000027e+00,7.492720787191348153e-02,-6.743212771480215813e-03,8.732832327540091671e-03,-1.636567570186804035e-03,-1.340460382463600961e-04,7.492849035759359400e-02,1.065494943556442725e-01,-4.811547603056354205e-03,-8.813224617308712538e-03,1.100296300722547471e-02,-2.716670263884779501e-04,-2.411064928153905385e-06,-4.811722364510107042e-03,1.565616793246589825e-02,-1.280956418217406023e+00,-2.626618103218469891e-01,-1.745303791019855222e+00,4.408862485047420066e-01,1.576900698184842575e+00,2.834790503652055982e-01
1.293333333333333446e+00,7.689800125838809619e-02,-7.042817826849521838e-03,9.121887758391140216e-03,-1.711883764649791599e-03,-1.380651723426234761e-04,7.689931557631400627e-02,1.093735208397121489e-01,-4.806438407693569559e-03,-8.803520419603305669e-03,1.099155626214276538e-02,-2.713259499214082382e-04,-2.407364589895877316e-06,-4.806612983574876097e-03,1.563954228708595157e-02,-1.279957388779113803e+00,-2.627517198254665232e-01,-1.745187353255488016e+00,4.408644276038060639e-01,1.576898910904332318e+00,2.844780969033067208e-01
1.306666666666666643e+00,7.736686542457940630e-02,-7.195476807612824835e-03,9.321303789898423980e-03,-1.754762306702149994e-03,-1.393930236406775217e-04,7.736818596148931082e-02,1.100601121051450887e-01,-4.801334637586585075e-03,-8.793811980719823396e-03,1.098017325812428169e-02,-2.709830260805290436e-04,-2.403620658508742736e-06,-4.801509028092620923e-03,1.562293425568445429e-02,-1.278932082095668665e+00,-2.628456240631580343e-01,-1.745065728085376078e+00,4.408416024869441507e-01,1.576897070035367499e+00,2.855034211109908071e-01
1.320000000000000062e+00,7.633618145079559825e-02,-7.193346764647194289e-03,9.320772369394964008e-03,-1.762764130565308996e-03,-1.379967288277166688e-04,7.633748276865311155e-02,1.086111011345475275e-01,-4.796236286974675522e-03,-8.784106665239654888e-03,1.096880807496480870e-02,-2.706393768177051129e-04,-2.399857480739342463e-06,-4.796410492302172202e-03,1.560634384006965615e-02,-1.277900523890007634e+00,-2.629415637539262995e-01,-1.744941444034844080e+00,4.408182056561882334e-01,1.576895211461718738e+00,2.865349969238106809e-01
1.333333333333333481e+00,7.445369544782665105e-02,-1.487469599157886964e-02,1.935558327170698936e-02,-4.071749448269497418e-03,-1.349283948151413343e-04,7.445496320105594867e-02,1.081637039166993552e-01,-4.791143350103332921e-03,-8.774412191084657309e-03,1.095745451115259783e-02,-2.702961775571388614e-04,-2.396100532209288758e-06,-4.791317370448577861e-03,1.558977104301198340e-02,-1.276882708137330402e+00,-2.630374750441215603e-01,-1.744817167069918851e+00,4.407947021344473804e-01,1.576893371505334152e+00,2.875528300273928473e-01
1.346666666666666679e+00,7.355245838952371995e-02,-2.266081523653298846e-02,2.953021992554254530e-02,-6.409959069501407029e-03,-1.336271432749166295e-04,7.355370927605035802e-02,1.106650990643827798e-01,-4.786055821223378359e-03,-8.764346801509059759e-03,1.094642032665893439e-02,-2.698953668258674554e-04,-2.391092993825338908e-06,-4.786229656783103081e-03,1.557321632491856338e-02,-1.275889992198026013e+00,-2.632358043240090595e-01,-1.744559092626296160e+00,4.407404121418037057e-01,1.576891572460070279e+00,2.885455628700737130e-01
1.360000000000000098e+00,7.393022739089356865e-02,-1.891542442792166004e-02,2.464388787592092581e-02,-5.293956537559512364e-03,-1.348050200387532573e-04,7.393148304609326038e-02,1.092002808907027445e-01,-4.780973694592738354e-03,-8.753910393809238855e-03,1.093570329388260376e-02,-2.694369521822892466e-04,-2.384835819047026462e-06,-4.781147345563230289e-03,1.555667815061086492e-02,-1.274909292752832268e+00,-2.635379485271629463e-01,-1.744165356360622310e+00,4.406549460208770697e-01,1.576889790764826493e+00,2.895262789937542713e-01
1.373333333333333517e+00,7.562313942942218425e-02,-3.636784634660201240e-03,4.681109693898285323e-03,-7.107711110713417013e-04,-1.385609172615779195e-04,7.562442198490761103e-02,1.071147786388906287e-01,-4.775896964474668493e-03,-8.743670020054050696e-03,1.092484944386562518e-02,-2.690071836193297372e-04,-2.379195616075691078e-06,-4.776070431052215071e-03,1.554015803953689816e-02,-1.273923556387620337e+00,-2.637901541862017751e-01,-1.743836771188943313e+00,4.405843599337098127e-01,1.576887993364559648e+00,2.905120321010352669e-01
1.386666666666666714e+00,7.867001376276268332e-02,2.428727725254209782e-02,-3.178230182777471574e-02,7.505373347104962040e-03,-1.413580880198230492e-04,7.867134588248572702e-02,1.184672481549102069e-01,-4.770825625138641612e-03,-8.734199629618188965e-03,1.091339963345783204e-02,-2.686932884570225610e-04,-2.376058377162593160e-06,-4.770998907519086174e-03,1.552365756448921205e-02,-1.272915247861894805e+00,-2.638386446479970004e-01,-1.743774356393024583e+00,4.405748829855622439e-01,1.576886145885662671e+00,2.915203577275007341e-01
1.400000000000000133e+00,8.466821148228896587e-02,5.632053717839831386e-02,-7.369124976603576294e-02,1.743494425102113179e-02,-1.608604837811397972e-04,8.466964253390955875e-02,1.524600300396950214e-01,-4.765759670861235975e-03,-8.711299244262615815e-03,1.088192224828521404e-02,-2.663368098279050855e-04,-2.328758885283832569e-06,-4.765932769239533684e-03,1.548549280654383867e-02,-1.271866314345057924e+00,-2.635148142846297503e-01,-1.744198120417394859e+00,4.406749546301904630e-01,1.576884261111155539e+00,2.925693090059340307e-01
1.413333333333333330e+00,8.987744231191385769e-02,8.405796964523137849e-02,-1.098297700184268227e-01,2.550572508006521480e-02,-1.677930507933199735e-04,8.987895859613867500e-02,1.895654837896518230e-01,-4.760699095923470736e-03,-8.720232494251689559e-03,1.088735034234833421e-02,-2.688186677142212488e-04,-2.386036915602574027e-06,-4.760872010495464934e-03,1.549126462179136951e-02,-1.270737404858627295e+00,-2.627638737889177456e-01,-1.745180670414275381e+00,4.409074205535374880e-01,1.576882116304704873e+00,2.936982375730528005e-01
1.426666666666666750e+00,9.082756710115118259e-02,9.947323620348075268e-02,-1.298312692882968022e-01,2.996800947025314577e-02,-1.704444317545991238e-04,9.082909686092921486e-02,2.101160765643680928e-01,-4.755643894613470479e-03,-8.715476975315272767e-03,1.087218312719029356e-02,-2.692184774772954370e-04,-2.398308005524540931e-06,-4.755816625574116330e-03,1.547482891108557627e-02,-1.269539038961135180e+00,-2.616431008603146147e-01,-1.746645067347854408e+00,4.412474968879385173e-01,1.576879879064027712e+00,2.948966236876682245e-01
1.440000000000000169e+00,8.746212885177091778e-02,1.037130353437843155e-01,-1.352043369651478311e-01,3.104450355494528177e-02,-1.648342949453364794e-04,8.746359984397218679e-02,2.128377318209211944e-01,-4.750594061225577036e-03,-8.711614626743635625e-03,1.085631744682213906e-02,-2.697537393681059825e-04,-2.413495335140680709e-06,-4.750766608770273791e-03,1.545841382941631412e-02,-1.268328004733119796e+00,-2.603167910442683031e-01,-1.748376150938365070e+00,4.416470703475416926e-01,1.576877606471604132e+00,2.961076783124805267e-01
1.453333333333333366e+00,7.972103099539551430e-02,9.677995039867538785e-02,-1.260145768866015037e-01,2.879986228720708349e-02,-1.507256566250770560e-04,7.972237042546596875e-02,1.969431042262941300e-01,-4.745549590059461309e-03,-8.708006924632361034e-03,1.084026353279110566e-02,-2.703275248423508970e-04,-2.429504212919653128e-06,-4.745721954382275953e-03,1.544201731358320340e-02,-1.267161843015096157e+00,-2.589339505730179347e-01,-1.750178875431233738e+00,4.420609970616076190e-01,1.576875408681004842e+00,2.972738596437336511e-01
1.466666666666666785e+00,7.294253154074166468e-02,8.974549149646776636e-02,-1.167244852997815219e-01,2.656264726206504154e-02,-1.382905427136341028e-04,7.294375601667789366e-02,1.817301750279168571e-01,-4.740510475421011449e-03,-8.704003098041646069e-03,1.082454327249848802e-02,-2.708406396756402046e-04,-2.444193536454974947e-06,-4.740682656716455057e-03,1.542563707709867366e-02,-1.266098895935157564e+00,-2.576435512343691059e-01,-1.751859069789721834e+00,4.424449952254372320e-01,1.576873399005583209e+00,2.983368245827398013e-01
1.480000000000000204e+00,6.906602771993125556e-02,9.018351226022136569e-02,-1.171693105378869837e-01,2.654235892607605465e-02,-1.313568559554815769e-04,6.906718601779859856e-02,1.791832013803890400e-01,-4.735476711622776946e-03,-8.699600368925253235e-03,1.080915977055463273e-02,-2.712924656034232385e-04,-2.457551344647868063e-06,-4.735648710084916502e-03,1.540927303793022778e-02,-1.265126328847947734e+00,-2.564469446810830888e-01,-1.753415396260385561e+00,4.427991638555979215e-01,1.576871555131679870e+00,2.993094079962954623e-01
1.493333333333333401e+00,6.367742356237143797e-02,9.081193893296886366e-02,-1.178571306399816138e-01,2.656388155764402917e-02,-1.214795724511631665e-04,6.367849077287765502e-02,1.759333126920628043e-01,-4.730448292982636360e-03,-8.695229646520363787e-03,1.079376725518876867e-02,-2.717487208179214520e-04,-2.470996329773100797e-06,-4.730620108806427027e-03,1.539292666468683804e-02,-1.264205448478348703e+00,-2.552444978509469387e-01,-1.754977653734224097e+00,4.431530619746122390e-01,1.576869803706934192e+00,3.002303038098661503e-01
1.506666666666666821e+00,5.677178794746498558e-02,9.163442119643504247e-02,-1.187916353619455356e-01,2.662719230135707910e-02,-1.086243043683716747e-04,5.677273917633890443e-02,1.722310040886964599e-01,-4.725425213824685500e-03,-8.690901864775391061e-03,1.077835684363215307e-02,-2.722110921054010646e-04,-2.484565081672940323e-06,-4.725596847203306083e-03,1.537659798321154049e-02,-1.263356416164183704e+00,-2.540336719985072378e-01,-1.756549082142757179e+00,4.435072470620475826e-01,1.576868183979301286e+00,3.010793503535045268e-01
1.520000000000000018e+00,4.834364176636020416e-02,9.265301717218581146e-02,-1.199744071157609893e-01,2.673175859958573652e-02,-9.276303459914106322e-05,4.834445209734809096e-02,1.684260348773959082e-01,-4.720407468478349244e-03,-8.686628217494885007e-03,1.076291941275364650e-02,-2.726813124498406182e-04,-2.498295273767325853e-06,-4.720578919606754909e-03,1.536028702266816967e-02,-1.262599458991550794e+00,-2.528118797158880326e-01,-1.758132970614249890e+00,4.438622762927324494e-01,1.576866735655243268e+00,3.018363202091891573e-01
1.533333333333333437e+00,3.687928190685069163e-02,9.404958990722640799e-02,-1.216373416871140700e-01,2.691687299553710208e-02,-7.098832227307415852e-05,3.687990134522627778e-02,1.645773371482950054e-01,-4.715395051281490169e-03,-8.682420077657404534e-03,1.074744566246188526e-02,-2.731611489776852864e-04,-2.512225420137070842e-06,-4.715566320352415630e-03,1.534399381544318021e-02,-1.261954877101332695e+00,-2.515765061535923941e-01,-1.759732629375793334e+00,4.442186997407269189e-01,1.576865498814782107e+00,3.024809129038206201e-01
1.546666666666666856e+00,2.638984933719313447e-02,9.533738942565653240e-02,-1.231552562303540460e-01,2.707255772688815440e-02,-5.098151900645489759e-05,2.639029443779592962e-02,1.624260838942062635e-01,-4.710387956575523560e-03,-8.678299362006924866e-03,1.073191774811821375e-02,-2.736539947028049369e-04,-2.526429185856216009e-06,-4.710559043782591715e-03,1.532771843644902682e-02,-1.261463153342574639e+00,-2.503225116214959911e-01,-1.761354460598288263e+00,4.445775913806673252e-01,1.576864552303818279e+00,3.029726449217569062e-01
1.560000000000000053e+00,2.040162407065866657e-02,9.608477869772659441e-02,-1.239767615391515337e-01,2.710413456673592056e-02,-3.954553074716962436e-05,2.040196970061666434e-02,1.617702828271398718e-01,-4.705386178708081957e-03,-8.674260053219029487e-03,1.071634032757007304e-02,-2.741589624433160566e-04,-2.540888246471695311e-06,-4.705557084245359789e-03,1.531146085923370745e-02,-1.261111288684745313e+00,-2.490513464291539414e-01,-1.762996530681359753e+00,4.449385588170260419e-01,1.576863872550231527e+00,3.033245155142609839e-01
1.573333333333333472e+00,1.893156712961720570e-02,9.628732436620424107e-02,-1.240991808602539548e-01,2.701351920648576918e-02,-3.675670313379676344e-05,1.893188826883488926e-02,1.616119046424795425e-01,-4.700389712034791501e-03,-8.670271127062090244e-03,1.070073829511208885e-02,-2.746713143104706489e-04,-2.555501286138905925e-06,-4.700560436093681460e-03,1.529522095940782749e-02,-1.260839267030469779e+00,-2.477702160465176107e-01,-1.764649554168548518e+00,4.452999472779159973e-01,1.576863345276487749e+00,3.035965417769359576e-01
1.586666666666666670e+00,2.199769513957810715e-02,9.594347380606253750e-02,-1.235236352416723138e-01,2.680352098824680465e-02,-4.267999133047038551e-05,2.199806694968052881e-02,1.617080168984141864e-01,-4.695398550915719227e-03,-8.666301139090393235e-03,1.068513697502337934e-02,-2.751862292944551314e-04,-2.570164892468085327e-06,-4.695569093689400120e-03,1.527899860398267834e-02,-1.260586846135408168e+00,-2.464863850549683377e-01,-1.766304209913351908e+00,4.456601275340026369e-01,1.576862855187112444e+00,3.038489669538537719e-01
1.600000000000000089e+00,2.540264746226629164e-02,9.686430969796695767e-02,-1.245762218739553395e-01,2.694817007579433307e-02,-4.929026873011601765e-05,2.540307549066515153e-02,1.640693347097310351e-01,-4.690412689715817152e-03,-8.662318457980155983e-03,1.066956193617318860e-02,-2.756988385628211802e-04,-2.584774287495150702e-06,-4.690583051397023695e-03,1.526279365220674887e-02,-1.260293543533547167e+00,-2.452071387375540645e-01,-1.767951191716574222e+00,4.460175078138459703e-01,1.576862286120561230e+00,3.041422745131829863e-01
1.613333333333333508e+00,2.578579249316805336e-02,9.815065364620834121e-02,-1.260899449992551602e-01,2.716694352921060832e-02,-5.010005334403284298e-05,2.578622665847318807e-02,1.661327991445719354e-01,-4.685432122808919075e-03,-8.658396699543491337e-03,1.065395349310316320e-02,-2.762204988924210625e-04,-2.599573887707151698e-06,-4.685602303589053719e-03,1.524660637933938044e-02,-1.259954841567383577e+00,-2.439156146082477328e-01,-1.769612208008227050e+00,4.463768167481898530e-01,1.576861628916978120e+00,3.044809821863916355e-01
1.626666666666666705e+00,2.567458825733960961e-02,9.753943572988388322e-02,-1.251626244091350038e-01,2.685555747004543525e-02,-4.993043549640190500e-05,2.567502037411334426e-02,1.649825405458308081e-01,-4.680456844571523334e-03,-8.654557222302017294e-03,1.063829415588735117e-02,-2.767545399366966308e-04,-2.614635127073938747e-06,-4.680626844644208973e-03,1.523043686522746604e-02,-1.259611031000807957e+00,-2.426069392262983904e-01,-1.771293407274883824e+00,4.467390426619126664e-01,1.576860960916267373e+00,3.048247985418379713e-01
1.640000000000000124e+00,2.506480476807173424e-02,9.502892436705435986e-02,-1.218030465649725114e-01,2.602454571283806251e-02,-4.876908483915024509e-05,2.506522659642061723e-02,1.606246182851274462e-01,-4.675486849389010047e-03,-8.650689271970435357e-03,1.062267370720881843e-02,-2.772838699143242991e-04,-2.629589806790733064e-06,-4.675656668945205041e-03,1.521428464943155000e-02,-1.259268703157376823e+00,-2.413064134165665564e-01,-1.772962242267005717e+00,4.470971167615132025e-01,1.576860295177127114e+00,3.051671321468263365e-01
1.653333333333333544e+00,2.395235279529528416e-02,9.061733125127929833e-02,-1.160196503178206190e-01,2.468402248931511958e-02,-4.660426772746497010e-05,2.395275604290197230e-02,1.530647341736995348e-01,-4.670522131651644315e-03,-8.646682031325791939e-03,1.060718232013879714e-02,-2.777913150611155402e-04,-2.644068067159111024e-06,-4.670691770882751115e-03,1.519814924687135603e-02,-1.258934505760469280e+00,-2.400393610916724541e-01,-1.774586282887872013e+00,4.474441107043509724e-01,1.576859644922662618e+00,3.055013351681119538e-01
1.666666666666666741e+00,2.216696599337581591e-02,8.366953012505630449e-02,-1.070098797945368968e-01,2.267067309698976227e-02,-4.309400625572698610e-05,2.216733956952649659e-02,1.412389154790388013e-01,-4.665562685755020311e-03,-8.642425493444516604e-03,1.059190984118885126e-02,-2.782597563988353784e-04,-2.657701336339357567e-06,-4.665732144851997276e-03,1.518203015644598378e-02,-1.258615141056532050e+00,-2.388311300083221234e-01,-1.776133211558776237e+00,4.477732310042084052e-01,1.576859023532426463e+00,3.058207052486840993e-01
1.680000000000000160e+00,2.070523147949679399e-02,7.798446362442137958e-02,-9.964035618037658804e-02,2.102574880152318498e-02,-4.021996234773793193e-05,2.070558076453608495e-02,1.315647694569766213e-01,-4.660608506100949455e-03,-8.637775007619641343e-03,1.057697465101981038e-02,-2.786666341973997874e-04,-2.670003977911505899e-06,-4.660777785256087213e-03,1.516592672022344483e-02,-1.258319581509953711e+00,-2.377155362733214261e-01,-1.777560009956036691e+00,4.480755066455017754e-01,1.576858448945676727e+00,3.061162697762775942e-01
1.693333333333333357e+00,2.023840667419362846e-02,7.609799328697050558e-02,-9.714117688263756989e-02,2.042648480806116829e-02,-3.932223116453058585e-05,2.023874811697921883e-02,1.283111674265029756e-01,-4.655659587097460417e-03,-8.632805839861479313e-03,1.056231616182579103e-02,-2.790234669038937909e-04,-2.681224279932337140e-06,-4.655828686501717328e-03,1.514983919400282771e-02,-1.258043511756893773e+00,-2.366757434249957548e-01,-1.778888548038441764e+00,4.483558499628554905e-01,1.576857912679511919e+00,3.063923441864715436e-01
1.706666666666666776e+00,2.077339972410894783e-02,7.801316703267670294e-02,-9.949815690926887279e-02,2.085583247258607220e-02,-4.042066607228047008e-05,2.077374986196123957e-02,1.314685805057222434e-01,-4.650715923158799114e-03,-8.627735605087227810e-03,1.054775737724256146e-02,-2.793639512939094516e-04,-2.692087993416691916e-06,-4.650884843003133540e-03,1.513376844166330372e-02,-1.257773666334571105e+00,-2.356611035145026456e-01,-1.780183763730210256e+00,4.486282030936297183e-01,1.576857388383096747e+00,3.066621941613645319e-01
1.720000000000000195e+00,2.231716382891461500e-02,8.373286437844959518e-02,-1.066973697416098293e-01,2.229667234515330179e-02,-4.353613511720187592e-05,2.231753928791575456e-02,1.410276325444559664e-01,-4.645777508704984626e-03,-8.622780601475810158e-03,1.053312182329779745e-02,-2.797216967471705118e-04,-2.703318812358190826e-06,-4.645946249179910836e-03,1.511771534961025600e-02,-1.257496687671582958e+00,-2.346209279540669712e-01,-1.781510405822333887e+00,4.489062808599308951e-01,1.576856849440882336e+00,3.069391774928575956e-01
1.733333333333333393e+00,2.420542709624074612e-02,9.072419778104591492e-02,-1.154945622794675830e-01,2.405454806171773707e-02,-4.734911277357615268e-05,2.420583352318885634e-02,1.527099295428947789e-01,-4.640844338161365101e-03,-8.618159187669061083e-03,1.051823080810132538e-02,-2.801307467117375438e-04,-2.715649604301262343e-06,-4.641012899457397367e-03,1.510168085447699191e-02,-1.257199125487197477e+00,-2.335044897623541615e-01,-1.782933037418888755e+00,4.492035698245331332e-01,1.576856268959081042e+00,3.072367446833630389e-01
1.746666666666666812e+00,2.543137871262347513e-02,9.518384556459094648e-02,-1.210438522364678665e-01,2.511340948961644434e-02,-4.984792541582829027e-05,2.543180515253031307e-02,1.601118239801724852e-01,-4.635916405959505937e-03,-8.613947920509623657e-03,1.050302104333766806e-02,-2.806031700224309589e-04,-2.729339977136646667e-06,-4.636084788267158530e-03,1.508566533134736952e-02,-1.256876386459247597e+00,-2.322948337919403805e-01,-1.784472964915948312e+00,4.495242971320227987e-01,1.576855637637577523e+00,3.075594891303388145e-01
1.760000000000000009e+00,2.615867787051782620e-02,9.774411410254979504e-02,-1.241611897109553692e-01,2.565285964388595852e-02,-5.135512218804673444e-05,2.615911608242383821e-02,1.643063008516011114e-01,-4.630993706537189780e-03,-8.610002978306496857e-03,1.048760939752746424e-02,-2.811167134875169893e-04,-2.743910619606992896e-06,-4.631161910046532881e-03,1.506966819954087475e-02,-1.256537301409745844e+00,-2.310257158510791164e-01,-1.786086882945767895e+00,4.498591425918845310e-01,1.576854972998571469e+00,3.078985798657059014e-01
1.773333333333333428e+00,2.638318325349037902e-02,9.840328583938234841e-02,-1.248548151433311326e-01,2.568307553178503927e-02,-5.185820810454886282e-05,2.638362494351246743e-02,1.652988887145188379e-01,-4.626076234338860615e-03,-8.606214747184370850e-03,1.047208508625629975e-02,-2.816543852905972756e-04,-2.758995588436619073e-06,-4.626244259239076229e-03,1.505368899656535191e-02,-1.256188519038138995e+00,-2.297224609963786079e-01,-1.787742365475247341e+00,4.502011807204695515e-01,1.576854288263609405e+00,3.082473680801380844e-01
1.786666666666666847e+00,2.610054141829447685e-02,9.715943911219269979e-02,-1.231333344479560998e-01,2.521468458587257377e-02,-5.134423621608876452e-05,2.610097823725873040e-02,1.630952388732843650e-01,-4.621163983812515141e-03,-8.602472171591823979e-03,1.045653882800978707e-02,-2.821989002894653709e-04,-2.774222734203135587e-06,-4.621331830293229359e-03,1.503772722492636993e-02,-1.255836743261425692e+00,-2.284104171851870646e-01,-1.789407096343825110e+00,4.505436217275597954e-01,1.576853596820834369e+00,3.085991497460516264e-01
1.800000000000000044e+00,2.581589480722903951e-02,9.591491736044600869e-02,-1.214163414695204612e-01,2.475146495765623983e-02,-5.082451637346343138e-05,2.581632672880507934e-02,1.608949349707822774e-01,-4.616256949414143662e-03,-8.598663565820618970e-03,1.044106220448881572e-02,-2.827328014785024379e-04,-2.789216318355158819e-06,-4.616424617665426666e-03,1.502178235651605888e-02,-1.255488736042515097e+00,-2.271149579970246357e-01,-1.791048874136464519e+00,4.508798175220380955e-01,1.576852912231018422e+00,3.089471627892148575e-01
1.813333333333333464e+00,2.586964791191323151e-02,9.593962747459809648e-02,-1.213097205347092589e-01,2.462041519607667539e-02,-5.098396199546493933e-05,2.587008050466231557e-02,1.608263896516040348e-01,-4.611355125605065552e-03,-8.594788880948556198e-03,1.042565539497930516e-02,-2.832560480454660023e-04,-2.803975515330847657e-06,-4.611522615815655257e-03,1.500585436103504290e-02,-1.255144524111752036e+00,-2.258360924322184715e-01,-1.792667758689391544e+00,4.512098370548067727e-01,1.576852234570799816e+00,3.092913804789323429e-01
1.826666666666666883e+00,2.592357479831331607e-02,9.596465392571419672e-02,-1.212032864558195283e-01,2.448923450589935227e-02,-5.114408071428882613e-05,2.592400806358266530e-02,1.607583982178844295e-01,-4.606458506851485168e-03,-8.590922435517622802e-03,1.041025739584711118e-02,-2.837802634152453152e-04,-2.818750489907984047e-06,-4.606625819211007666e-03,1.498994356019040311e-02,-1.254799595472926521e+00,-2.245568973992240203e-01,-1.794285221629854377e+00,4.515381092574211053e-01,1.576851554784640008e+00,3.096363148856613456e-01
1.840000000000000080e+00,2.597767620886210285e-02,9.598999688668564956e-02,-1.210970378537010450e-01,2.435792136073052297e-02,-5.130487596851586500e-05,2.597811014806497912e-02,1.606909608924221022e-01,-4.601567087627156383e-03,-8.587064225908935811e-03,1.039486817499968296e-02,-2.843054507399855879e-04,-2.833541304703146579e-06,-4.601734222324349588e-03,1.497404993742934044e-02,-1.254453947808948922e+00,-2.232773686802143054e-01,-1.795901265449265205e+00,4.518646323841664092e-01,1.576850872863563957e+00,3.099819683265092607e-01
1.853333333333333499e+00,2.603195289008808019e-02,9.601565652020134511e-02,-1.209909733676717419e-01,2.422647423064298866e-02,-5.146635135510792275e-05,2.603238750457205833e-02,1.606240779159688603e-01,-4.596680862411162138e-03,-8.583214248321091588e-03,1.037948770043950475e-02,-2.848316131514039284e-04,-2.848348020556557003e-06,-4.596847819634763965e-03,1.495817347622469505e-02,-1.254107578792830857e+00,-2.219975020550584155e-01,-1.797515892620647815e+00,4.521894046689762803e-01,1.576850188798551322e+00,3.103283431284835636e-01
1.866666666666666696e+00,2.008246762139620153e-02,9.742584084361007035e-02,-1.226185506648164447e-01,2.439571376698434699e-02,-3.985259268540408879e-05,2.008280442255925766e-02,1.610244714597553473e-01,-4.591799825687914449e-03,-8.579372498991766349e-03,1.036411594008690429e-02,-2.853587537994251022e-04,-2.863170699640704697e-06,-4.591966605625330544e-03,1.494231416007915127e-02,-1.253760486087629689e+00,-2.207172933014556193e-01,-1.799129105598883394e+00,4.525124243253850764e-01,1.576849502580532913e+00,3.106754416285446574e-01
1.880000000000000115e+00,1.411493503899494475e-02,9.883801153783933202e-02,-1.242423038264905966e-01,2.455896719511705892e-02,-2.817514107879585603e-05,1.411517384233303835e-02,1.618848843226315670e-01,-4.586923971947598488e-03,-8.575620128691507915e-03,1.034868583779502416e-02,-2.858996587962181479e-04,-2.878284384166818199e-06,-4.587090574788010855e-03,1.492647237381142244e-02,-1.253492719852677739e+00,-2.194182820902073061e-01,-1.800764019607747679e+00,4.528377005089447849e-01,1.576848971212630346e+00,3.109432123541786552e-01
1.893333333333333535e+00,1.715377428754447098e-02,9.817493585083229835e-02,-1.232669650292317481e-01,2.427105148496409501e-02,-3.415934170468266592e-05,1.715406284784762661e-02,1.612782119456165342e-01,-4.582053295686616678e-03,-8.571957508067384879e-03,1.033319685879963146e-02,-2.864544297134230533e-04,-2.893691730676550833e-06,-4.582219721618319141e-03,1.491064811932312113e-02,-1.253304520718824477e+00,-2.181004419363694602e-01,-1.802420583658767450e+00,4.531651534048797281e-01,1.576848595544082521e+00,3.111314146720762785e-01
1.906666666666666732e+00,2.923596778190350534e-02,9.543414247738846168e-02,-1.197017941328497037e-01,2.354394857681749165e-02,-5.793102025914000579e-05,2.923645425074447579e-02,1.603122827761769564e-01,-4.577187791407588691e-03,-8.568262691912131856e-03,1.031774968237941792e-02,-2.870038604889657563e-04,-2.908980115456927251e-06,-4.577354040618430986e-03,1.489484077910641427e-02,-1.253075803728323834e+00,-2.167914427916914910e-01,-1.804064143192490643e+00,4.534887674246794731e-01,1.576848140086193339e+00,3.113601355100477086e-01
1.920000000000000151e+00,5.039295717301778971e-02,9.060121221031337824e-02,-1.135407382884319610e-01,2.238616812985260579e-02,-9.966073380200625095e-05,5.039378978846621726e-02,1.633407895865146564e-01,-4.572327453618463267e-03,-8.564413678345150771e-03,1.030244542992075907e-02,-2.875286550136912922e-04,-2.923734240045661181e-06,-4.572493526295851041e-03,1.487904970611789689e-02,-1.252685990824565110e+00,-2.155189875586596138e-01,-1.805660167114262027e+00,4.538026867390372310e-01,1.576847367672590039e+00,3.117499549000575243e-01
1.933333333333333348e+00,7.866259508030881697e-02,8.420701094158246358e-02,-1.054562792945216154e-01,2.092249785089956432e-02,-1.557026485536003042e-04,7.866388909725180456e-02,1.761403815332218403e-01,-4.567472276833406397e-03,-8.560288778433289281e-03,1.028738535052298175e-02,-2.880094871970939607e-04,-2.937537510572241217e-06,-4.567638173163857118e-03,1.486327423197033454e-02,-1.252014084728924947e+00,-2.143109713958555318e-01,-1.807174043624774518e+00,4.541011689807685769e-01,1.576846038862806054e+00,3.124218720972371521e-01
1.946666666666666767e+00,1.009450267875582619e-01,7.912461736587443617e-02,-9.902790179288911698e-02,1.975513280974601493e-02,-2.003968199259246921e-04,1.009466824162681686e-01,1.919314121294532216e-01,-4.562622255571024965e-03,-8.555799249510886995e-03,1.027264370793945503e-02,-2.884321746501328221e-04,-2.950083544561721283e-06,-4.562787975743276547e-03,1.484751384337407859e-02,-1.250965250127854089e+00,-2.131882112499678961e-01,-1.808580127348701438e+00,4.543801356187806562e-01,1.576843962827491730e+00,3.134707239518670363e-01
1.960000000000000187e+00,1.126480656140777525e-01,7.626158763740283064e-02,-9.537455102730268974e-02,1.906017764822683438e-02,-2.245352786644228265e-04,1.126499085058345895e-01,2.016310097521624711e-01,-4.557777384357919459e-03,-8.551023199248941609e-03,1.025815639211025143e-02,-2.888089376593683255e-04,-2.961633581932687775e-06,-4.557942928558489371e-03,1.483176888028505877e-02,-1.249619316437353245e+00,-2.121332163517561931e-01,-1.809900499372606664e+00,4.546435373895771903e-01,1.576841290869892553e+00,3.148166797174174469e-01
1.973333333333333384e+00,1.137542208346317835e-01,7.567616831725675064e-02,-9.455778627485635079e-02,1.884062400176397464e-02,-2.277622846358506479e-04,1.137560776249265104e-01,2.022462517307052898e-01,-4.552937657725575349e-03,-8.546089101279630285e-03,1.024381716724453995e-02,-2.891600399759219897e-04,-2.972622209274078386e-06,-4.553103026141425147e-03,1.481603995438524751e-02,-1.248117342229165594e+00,-2.111163951832573105e-01,-1.811172160052970659e+00,4.548976730915534894e-01,1.576838297066176509e+00,3.163186784974953980e-01
1.986666666666666803e+00,1.042520604743833318e-01,7.743834902584752211e-02,-9.665423783746464326e-02,1.910257353782419953e-02,-2.096797086889705950e-04,1.042537591149222120e-01,1.934968482324326833e-01,-4.548103070210807175e-03,-8.541127358229871902e-03,1.022951783742520604e-02,-2.895061252843333932e-04,-2.983492469521564772e-06,-4.548268263028454328e-03,1.480032770458953456e-02,-1.246600619284703892e+00,-2.101073796056938114e-01,-1.812432930536635345e+00,4.551488814115769443e-01,1.576835260235714742e+00,3.178354261991609420e-01
2.000000000000000000e+00,9.559793485659986989e-02,7.847323443942436083e-02,-9.783998173309131630e-02,1.919249256487074590e-02,-1.930624087842987854e-04,9.559949001113476896e-02,1.854112381494135986e-01,-4.543273616356202638e-03,-8.536272146239642922e-03,1.021514672802936730e-02,-2.898685072105777749e-04,-2.994701871372740243e-06,-4.543438633762164613e-03,1.478463280982617381e-02,-1.245210591811712009e+00,-2.090748682853491580e-01,-1.813721653707801584e+00,4.554035823920812298e-01,1.576832464506265907e+00,3.192254763206934243e-01
2.013333333333333641e+00,9.400909204862199775e-02,7.795631455677493049e-02,-9.710136168327745954e-02,1.896583262155860511e-02,-1.905606128973970240e-04,9.401061859091174033e-02,1.831428577260107715e-01,-4.538449290711010775e-03,-8.531481946260743854e-03,1.020073821592415442e-02,-2.902406226912290776e-04,-3.006109892567110364e-06,-4.538614132891360953e-03,1.476895504822808673e-02,-1.243935952680290669e+00,-2.080285584928236453e-01,-1.815026186797576102e+00,4.556594822929462829e-01,1.576829890340815332e+00,3.205001361875083887e-01
2.026666666666666838e+00,9.112975500407294316e-02,7.860658772232897995e-02,-9.781344618948240033e-02,1.900489256651369599e-02,-1.854111214833900699e-04,9.113123227315958474e-02,1.808790202049054552e-01,-4.533630087829809696e-03,-8.526667831880274662e-03,1.018636631799552106e-02,-2.906083379889956575e-04,-3.017413809480729014e-06,-4.533794754970621455e-03,1.475329393877805075e-02,-1.242682498119642265e+00,-2.069891409653998871e-01,-1.816320871620019872e+00,4.559123600612338123e-01,1.576827349532643474e+00,3.217536111020540268e-01
2.040000000000000036e+00,8.696148001724658683e-02,8.043225911405194051e-02,-9.998086822771386217e-02,1.930600160125026804e-02,-1.775812316755086447e-04,8.696288752563281765e-02,1.787823211737241125e-01,-4.528816002273394759e-03,-8.521896821422458856e-03,1.017197513503553807e-02,-2.909823224515051265e-04,-3.028842514574137113e-06,-4.528980494560297387e-03,1.473764981844706730e-02,-1.241467434719587981e+00,-2.059410531291021584e-01,-1.817625050902546224e+00,4.561657586287872768e-01,1.576824877384357393e+00,3.229686941990292937e-01
2.053333333333333677e+00,8.150503859220334379e-02,8.344066741436005630e-02,-1.036069568248362965e-01,1.986500048756751832e-02,-1.670404526379967182e-04,8.150635599924138663e-02,1.771376583680975558e-01,-4.524007028607002212e-03,-8.517236629267177506e-03,1.015750800845705015e-02,-2.913733939751139701e-04,-3.040627902350934164e-06,-4.524171346225625001e-03,1.472202304052771214e-02,-1.240307948319357978e+00,-2.048686230075813519e-01,-1.818958129145582303e+00,4.564231719834705991e-01,1.576822509634602021e+00,3.241281993660378724e-01
2.066666666666666874e+00,7.726653813474118615e-02,8.696781332769859540e-02,-1.078662029264312594e-01,2.054111010035136742e-02,-1.589055069495352314e-04,7.726778540161208242e-02,1.776539031940456981e-01,-4.519203161402529645e-03,-8.512755962179596736e-03,1.014290726425270961e-02,-2.917925679541966133e-04,-3.053005939168684790e-06,-4.519367304538945973e-03,1.470641397872980705e-02,-1.239221214471461829e+00,-2.037560807753897585e-01,-1.820339555236580198e+00,4.566880386566380956e-01,1.576820282428567310e+00,3.252149507793609118e-01
2.080000000000000071e+00,7.388475080295608954e-02,8.973349892511842119e-02,-1.111701435511079084e-01,2.103501438596964979e-02,-1.524477361336680188e-04,7.388594196404839332e-02,1.782455764897912243e-01,-4.514404395238091894e-03,-8.508485860375003540e-03,1.012814654203264553e-02,-2.922448825950496598e-04,-3.066084478753339226e-06,-4.514568364077486962e-03,1.469082281708688001e-02,-1.238190993962998698e+00,-2.025965099310202966e-01,-1.821777771275599367e+00,4.569619201246428730e-01,1.576818163688474606e+00,3.262451879180492398e-01
2.093333333333333268e+00,6.866586987682796184e-02,9.176983989399054020e-02,-1.135583330368899052e-01,2.133774480326793704e-02,-1.421200804404838922e-04,6.866697580289049530e-02,1.766427845102899463e-01,-4.509610724697132866e-03,-8.504382958887557464e-03,1.011326168351223131e-02,-2.927234964937852624e-04,-3.079716921039477029e-06,-4.509774519424247785e-03,1.467524933433913409e-02,-1.237205863952292706e+00,-2.014000632786854261e-01,-1.823260039856280823e+00,4.572423869831223620e-01,1.576816131051993253e+00,3.272303338109030513e-01
2.106666666666666909e+00,6.160027303478575467e-02,9.308020551755227801e-02,-1.150386880758891284e-01,2.145384421336472142e-02,-1.278675629386536057e-04,6.160126458924001375e-02,1.730532219636784774e-01,-4.504822144367981451e-03,-8.500405161819379884e-03,1.009828758110042912e-02,-2.932217473086140558e-04,-3.093760608141593593e-06,-4.504985765168001421e-03,1.465969330671336272e-02,-1.236290319020601602e+00,-2.001764654134321475e-01,-1.824774150963439423e+00,4.575268902471658627e-01,1.576814236117587420e+00,3.281458934882750533e-01
2.120000000000000107e+00,5.267811851642513477e-02,9.366614469258417730e-02,-1.156170665704521483e-01,2.138761176393899621e-02,-1.096436181298992966e-04,5.267896651553063969e-02,1.677741111917788741e-01,-4.500038648846516054e-03,-8.496510171684512613e-03,1.008325941699528272e-02,-2.937329145114020434e-04,-3.108071947810486790e-06,-4.500202095903738098e-03,1.464415449926112327e-02,-1.235468982046804554e+00,-1.989353960065316507e-01,-1.826308000137784715e+00,4.578129415033442839e-01,1.576812531216748248e+00,3.289672436827983937e-01
2.133333333333333304e+00,4.060244334220244194e-02,9.470088931506930041e-02,-1.167414538698760690e-01,2.139567487721126884e-02,-8.475351386116265263e-05,4.060309799443643369e-02,1.623323059265450730e-01,-4.495260232732611883e-03,-8.492655501022738918e-03,1.006821266163715478e-02,-2.942502195955043476e-04,-3.122506413877346176e-06,-4.495423506232665289e-03,1.462863266546662877e-02,-1.234766607133252148e+00,-1.976865140772972040e-01,-1.827849561025390646e+00,4.580981096601970393e-01,1.576811069301840007e+00,3.296696299030053012e-01
2.146666666666666945e+00,2.972230004902198450e-02,9.624383877667046228e-02,-1.184884702209683394e-01,2.152084677039026867e-02,-6.224412080130585728e-05,2.972278088164537896e-02,1.597886216892887012e-01,-4.490486890633249573e-03,-8.488867550447309895e-03,1.005312500960275912e-02,-2.947779216344592612e-04,-3.137155784038725415e-06,-4.490649990759543186e-03,1.461312794945096930e-02,-1.234225241222022706e+00,-1.964238355530962821e-01,-1.829406113743655693e+00,4.583833853252263779e-01,1.576809939254988358e+00,3.302110045429311747e-01
2.160000000000000142e+00,2.351382673588824079e-02,9.714354391487818596e-02,-1.194444396000426956e-01,2.153198260342660195e-02,-4.938544570861510522e-05,2.351420844306696331e-02,1.589757498360551968e-01,-4.485718617160294741e-03,-8.485176501975999486e-03,1.003797088633096024e-02,-2.953209052876104579e-04,-3.152125469974009775e-06,-4.485881544096681495e-03,1.459764052501342363e-02,-1.233828943888035656e+00,-1.951405843694073994e-01,-1.830985960013268521e+00,4.586703299488315011e-01,1.576809109333377812e+00,3.306073082880196523e-01
2.173333333333333339e+00,2.199502809810775436e-02,9.739450297495988451e-02,-1.196063616792469586e-01,2.143176506814637242e-02,-4.626524752547560559e-05,2.199538545104512757e-02,1.588026193123786289e-01,-4.480955406931386165e-03,-8.481544680257968594e-03,1.002278177154281025e-02,-2.958731524920210632e-04,-3.167287720984290900e-06,-4.481118160862163080e-03,1.458217017071795386e-02,-1.233515426198223741e+00,-1.938453371172088602e-01,-1.832578552541269001e+00,4.589574230502107000e-01,1.576808450860768041e+00,3.309208310672606679e-01
2.186666666666666980e+00,2.518516846578229898e-02,9.699423333210360765e-02,-1.189750613303938581e-01,2.122365430877095824e-02,-5.295963729302396165e-05,2.518557639195755787e-02,1.590031408307392424e-01,-4.476197254570379869e-03,-8.477933882265809018e-03,1.000758971262971642e-02,-2.964285354556395191e-04,-3.182512085420086123e-06,-4.476359835679399879e-03,1.456671665179649910e-02,-1.233222159156915687e+00,-1.925467437442094365e-01,-1.834173304030325635e+00,4.592431799177858487e-01,1.576807833990800489e+00,3.312141028732744630e-01
2.200000000000000178e+00,2.838511343102501777e-02,9.659291067560554778e-02,-1.183441723173751653e-01,2.101707886093425945e-02,-5.969351166523868769e-05,2.838557200662482002e-02,1.593383508263707393e-01,-4.471444154706460949e-03,-8.474305653899172341e-03,9.992427096681577581e-03,-2.969808602761858651e-04,-3.197666303300650270e-06,-4.471606563177132898e-03,1.455127972169978183e-02,-1.232886356910705361e+00,-1.912534872997815327e-01,-1.835759638181397646e+00,4.595261619752362137e-01,1.576807127862303481e+00,3.315499105585004713e-01
2.213333333333333375e+00,2.844603384511571603e-02,9.662615929673021298e-02,-1.182421994740909393e-01,2.088211531101214283e-02,-5.988605879126869671e-05,2.844649311734688199e-02,1.592867807927041135e-01,-4.466696101974587663e-03,-8.470659889369791529e-03,9.977294040657724850e-03,-2.975301011991504652e-04,-3.212749542846893291e-06,-4.466858337989876304e-03,1.453585935873989710e-02,-1.232507888731624979e+00,-1.899655818241066108e-01,-1.837337560478962573e+00,4.598063896933819450e-01,1.576806331948814588e+00,3.319283848519223312e-01
2.226666666666667016e+00,2.850715617626968512e-02,9.665972848135193085e-02,-1.181403761069998309e-01,2.074697950865807272e-02,-6.007943829064807005e-05,2.850761614634486976e-02,1.592357826516050678e-01,-4.461953091015935513e-03,-8.467022193282769393e-03,9.962168917493130493e-03,-2.980803897862926988e-04,-3.227849816767047741e-06,-4.462115154758361513e-03,1.452045570017517287e-02,-1.232128608280356863e+00,-1.886772330334833825e-01,-1.838914123138617018e+00,4.600848178975285308e-01,1.576805533468030873e+00,3.323076714268200504e-01
2.240000000000000213e+00,2.856848130971733485e-02,9.669361854326095906e-02,-1.180387009714178453e-01,2.061166990707756844e-02,-6.027365458602375553e-05,2.856894197891717696e-02,1.591853571576846704e-01,-4.457215116475676808e-03,-8.463392560110971630e-03,9.947051695315511921e-03,-2.986317291426843212e-04,-3.242967181904532481e-06,-4.457377008129537188e-03,1.450506873025594889e-02,-1.231748512864673240e+00,-1.873884366537321711e-01,-1.840489328153376958e+00,4.603614442909771398e-01,1.576804732408853660e+00,3.326877729754378343e-01
2.253333333333333410e+00,2.863001013542095657e-02,9.672782979500563205e-02,-1.179371728304222516e-01,2.047618495671722771e-02,-6.046871217799363880e-05,2.863047150492576895e-02,1.591355050825553064e-01,-4.452482173006533372e-03,-8.459770984239778358e-03,9.931942342264576951e-03,-2.991841223707325526e-04,-3.258101695990944791e-06,-4.452643892753460619e-03,1.448969843325851811e-02,-1.231367599780543776e+00,-1.860991884064886470e-01,-1.842063177499662530e+00,4.606362665564049941e-01,1.576803928760125650e+00,3.330686922018233354e-01
2.266666666666666607e+00,2.906999774756841362e-02,9.804345565454136713e-02,-1.193960050513651339e-01,2.061044125370843985e-02,-6.147942078606664733e-05,2.907046581286315545e-02,1.611920470709453101e-01,-4.447754255265667922e-03,-8.456157460051016983e-03,9.916840826428519051e-03,-2.997375725835027538e-04,-3.273253414981525111e-06,-4.447915803289514969e-03,1.447434479349198749e-02,-1.230985866312071408e+00,-1.848094840092220359e-01,-1.843635673137401509e+00,4.609092823558280649e-01,1.576803122510630040e+00,3.334504318218889374e-01
2.280000000000000249e+00,2.951272096313414112e-02,9.936082411071150977e-02,-1.208509392569203506e-01,2.073900572982657897e-02,-6.249905950185590192e-05,2.951319575457630670e-02,1.632472436959643558e-01,-4.443031357916904511e-03,-8.452628049608001959e-03,9.901682519395382798e-03,-3.003044375273766775e-04,-3.288686318825284616e-06,-4.443192734399303845e-03,1.445900828387023523e-02,-1.230598266342103786e+00,-1.835022379338280274e-01,-1.845227619871419700e+00,4.611840882392108654e-01,1.576802302785019094e+00,3.338380380327272690e-01
2.293333333333333446e+00,2.938826944563741397e-02,9.875690431593073249e-02,-1.199657092800542890e-01,2.046253181525919604e-02,-6.229729987040943159e-05,2.938874197296634586e-02,1.621443344003713483e-01,-4.438313475629840354e-03,-8.449183055883491278e-03,9.886466930651760521e-03,-3.008848111227813149e-04,-3.304402324211253017e-06,-4.438474680752868551e-03,1.444368890799647455e-02,-1.230204763395928769e+00,-1.821774269456852835e-01,-1.846838965728178739e+00,4.614606083156083116e-01,1.576801469464225391e+00,3.342315473094550349e-01
2.306666666666666643e+00,2.869155000831512606e-02,9.622877684782375762e-02,-1.167484489018918714e-01,1.979208926937257515e-02,-6.085800659389450364e-05,2.869201122291642134e-02,1.578871269795777410e-01,-4.433600603078069469e-03,-8.445708150008002235e-03,9.871291113497271397e-03,-3.014601280360018620e-04,-3.320004824391986631e-06,-4.433761637023359015e-03,1.442838591788089125e-02,-1.229812919803320304e+00,-1.808606682214728423e-01,-1.848438508518579493e+00,4.617334420731449285e-01,1.576800638833560697e+00,3.346233972024279524e-01
2.320000000000000284e+00,2.741763705001606585e-02,9.177350819074443777e-02,-1.112069898516250127e-01,1.873831908231215690e-02,-5.816577626523908296e-05,2.741807784698730918e-02,1.504791586799115732e-01,-4.428892734942735387e-03,-8.442088943578340832e-03,9.856252573104296033e-03,-3.020117302394709213e-04,-3.335095394962905857e-06,-4.429053597892362859e-03,1.441309853413928754e-02,-1.229430365803209524e+00,-1.795776178635017928e-01,-1.849995154503938144e+00,4.619973365967364742e-01,1.576799827393472242e+00,3.350059573520667300e-01
2.333333333333333481e+00,2.969498605445869410e-02,8.815520482119375278e-02,-1.067023588914569193e-01,1.789814793229033835e-02,-6.298250623489882311e-05,2.969546257637237230e-02,1.457418741840153797e-01,-4.424189865909866626e-03,-8.438211922083382888e-03,9.841448463480340081e-03,-3.025210208988937666e-04,-3.349277076569734390e-06,-4.424350558045464510e-03,1.439782595801078306e-02,-1.229064797309209256e+00,-1.783539710876254070e-01,-1.851477914368626410e+00,4.622471808511674496e-01,1.576799051849788746e+00,3.353715317233598725e-01
2.346666666666666679e+00,3.235825720563000052e-02,8.581543515614216411e-02,-1.037584587533027791e-01,1.733107524059041699e-02,-6.865145956271701379e-05,3.235877547731383364e-02,1.432641780616972227e-01,-4.419491990670376680e-03,-8.434127659167511837e-03,9.826836241969338914e-03,-3.029961269982450744e-04,-3.362723651534338387e-06,-4.419652512172689285e-03,1.438256846472342823e-02,-1.228668864161816421e+00,-1.771785683566760028e-01,-1.852900612487179188e+00,4.624858228235981805e-01,1.576798212083039274e+00,3.357674712243783333e-01
2.360000000000000320e+00,2.967639354840173604e-02,8.221039812679280245e-02,-9.928867476082632593e-02,1.648244981769826298e-02,-6.299848054827534855e-05,2.967686915203069861e-02,1.365645287526552065e-01,-4.414799103922284473e-03,-8.429911838483405973e-03,9.812351727143564517e-03,-3.034493196896193012e-04,-3.375697033902724797e-06,-4.414959454972944286e-03,1.436732650926325107e-02,-1.228237420732408047e+00,-1.760343625545939261e-01,-1.854284058603889784e+00,4.627169038268061918e-01,1.576797296730244824e+00,3.361989215640757145e-01
2.373333333333333517e+00,2.162898892142405688e-02,7.734224693541988382e-02,-9.330169386138992271e-02,1.535853176019394070e-02,-4.593213156774334009e-05,2.162933732266653780e-02,1.259307636790723550e-01,-4.410111200368049822e-03,-8.425490925185741276e-03,9.798058094451000954e-03,-3.038685021943265951e-04,-3.387938873444795718e-06,-4.410271381148689329e-03,1.435209955903214187e-02,-1.227841735485096120e+00,-1.749382239129033678e-01,-1.855607907600700823e+00,4.629366698243755351e-01,1.576796456750503950e+00,3.365946131527692842e-01
2.386666666666666714e+00,8.198183046518325162e-03,7.120966954115631742e-02,-8.580125508803204681e-02,1.396406772212808838e-02,-1.738929162578798046e-05,8.198319538148226421e-03,1.129694230714297226e-01,-4.405428274716349790e-03,-8.420792621338879513e-03,9.784017671289557683e-03,-3.042417360594740217e-04,-3.399194715036912839e-06,-4.405588285406825122e-03,1.433688708110554197e-02,-1.227553348966143876e+00,-1.739069939537642995e-01,-1.856851930185519306e+00,4.631414502478445883e-01,1.576795844322083084e+00,3.368830043170714106e-01
2.400000000000000355e+00,-5.945455114917216899e-03,6.650125506882222093e-02,-8.003495838852639488e-02,1.286262153187261136e-02,1.266813911294510782e-05,-5.945541667146637781e-03,1.051862946651079544e-01,-4.400750321681190513e-03,-8.415746099636578492e-03,9.770291708199430047e-03,-3.045572856343881085e-04,-3.409214841987306954e-06,-4.400910162462690067e-03,1.432168854889960714e-02,-1.227444039858856861e+00,-1.729575316932154827e-01,-1.857995946920026453e+00,4.633276378174731036e-01,1.576795612464861662e+00,3.369923152442466652e-01
2.413333333333333552e+00,-1.654413355716927853e-02,6.262114148406024150e-02,-7.528472205699199282e-02,1.196284432346594005e-02,3.518146019652237645e-05,-1.654438731637500326e-02,1.013890167860381913e-01,-4.396077335982351286e-03,-8.410435481190248197e-03,9.756808769126656955e-03,-3.048288092406536975e-04,-3.418291741219547930e-06,-4.396237007035619371e-03,1.430650447853001363e-02,-1.227523312593722382e+00,-1.720708482922979066e-01,-1.859063079698540122e+00,4.634991394378982221e-01,1.576795781373383498e+00,3.369130413553511616e-01
2.426666666666666750e+00,-2.614594379034870797e-02,5.657455074055749156e-02,-6.794345435337323380e-02,1.066278856162086730e-02,5.557370891214878948e-05,-2.614634920292471798e-02,9.642578951007420296e-02,-4.391409312345828653e-03,-8.404909615783218158e-03,9.743527423203168780e-03,-3.050642257780289412e-04,-3.426595261757370281e-06,-4.391568813850277309e-03,1.429133515858270129e-02,-1.227743901041151275e+00,-1.712358997391771886e-01,-1.860066875992633317e+00,4.636586440288779087e-01,1.576796250459519655e+00,3.366924495244663085e-01
2.439999999999999947e+00,-3.474228691814756909e-02,4.835922062778110625e-02,-5.801516345586401474e-02,8.968294299055027188e-03,7.381064548637931262e-05,-3.474282835921099766e-02,9.054777625034954314e-02,-4.386746245502060049e-03,-8.399048060098390778e-03,9.730551429658174101e-03,-3.052436649060297214e-04,-3.433701736277328109e-06,-4.386905577637989495e-03,1.427617974445109968e-02,-1.228092513625022697e+00,-1.704815723959698381e-01,-1.860972788717345061e+00,4.638008145430330131e-01,1.576796991442305007e+00,3.363438315350939511e-01
2.453333333333333588e+00,-4.232274653604557735e-02,3.797520184836288698e-02,-4.550443215374138511e-02,6.883256768827322042e-03,8.986120654811502277e-05,-4.232340824891993314e-02,8.451415479077754866e-02,-4.382088130187256070e-03,-8.392733645247396623e-03,9.717981960593924384e-03,-3.053477494781020596e-04,-3.439197647558955850e-06,-4.382247293134966526e-03,1.426103741743934769e-02,-1.228555744117264759e+00,-1.698367827875992830e-01,-1.861746324230090011e+00,4.639203918003538263e-01,1.576797975584244504e+00,3.358805938236377742e-01
2.466666666666666785e+00,-5.096772106279817693e-02,2.771672545102990548e-02,-3.316243096413577091e-02,4.832552662032227157e-03,1.080720756126119880e-04,-5.096852022436203222e-02,8.418329754874231963e-02,-4.377434961144288650e-03,-8.385853880106708402e-03,9.705916317040319541e-03,-3.053578425791236839e-04,-3.442684827881237197e-06,-4.377593955083192157e-03,1.424590740495749845e-02,-1.229120047404411942e+00,-1.693304467629546117e-01,-1.862353049992139908e+00,4.640121685572715649e-01,1.576799173733665071e+00,3.353162817136521312e-01
2.479999999999999982e+00,-6.029096108400436305e-02,1.886753951620878320e-02,-2.252419705820616139e-02,3.059472033250317576e-03,1.275795800549730543e-04,-6.029190889198640657e-02,9.023754436184867889e-02,-4.372786733120470615e-03,-8.378425157693492054e-03,9.694341036773579390e-03,-3.052765115936217910e-04,-3.444217499204427213e-06,-4.372945558229979213e-03,1.423078980731941508e-02,-1.229799617018582536e+00,-1.689608904236075126e-01,-1.862795215738328292e+00,4.640766025927653970e-01,1.576800614694673364e+00,3.346367014439941556e-01
2.493333333333333623e+00,-6.800402332980068354e-02,9.780236406537067342e-03,-1.161139451238124044e-02,1.260337184540128884e-03,1.435779799522297255e-04,-6.800509479597469098e-02,9.737210421057229670e-02,-4.368143440869776128e-03,-8.370531649745771574e-03,9.683184187426085998e-03,-3.051175198107713982e-04,-3.444088932269551151e-06,-4.368302097328857769e-03,1.421568517529843249e-02,-1.230603496499702576e+00,-1.687093232300580503e-01,-1.863095538365771020e+00,4.641173955532087447e-01,1.576802315755740480e+00,3.338328093254343543e-01
2.506666666666666821e+00,-7.409938146135136572e-02,4.610871497346352254e-04,-4.280062277386022631e-04,-5.672600431702292051e-04,1.560699517455790483e-04,-7.410055139681971659e-02,1.047967174235177740e-01,-4.363505079150620247e-03,-8.362168476953701912e-03,9.672450232450557905e-03,-3.048800085223568601e-04,-3.442279964183114771e-06,-4.363663567138242882e-03,1.420059347731713294e-02,-1.231510216810766556e+00,-1.685789200779708175e-01,-1.863250356959269327e+00,4.641342000490027431e-01,1.576804230128806772e+00,3.329260747281548305e-01
2.520000000000000018e+00,-7.857075939705468470e-02,-9.082224449833227811e-03,1.102062973363852720e-02,-2.425801508719068172e-03,1.650699124266216450e-04,-7.857200239402611919e-02,1.120570240286413305e-01,-4.358871642726747098e-03,-8.353331824246801318e-03,9.662142604821788439e-03,-3.045633184184382003e-04,-3.438775459940757173e-06,-4.359029962422766857e-03,1.418551469397766503e-02,-1.232498208563584496e+00,-1.685727722493077785e-01,-1.863256063708972565e+00,4.641266365817604544e-01,1.576806311061496935e+00,3.319380673761971323e-01
2.533333333333333659e+00,-8.767184282112448768e-02,-1.937148816642728089e-02,2.337328275946218281e-02,-4.466064149785676542e-03,1.836066411208837619e-04,-8.767323308172991769e-02,1.277281964320320651e-01,-4.354243126369894412e-03,-8.344019013916792460e-03,9.652263637104141480e-03,-3.041670029393372943e-04,-3.433564659260923690e-06,-4.354401277951946980e-03,1.417044881691402990e-02,-1.233545818688878581e+00,-1.686938685753056610e-01,-1.863109121979190652e+00,4.640942925616440284e-01,1.576808511993662343e+00,3.308904406776100871e-01
2.546666666666666856e+00,-9.781064895849164720e-02,-2.955030960518367777e-02,3.560293929460692924e-02,-6.502545923767593002e-03,2.040928087528519981e-04,-9.781220386524544508e-02,1.460043325254445634e-01,-4.349619524854020369e-03,-8.334202103668086892e-03,9.642837267128889778e-03,-3.036864818977136338e-04,-3.426548245144545035e-06,-4.349777508501073697e-03,1.415539568044951214e-02,-1.234714776593160313e+00,-1.689521550841912578e-01,-1.862797478209064383e+00,4.640347450396467011e-01,1.576810960082211110e+00,3.297214642365204895e-01
2.560000000000000053e+00,-1.009337455331825173e-01,-3.863492709401004227e-02,4.652239109522543492e-02,-8.290468014410452488e-03,2.098685919258750862e-04,-1.009353536749900693e-01,1.552460401374315124e-01,-4.345000832961076753e-03,-8.323897142195502141e-03,9.633849444558251207e-03,-3.031244495108609271e-04,-3.417782273196223741e-06,-4.345158648851210614e-03,1.414035539827452996e-02,-1.236018918579273596e+00,-1.693461592122602610e-01,-1.862322772351802991e+00,4.639480444273296200e-01,1.576813681319661598e+00,3.284173015183173838e-01
2.573333333333333695e+00,-9.704732145679538513e-02,-4.658624598598345296e-02,5.608659619421023368e-02,-9.823731022774766924e-03,2.011651438738586031e-04,-9.704887061657385683e-02,1.557215355570094606e-01,-4.340387045477456240e-03,-8.313167264188070504e-03,9.625245504172319500e-03,-3.024913761060510353e-04,-3.407489143736341930e-06,-4.340544693789194497e-03,1.412532837016146868e-02,-1.237364701853049365e+00,-1.698612915735138174e-01,-1.861702473803866553e+00,4.638375048538039280e-01,1.576816479567553664e+00,3.270714968026506853e-01
2.586666666666666892e+00,-8.616484486525251285e-02,-5.336787860257180549e-02,6.425213221563128019e-02,-1.109519018611656097e-02,1.782263638511711408e-04,-8.616622215425577547e-02,1.481506000719749472e-01,-4.335778157195324667e-03,-8.302074824181548962e-03,9.616971403460183865e-03,-3.017976126171717510e-04,-3.395889084156777926e-06,-4.335935638106747092e-03,1.411031497800599790e-02,-1.238658666139139886e+00,-1.704824415199936993e-01,-1.860954652521277009e+00,4.637065217735001355e-01,1.576819161769472011e+00,3.257775118610961584e-01
2.600000000000000089e+00,-7.141628388694756802e-02,-6.590985947828147118e-02,7.935362862358030789e-02,-1.347991909169879779e-02,1.476961670315596754e-04,-7.141742610804706348e-02,1.449950769549499807e-01,-4.331174162913065118e-03,-8.290681403156252571e-03,9.608973765109496412e-03,-3.010533813263549519e-04,-3.383200147588638629e-06,-4.331331476601363306e-03,1.409531558785890454e-02,-1.239807530737343289e+00,-1.711940132346945198e-01,-1.860097957425068671e+00,4.635585859043520607e-01,1.576821538120990240e+00,3.246286288990392066e-01
2.613333333333333286e+00,-6.130096286775085779e-02,-7.916377064922515416e-02,9.535479412293208779e-02,-1.607802879067803462e-02,1.268542265478405208e-04,-6.130194367418275586e-02,1.520976488778330582e-01,-4.326575057432613391e-03,-8.278729982770904883e-03,9.601472767177376966e-03,-3.002165526000410978e-04,-3.368518530333375338e-06,-4.326732204075867116e-03,1.408032861993057869e-02,-1.240759747855835871e+00,-1.720728113610716647e-01,-1.859039909043420868e+00,4.633788536497962518e-01,1.576823507403217306e+00,3.236763965509319441e-01
2.626666666666666927e+00,-5.696757372729299718e-02,-8.368085191663718336e-02,1.008868288939542973e-01,-1.703894011487745719e-02,1.177983170902800443e-04,-5.696848583124789617e-02,1.547956375765600079e-01,-4.321980835563454804e-03,-8.266205324265030185e-03,9.594480474035549378e-03,-2.992848319274266089e-04,-3.351794394923501841e-06,-4.322137815339299749e-03,1.406535397039364310e-02,-1.241577094027405792e+00,-1.731283283030613518e-01,-1.857768511788448373e+00,4.631644799325873585e-01,1.576825198792904281e+00,3.228590373019426529e-01
2.640000000000000124e+00,-5.842542484485498816e-02,-7.949418339692593261e-02,9.594914078468919083e-02,-1.632676518885502540e-02,1.204336253244168715e-04,-5.842636158991812434e-02,1.503971760838346827e-01,-4.317391492119959651e-03,-8.253504253771026811e-03,9.587655494149860402e-03,-2.983235582663112950e-04,-3.334429097279212328e-06,-4.317548305205143322e-03,1.405039398270960076e-02,-1.242336661677102994e+00,-1.742440729952829948e-01,-1.856423354069862253e+00,4.629372940643889933e-01,1.576826769437132292e+00,3.220994574908591090e-01
2.653333333333333321e+00,-6.568185760841427356e-02,-6.663638868175968122e-02,8.053775775109102419e-02,-1.390548548118615037e-02,1.346628892452658482e-04,-6.568291290881407563e-02,1.405292526407226628e-01,-4.312807021921827300e-03,-8.241008998691956577e-03,9.580670038281446921e-03,-2.973954494409625227e-04,-3.317768600297199555e-06,-4.312963668493985381e-03,1.403545092877210056e-02,-1.243115667341700981e+00,-1.753039954405752887e-01,-1.855144032192733050e+00,4.627196038618710539e-01,1.576828375218803480e+00,3.213204393363269240e-01
2.666666666666666963e+00,-7.219586307616332466e-02,-4.725333704275110763e-02,5.720101227885363016e-02,-1.012660348252368558e-02,1.471992534816504760e-04,-7.219702536433988960e-02,1.266177576404081684e-01,-4.308227419794974367e-03,-8.229105749481213650e-03,9.573194083594138704e-03,-2.965636311325070551e-04,-3.303168260693212233e-06,-4.308383900029966185e-03,1.402052718792158419e-02,-1.243991425443146559e+00,-1.761924806229986373e-01,-1.854070195422718559e+00,4.625341973887886482e-01,1.576830170723993341e+00,3.204446671642093847e-01
2.680000000000000160e+00,-7.488243986269932373e-02,-3.368765087640660655e-02,4.084279883298796987e-02,-7.447633625744786226e-03,1.520013787749154011e-04,-7.488364746966794105e-02,1.186314580845963529e-01,-4.303652680569314271e-03,-8.218105291024180303e-03,9.564963029914608228e-03,-2.958786970852500531e-04,-3.291715208852963315e-06,-4.303808994643443242e-03,1.400562478556797476e-02,-1.244954036950828735e+00,-1.768225251169019963e-01,-1.853307515259000615e+00,4.623991760090215841e-01,1.576832133380706935e+00,3.194820401593516657e-01
2.693333333333333357e+00,-7.872569859601408204e-02,-2.998269352452331490e-02,3.638592686409172078e-02,-6.746320787281538667e-03,1.591920852009657520e-04,-7.872697051656674105e-02,1.210954469712889059e-01,-4.299082799081865858e-03,-8.207756226085827223e-03,9.556193035774818156e-03,-2.952992729365888636e-04,-3.282522417880073817e-06,-4.299238947172323577e-03,1.399074224184110489e-02,-1.245952469482331404e+00,-1.772716937952543148e-01,-1.852762944607894147e+00,4.622998742273449757e-01,1.576834160065756940e+00,3.184835915264225825e-01
2.706666666666666998e+00,-8.368962377803527974e-02,-3.612945962243654940e-02,4.384242587981081879e-02,-8.042717916866991626e-03,1.686683894287557546e-04,-8.369097854919642365e-02,1.315307680308414051e-01,-4.294517770173200688e-03,-8.197596631886128193e-03,9.547279377990491867e-03,-2.947497370007212680e-04,-3.273966406425188325e-06,-4.294673752456290572e-03,1.397587663458724726e-02,-1.247002145463611544e+00,-1.776714630422477903e-01,-1.852277798916373008e+00,4.622099232835146232e-01,1.576836282626892682e+00,3.174338985862017459e-01
2.720000000000000195e+00,-8.973309837133207345e-02,-5.211962806748175053e-02,6.322332068969636898e-02,-1.135873758920452441e-02,1.803081176736625712e-04,-8.973455399915092334e-02,1.514827266202593004e-01,-4.289957588691883927e-03,-8.187159074230621059e-03,9.538621391295798446e-03,-2.941537059890642070e-04,-3.264405634695322078e-06,-4.290113405343021213e-03,1.396102496079040974e-02,-1.248118007113985239e+00,-1.781531891705467885e-01,-1.851693233237975633e+00,4.621026870446232060e-01,1.576838531538751198e+00,3.163180188722125585e-01
2.733333333333333393e+00,-9.785746669124692487e-02,-7.185241920398657833e-02,8.717542441774220330e-02,-1.549482876587355250e-02,1.959732874756667004e-04,-9.785905770085896738e-02,1.793179629965180044e-01,-4.285402249489145277e-03,-8.175994305253286853e-03,9.530602306791813305e-03,-2.934378904737577898e-04,-3.252263210740125032e-06,-4.285557900685077470e-03,1.394618437217119873e-02,-1.249314448425602908e+00,-1.788481175447800275e-01,-1.850850255628779584e+00,4.619512372101004516e-01,1.576840935646986352e+00,3.151215581522239795e-01
2.746666666666667034e+00,-1.051825096654463582e-01,-8.503688512895096752e-02,1.032487517808091393e-01,-1.834359090737483142e-02,2.097857246219607267e-04,-1.051842237205723868e-01,2.008860103973844624e-01,-4.280851747424652132e-03,-8.163961902872163279e-03,9.523340963922599656e-03,-2.925795821759891169e-04,-3.237048367132899784e-06,-4.281007233340350382e-03,1.393135402509044704e-02,-1.250619214648152955e+00,-1.798061498008332038e-01,-1.849687916636542973e+00,4.617446394932223086e-01,1.576843548624152547e+00,3.138167707162127229e-01
2.760000000000000231e+00,-1.092544954722791117e-01,-9.261610250495620755e-02,1.125645062350446868e-01,-2.005871178556247608e-02,2.169593939618070459e-04,-1.092562799066668089e-01,2.133644510619541745e-01,-4.276306077361624602e-03,-8.151377752599220372e-03,9.516566439694784663e-03,-2.916306178311067754e-04,-3.219873771609371715e-06,-4.276461398172060058e-03,1.391653586956444894e-02,-1.252021648110358987e+00,-1.809399749358857612e-01,-1.848311266612798764e+00,4.615000582811239482e-01,1.576846345767147994e+00,3.124143143999384975e-01
2.773333333333333428e+00,-1.101090972945950874e-01,-9.458503481459434870e-02,1.150905707761592511e-01,-2.061135980315677296e-02,2.176753816427296991e-04,-1.101108995992664541e-01,2.164843351043152508e-01,-4.271765234168611869e-03,-8.138494720384414904e-03,9.510062059032264870e-03,-2.906324497540246909e-04,-3.201629812821238374e-06,-4.271920390050532035e-03,1.390173140966385369e-02,-1.253478374716656019e+00,-1.821748563026184264e-01,-1.846810406529664883e+00,4.612326087906497563e-01,1.576849238559067778e+00,3.109575640011827957e-01
2.786666666666666625e+00,-1.077850878937702400e-01,-9.093972189824338359e-02,1.107908430403952565e-01,-1.996877988439400842e-02,2.121238607832387295e-04,-1.077868557531266730e-01,2.101881836177955654e-01,-4.267229212720380360e-03,-8.125553299454413292e-03,9.503622370688802334e-03,-2.896243700858391890e-04,-3.183161711106663461e-06,-4.267384203847868207e-03,1.388694207132519683e-02,-1.254946496013917390e+00,-1.834359901001465509e-01,-1.845275865585982666e+00,4.609577906599411357e-01,1.576852140897489818e+00,3.094894186731926844e-01
2.800000000000000266e+00,-1.065416991678870828e-01,-8.718053795971847375e-02,1.063383948504534743e-01,-1.929455142951804272e-02,2.087242886429304420e-04,-1.065434501757077518e-01,2.048981799234339818e-01,-4.262698007897025576e-03,-8.112789091926586593e-03,9.497046882636972498e-03,-2.886447064529562567e-04,-3.165295308082960446e-06,-4.262852834445940431e-03,1.387216928679211453e-02,-1.256383630519167571e+00,-1.846485197254565946e-01,-1.843798654345444099e+00,4.606915402614824018e-01,1.576854969215633062e+00,3.080522605964843841e-01
2.813333333333333464e+00,-1.074157226718630564e-01,-8.716836156193678853e-02,1.064420022849966313e-01,-1.941827020426958178e-02,2.094801753519521766e-04,-1.074174917280830421e-01,2.058688689767664837e-01,-4.258171614583972087e-03,-8.100206770923268351e-03,9.490332028275094700e-03,-2.876941297866864033e-04,-3.148045814249655905e-06,-4.258326276728841009e-03,1.385741309694740395e-02,-1.257804186508072686e+00,-1.858109268982528484e-01,-1.842380809080771398e+00,4.604342795757556672e-01,1.576857752206148433e+00,3.066316812608080866e-01
2.826666666666666661e+00,-1.066980088272252714e-01,-8.732361519921605364e-02,1.067475856179065791e-01,-1.956581821245591268e-02,2.071600983912319450e-04,-1.066997696109854565e-01,2.053597596586884955e-01,-4.253650027671973533e-03,-8.087647846862555667e-03,9.483612682166686625e-03,-2.867468525593608319e-04,-3.130857576749690452e-06,-4.253804525587323582e-03,1.384267251146815980e-02,-1.259236396143697423e+00,-1.869731717190785680e-01,-1.840961582383638051e+00,4.601753693063654893e-01,1.576860545275152958e+00,3.051994480377668850e-01
2.840000000000000302e+00,-1.043922435255064673e-01,-8.763689541232147495e-02,1.072445553990245271e-01,-1.973608726689697265e-02,2.018259701158528702e-04,-1.043939695658340772e-01,2.033888280230119749e-01,-4.249133242057112625e-03,-8.075105289878869996e-03,9.476894810803493385e-03,-2.858017320654937521e-04,-3.113705959734147655e-06,-4.249287575917026771e-03,1.382794747005056807e-02,-1.260659036261393862e+00,-1.881374865884013481e-01,-1.839538281242065976e+00,4.599144917301996038e-01,1.576863307409798409e+00,3.037767844429537512e-01
2.853333333333333499e+00,-1.005022760574651869e-01,-8.809920669795072434e-02,1.079227620297276841e-01,-1.992800020797984642e-02,1.935379778813015148e-04,-1.005039407458979128e-01,2.000192616533655321e-01,-4.244621252641689324e-03,-8.062572540231460749e-03,9.470183960174516358e-03,-2.848577061680401812e-04,-3.096568135241284381e-06,-4.244775422620250538e-03,1.381323791420378810e-02,-1.262050932841733974e+00,-1.893059785272321882e-01,-1.838108353836745756e+00,4.596513438999743073e-01,1.576865998422733561e+00,3.023848648487428292e-01
2.866666666666666696e+00,-9.552122147419955800e-02,-9.260568275927055781e-02,1.135537790858208163e-01,-2.099670571563676952e-02,1.833215619284124271e-04,-9.552280624111146590e-02,2.003997972698230712e-01,-4.240114054332444482e-03,-8.050043491399261342e-03,9.463485271941962651e-03,-2.839137901782251561e-04,-3.079423014362703270e-06,-4.240268060604179823e-03,1.379854378723744009e-02,-1.263390963189166882e+00,-1.904806346165379694e-01,-1.836669383676349465e+00,4.593856372305347158e-01,1.576868578929104814e+00,3.010448123054643155e-01
2.880000000000000338e+00,-9.159420333303407158e-02,-9.698367855815159810e-02,1.190476527245043770e-01,-2.206440094356592468e-02,1.752078372530654665e-04,-9.159572533278839690e-02,2.020997798022614034e-01,-4.235611642041892111e-03,-8.037350758648642568e-03,9.456940209465969360e-03,-2.829429574133790481e-04,-3.061686746796965508e-06,-4.235765484780440460e-03,1.378386399593008876e-02,-1.264664579475489603e+00,-1.917153770533284174e-01,-1.835155333288538415e+00,4.591056811543263727e-01,1.576871023216597223e+00,2.997711748889160255e-01
2.893333333333333535e+00,-8.932043679519577339e-02,-9.526216066629106249e-02,1.170756174690946866e-01,-2.181342823324165098e-02,1.702241409858454909e-04,-8.932192334589365845e-02,1.980252016982163299e-01,-4.231114010687875293e-03,-8.024502584742965183e-03,9.450541353267283284e-03,-2.819466312153906529e-04,-3.043389976475907588e-06,-4.231267690066875531e-03,1.376919855343370844e-02,-1.265885835519930058e+00,-1.930084927674369233e-01,-1.833568031252211794e+00,4.588114891417456320e-01,1.576873359321093737e+00,2.985498985511454428e-01
2.906666666666666732e+00,-8.872030281498184678e-02,-8.746296645728665609e-02,1.076288912615344928e-01,-2.021308600680171708e-02,1.683590064394093410e-04,-8.872178176686376649e-02,1.881095229323549167e-01,-4.226621155194010271e-03,-8.011749419786884374e-03,9.444076941327317343e-03,-2.809652624686798106e-04,-3.025407490753195816e-06,-4.226774671386657189e-03,1.375454903598005013e-02,-1.267076774677199369e+00,-1.942786549096542359e-01,-1.832007023019290637e+00,4.585206434319690771e-01,1.576875628976306842e+00,2.973589395732001428e-01
2.920000000000000373e+00,-8.981387946120163168e-02,-7.360718943944195847e-02,9.070103785945747565e-02,-1.723712989074722285e-02,1.695991593967458163e-04,-8.981537918556037337e-02,1.734219689048052682e-01,-4.222133070488354178e-03,-7.999340760505901926e-03,9.437336879925428690e-03,-2.800389657435786717e-04,-3.008607666110663104e-06,-4.222286423668286659e-03,1.373991707290664679e-02,-1.268259712048065868e+00,-1.954448277957512303e-01,-1.830571971135803500e+00,4.582511356185450246e-01,1.576877873763059767e+00,2.961759824829752752e-01
2.933333333333333570e+00,-9.253194093236899453e-02,-5.963106041695463710e-02,7.357799989465514667e-02,-1.419862478680609594e-02,1.738292157650399414e-04,-9.253348882227860339e-02,1.621598693996616214e-01,-4.217649751506069578e-03,-7.987534223761194596e-03,9.430105026649204802e-03,-2.792089939864794701e-04,-2.993884349766773312e-06,-4.217802941845150144e-03,1.372530442276870613e-02,-1.269457230440881990e+00,-1.964262569882770926e-01,-1.829362623964344126e+00,4.580213072200018942e-01,1.576880135085184875e+00,2.949784440938345575e-01
2.946666666666666767e+00,-9.417234934510650135e-02,-4.972453954230833528e-02,6.142743926987909858e-02,-1.203109474757444938e-02,1.760478716043102415e-04,-9.417392747039526890e-02,1.553312536420263512e-01,-4.213171193185871743e-03,-7.976346438910653092e-03,9.422368616005982744e-03,-2.784777557764961387e-04,-2.981291167269972675e-06,-4.213324220857739277e-03,1.371071129048869776e-02,-1.270690989653313618e+00,-1.972213377938363266e-01,-1.828381583965748680e+00,4.578319922228444305e-01,1.576882452808061608e+00,2.937446642428707122e-01
2.960000000000000409e+00,-9.347163634564284451e-02,-4.005178432627634622e-02,4.953790185259535767e-02,-9.875762255594038724e-03,1.739164927527391718e-04,-9.347320534141882742e-02,1.470710610306546484e-01,-4.208697390471805022e-03,-7.965609169739984452e-03,9.414270147873438077e-03,-2.778180204057179026e-04,-2.970239749267022944e-06,-4.208850255650098404e-03,1.369613659891076932e-02,-1.271946620977915110e+00,-1.978843316544005582e-01,-1.827562551442150296e+00,4.576715776262099133e-01,1.576884800113016460e+00,2.924890118765985925e-01
2.973333333333333606e+00,-9.043065774703423765e-02,-3.059868773681200319e-02,3.789701386841416025e-02,-7.734406065235368416e-03,1.675075778251697181e-04,-9.043217800040397047e-02,1.370693077453383479e-01,-4.204228338315019187e-03,-7.955317424050978303e-03,9.405814419362279466e-03,-2.772288551833312908e-04,-2.960711039889929452e-06,-4.204381041172045030e-03,1.368158034266899262e-02,-1.273192909462523614e+00,-1.984183554454177489e-01,-1.826902046084115661e+00,4.575399007961351572e-01,1.576887118999586335e+00,2.912427024720463109e-01
2.986666666666666803e+00,-8.504785564557600097e-02,-2.135125123255446691e-02,2.649215207639267836e-02,-5.608438481123649046e-03,1.568856837285432647e-04,-8.504928727039857972e-02,1.251227727524538147e-01,-4.199764031671548992e-03,-7.945466547027546511e-03,9.397005820379167318e-03,-2.767094071325360005e-04,-2.952687776947016118e-06,-4.199916572379169821e-03,1.366704251069710344e-02,-1.274398651565817442e+00,-1.988263379485752935e-01,-1.826396752565870196e+00,4.574367753819319482e-01,1.576889352433957114e+00,2.900369400987075075e-01
3.000000000000000000e+00,-8.330324244223388797e-02,-1.571079093166503557e-02,1.953449404588939245e-02,-4.320292591766964306e-03,1.530456308534340355e-04,-8.330464667484489827e-02,1.205247199514743600e-01,-4.195304465501870084e-03,-7.936052258287862315e-03,9.387848309604152064e-03,-2.762589076263921584e-04,-2.946154531890954331e-06,-4.195456844231948423e-03,1.365252308858532805e-02,-1.275532622974425045e+00,-1.991110212983429051e-01,-1.826043523871518248e+00,4.573619962021835406e-01,1.576891444243073259e+00,2.889029496017689880e-01
3.013333333333333641e+00,-8.315761009358402234e-02,-9.935275353896554779e-03,1.240790450831379121e-02,-3.009178431573907193e-03,1.521406363944099516e-04,-8.315901393413850651e-02,1.187112202246538295e-01,-4.190849634771787180e-03,-7.926910944044074370e-03,9.378479523785898664e-03,-2.758510752398635191e-04,-2.940542303875304242e-06,-4.191001851696629643e-03,1.363802093184962594e-02,-1.276643332873654835e+00,-1.993204985107652760e-01,-1.825783063950906282e+00,4.573043923009598721e-01,1.576893484851484395e+00,2.877922209794379071e-01
3.026666666666666838e+00,-7.762234209436155719e-02,1.273584656295703678e-03,-1.437901049478988941e-03,-4.183662447765485164e-04,1.414255172883269011e-04,-7.762365392536542397e-02,1.097931885397976232e-01,-4.186399534453322246e-03,-7.918050415623767435e-03,9.368893006549861013e-03,-2.754871355321597548e-04,-2.935878375964762199e-06,-4.186551589744791357e-03,1.362353609051004770e-02,-1.277752101008235996e+00,-1.994529688488171359e-01,-1.825617625224128737e+00,4.572642699218723017e-01,1.576895513393303361e+00,2.866834341269828279e-01
3.040000000000000036e+00,-6.670927132973852869e-02,1.793705914993764042e-02,-2.202670867692073722e-02,3.452401036983010745e-03,1.210494747615883183e-04,-6.671039925928383407e-02,9.858626660270450315e-02,-4.181954159523382231e-03,-7.909731252227381049e-03,9.358870078373549006e-03,-2.752088183983758540e-04,-2.933069441546365397e-06,-4.182106053353340513e-03,1.360907042221504680e-02,-1.278787065569494175e+00,-1.994359877200664322e-01,-1.825636797238121778e+00,4.572586917052752220e-01,1.576897399066867322e+00,2.856484520746445099e-01
3.053333333333333677e+00,-5.041755682132757765e-02,4.007469051986307235e-02,-4.936969543087742218e-02,8.591385344354772122e-03,9.110055450888346340e-05,-5.041840860159153836e-02,9.592243642858255814e-02,-4.177513504964203150e-03,-7.902228841944580751e-03,9.348179574284465332e-03,-2.750602347294517358e-04,-2.933074813693536953e-06,-4.177665237504069040e-03,1.359462594851346302e-02,-1.279676522520557302e+00,-1.991968269314003948e-01,-1.825930486687147303e+00,4.573047237191016912e-01,1.576899013059864352e+00,2.847589800845207186e-01
3.066666666666666874e+00,-2.533856960684144344e-02,6.939166504643767830e-02,-8.554716112983189180e-02,1.537640043757867135e-02,4.545955496282280017e-05,-2.533899479008948699e-02,1.168506032460734090e-01,-4.173077565763350094e-03,-7.895841075579834722e-03,9.336571095735379799e-03,-2.750891700591395761e-04,-2.936934285990844273e-06,-4.173229137184986115e-03,1.358020495408405158e-02,-1.280348756611508376e+00,-1.986624977244688672e-01,-1.826588749292892278e+00,4.574192755236929919e-01,1.576900227733924353e+00,2.840867346364994717e-01
3.080000000000000071e+00,-3.828718179310023478e-03,9.512672252744942825e-02,-1.172226130629439866e-01,2.123883694381008963e-02,6.420615987109155930e-06,-3.828777008805270970e-03,1.525471769792834942e-01,-4.168646336914605399e-03,-7.890986209407202523e-03,9.323692355473589544e-03,-2.753628686966713701e-04,-2.946110682522373736e-06,-4.168797747388097719e-03,1.356581080608512506e-02,-1.280686604206266344e+00,-1.977372755238495650e-01,-1.827729378107956659e+00,4.576242941961941035e-01,1.576900833861324180e+00,2.837488813726314341e-01
3.093333333333333712e+00,4.521071021196046424e-03,1.101827486133364620e-01,-1.356301164897696088e-01,2.451494818412820395e-02,-8.801589267599582294e-06,4.521154443862647476e-03,1.765718841538499173e-01,-4.164219813414860027e-03,-7.887534401763929282e-03,9.309650111636535996e-03,-2.758609896162944608e-04,-2.960162713172564963e-06,-4.164371063111627080e-03,1.355144291926056732e-02,-1.280737653781990559e+00,-1.964689192234834181e-01,-1.829292346282129333e+00,4.579074786887780135e-01,1.576900919469537143e+00,2.836978310125140013e-01
3.106666666666666909e+00,-3.416187743481603756e-04,1.145326097289615236e-01,-1.407849667847504149e-01,2.525308654759251398e-02,-1.328112813208588043e-07,-3.416182058721614623e-04,1.832377618027826172e-01,-4.159797990268998547e-03,-7.884931253888005642e-03,9.294907691973719466e-03,-2.764951438321006094e-04,-2.977168841233890362e-06,-4.159949079358682411e-03,1.353709732445077321e-02,-1.280677372835041350e+00,-1.949998159086390181e-01,-1.831100747835326281e+00,4.582343446645662510e-01,1.576900802115013711e+00,2.837581130717654609e-01
3.120000000000000107e+00,-1.848611865710717006e-02,1.081426767756210744e-01,-1.327149038649084178e-01,2.351656831624510460e-02,3.254345577342096751e-05,-1.848642727532812460e-02,1.747701315125903265e-01,-4.155380862484570059e-03,-7.882581574549796244e-03,9.279964156397202402e-03,-2.771700973678292712e-04,-2.995058816956941428e-06,-4.155531791139033260e-03,1.352276945881172518e-02,-1.280681927752032712e+00,-1.934727144455861136e-01,-1.832977880725789710e+00,4.585710524852006920e-01,1.576900800344196441e+00,2.837535581623535919e-01
3.133333333333333748e+00,-3.849413942463184024e-02,1.097066683854992786e-01,-1.344247190173467887e-01,2.352690632035715768e-02,6.835762691851140344e-05,-3.849478930864209947e-02,1.833650068548257905e-01,-4.150968425076673185e-03,-7.879875678369785419e-03,9.265332945419313404e-03,-2.777878324158322698e-04,-3.011702673916261119e-06,-4.151119193466001889e-03,1.350845438496102967e-02,-1.280928409334127549e+00,-1.920308120885776404e-01,-1.834747412777321784e+00,4.588846067294172215e-01,1.576901234256940398e+00,2.835070724653494523e-01
3.146666666666666945e+00,-4.973063163418784544e-02,1.183968956788108706e-01,-1.448627589575332553e-01,2.513143274944575414e-02,8.819576227130444584e-05,-4.973147373616661204e-02,2.014472529780595156e-01,-4.146560673064847435e-03,-7.877263542923174100e-03,9.250633849791078944e-03,-2.784206783550402520e-04,-3.028674006255727136e-06,-4.146711281358239631e-03,1.349415483314611586e-02,-1.281441664526455915e+00,-1.905680565101044444e-01,-1.836539742364219796e+00,4.591982988136886767e-01,1.576902145691965629e+00,2.829938086079009096e-01
3.160000000000000142e+00,-5.831735450188776926e-02,1.150664173046991173e-01,-1.405647841291982336e-01,2.413994276400496450e-02,1.033522388596186305e-04,-5.831834403857745486e-02,2.009562876211209992e-01,-4.142157601473073214e-03,-7.875153205267437784e-03,9.235522940280738169e-03,-2.791345481529816652e-04,-3.047407772349686184e-06,-4.142308049841503248e-03,1.347987510864901740e-02,-1.282104739614911670e+00,-1.889894312343871619e-01,-1.838471245816986954e+00,4.595333845836813147e-01,1.576903321635462873e+00,2.823307222914186454e-01
3.173333333333333339e+00,-6.420629229287280748e-02,9.971528965783456322e-02,-1.216157615501562567e-01,2.063668879086997740e-02,1.137689641643763075e-04,-6.420738355658874019e-02,1.827688550869087658e-01,-4.137759205331548173e-03,-7.872858897755907748e-03,9.220579098573544741e-03,-2.798189090826852521e-04,-3.065501972265849417e-06,-4.137909493945546302e-03,1.346560954348517171e-02,-1.282882304341603552e+00,-1.874552123369910284e-01,-1.840345442938709608e+00,4.598552504872013280e-01,1.576904699665314880e+00,2.815531443709042847e-01
3.186666666666666980e+00,-6.734122098996279948e-02,7.169470086974215339e-02,-8.730401473107921029e-02,1.458398041196251778e-02,1.170726318340577774e-04,-6.734236714798748358e-02,1.484744482028381996e-01,-4.133365479676243126e-03,-7.869702881315721044e-03,9.206377166182999616e-03,-2.803639619175513076e-04,-3.080568331981226038e-06,-4.133515608704563249e-03,1.345135230685864935e-02,-1.283738388238841788e+00,-1.861256751415534261e-01,-1.841966986426045061e+00,4.601304063377460452e-01,1.576906216584837317e+00,2.806970459234832127e-01
3.200000000000000178e+00,-7.340518323150262148e-02,3.794802352052068645e-02,-4.609683140171288995e-02,7.301906713188398464e-03,1.324318966715310180e-04,-7.340643468150856443e-02,1.199797120856203464e-01,-4.128976419547569776e-03,-7.873779805890102068e-03,9.204016069690457158e-03,-2.820807085521792601e-04,-3.121134756423060708e-06,-4.129126389159409882e-03,1.344946209040401991e-02,-1.284636271185374712e+00,-1.851697457966237081e-01,-1.843131039955792749e+00,4.603248594099054181e-01,1.576907777553262058e+00,2.797991476948435974e-01
3.213333333333333375e+00,-8.123409546540204251e-02,1.025079326838086377e-02,-1.234441838917590961e-02,1.432110786555817333e-03,1.438939523090664290e-04,-8.123548289066459538e-02,1.160074007179460048e-01,-4.124592019991268899e-03,-7.858882678675627176e-03,9.182479830246670360e-03,-2.807213318698487114e-04,-3.094749685406128492e-06,-4.124741830356715155e-03,1.342328355255103904e-02,-1.285615006961794649e+00,-1.846637721496833251e-01,-1.843745664374482285e+00,4.604222181660810875e-01,1.576909543311884043e+00,2.788203952324233015e-01
3.226666666666667016e+00,-8.453665488537237538e-02,-5.350292886065441920e-03,6.656852076410442638e-03,-1.875340398394075405e-03,1.493375612089197868e-04,-8.453810100612894896e-02,1.198733292178954246e-01,-4.120212276058410339e-03,-7.851064708376931378e-03,9.172281691312456076e-03,-2.805087438768616437e-04,-3.093325257275125750e-06,-4.120361927345328468e-03,1.340903407468484708e-02,-1.286698128234666783e+00,-1.845270949061048604e-01,-1.843910256619671229e+00,4.604413129765685397e-01,1.576911461897914535e+00,2.777372554605479493e-01
3.240000000000000213e+00,-8.334840780793066617e-02,-9.467981628580200357e-03,1.166953232424897992e-02,-2.733971976922123029e-03,1.467258300935108035e-04,-8.334983553749798768e-02,1.188590297801168927e-01,-4.115837182804948924e-03,-7.842506499923018737e-03,9.162730105975569472e-03,-2.801749536933684226e-04,-3.089257944566270453e-06,-4.115986675183425092e-03,1.339479379349024953e-02,-1.287825283633138307e+00,-1.845984321445857113e-01,-1.843821498591985852e+00,4.604163084379231385e-01,1.576913453065397874e+00,2.766100807804661166e-01
3.253333333333333410e+00,-7.771150962514877802e-02,-2.090782906888894073e-03,2.678952267606909791e-03,-1.138810037741903218e-03,1.362570409678215899e-04,-7.771284217816805395e-02,1.099601208635547916e-01,-4.111466735293500818e-03,-7.833763827972184401e-03,9.153353035692646245e-03,-2.798101238621342191e-04,-3.084510582951338620e-06,-4.111616068931844836e-03,1.338056710837825375e-02,-1.288936595737244062e+00,-1.847246718996333747e-01,-1.843665904827662461e+00,4.603798554782310148e-01,1.576915409409799018e+00,2.754987496399659008e-01
3.266666666666667052e+00,-7.128570837793762882e-02,1.309796316617989516e-02,-1.582697741211415779e-02,2.107565448709076885e-03,1.244273661707914216e-04,-7.128693175695904882e-02,1.029076577600614023e-01,-4.107100928590234901e-03,-7.825379101274343441e-03,9.143689797718401735e-03,-2.795022415358339174e-04,-3.081000652827015074e-06,-4.107250103656756579e-03,1.336635827900646382e-02,-1.289972749198912805e+00,-1.847525490050587749e-01,-1.843630185464094406e+00,4.603646713443945160e-01,1.576917226170345465e+00,2.744625784109238076e-01
3.280000000000000249e+00,-6.783925867923609743e-02,2.063865394627914518e-02,-2.501059100151013792e-02,3.716087184039256353e-03,1.179548655434706797e-04,-6.784042396585170109e-02,1.013399973272329641e-01,-4.102739757767537299e-03,-7.817732427127133121e-03,9.133416104567970706e-03,-2.793129453495524217e-04,-3.080073017969198190e-06,-4.102888774430546448e-03,1.335216930183784519e-02,-1.290923225310618649e+00,-1.845779094961765843e-01,-1.843841211829589266e+00,4.603927722170437775e-01,1.576918885201894938e+00,2.735120859874977661e-01
3.293333333333333446e+00,-6.559810112145818273e-02,1.649382118963211435e-02,-1.996206143366421881e-02,2.857014176506294991e-03,1.137681385300644532e-04,-6.559922896027435557e-02,9.635909515055959829e-02,-4.098383217901790943e-03,-7.810462345450464028e-03,9.122840292683065400e-03,-2.791836332649566543e-04,-3.080451035586406761e-06,-4.098532076330929641e-03,1.333799835909629111e-02,-1.291827748759675210e+00,-1.843027274435593554e-01,-1.844174686376276018e+00,4.604423200461642551e-01,1.576920457933435493e+00,2.726075470012863100e-01
3.306666666666667087e+00,-6.452741861871558182e-02,6.644148437209187585e-04,-6.947849967743769534e-04,-4.590402636894429169e-04,1.117762517186605725e-04,-6.452852914827618414e-02,9.126262221087735882e-02,-4.094031304077372369e-03,-7.802996132222794756e-03,9.112448690384411520e-03,-2.790214211119135257e-04,-3.080108897712818816e-06,-4.094180004439174070e-03,1.332384082922029138e-02,-1.292702390107961286e+00,-1.840828098276974245e-01,-1.844440847195391475e+00,4.604804135685176547e-01,1.576921974841948959e+00,2.717328906151492696e-01
3.320000000000000284e+00,-6.459322466006062191e-02,-2.763167111814361296e-02,3.373656972913007673e-02,-6.366452514042462985e-03,1.091039757510400002e-04,-6.459433751764409593e-02,1.014244650885040566e-01,-4.089684011380878559e-03,-7.794774789447345142e-03,9.102716328441395888e-03,-2.787355821123327360e-04,-3.077066156542684894e-06,-4.089832553843208984e-03,1.330969222780035641e-02,-1.293562755689544153e+00,-1.840739509631146298e-01,-1.844450110995348391e+00,4.604742930316683136e-01,1.576923465191971907e+00,2.708725102265057139e-01
3.333333333333333481e+00,-6.107617345399157793e-02,-6.162574465552634467e-02,7.514840971622255283e-02,-1.359912588213503352e-02,1.086447795327842824e-04,-6.107722647281273870e-02,1.307313675942578801e-01,-4.085341334905567834e-03,-7.795747677985520596e-03,9.106713742220051699e-03,-2.799405646745078968e-04,-3.106564252064458742e-06,-4.085489719636292705e-03,1.331035437108981333e-02,-1.294423998685011679e+00,-1.844423732446900388e-01,-1.844000290065626713e+00,4.603894069981477877e-01,1.576924919911649070e+00,2.700112523929369956e-01
3.346666666666666679e+00,-5.671729394924870937e-02,-9.009270867874634436e-02,1.098844998854536653e-01,-1.963691685732609285e-02,9.851674818015306197e-05,-5.671827232536935659e-02,1.643494190128494958e-01,-4.081003269749139406e-03,-7.774560184204304392e-03,9.087135982341010276e-03,-2.775492043203264814e-04,-3.057540496342880942e-06,-4.081151496916124444e-03,1.328183927614049256e-02,-1.295238347664398271e+00,-1.852640498400970337e-01,-1.842998311269410383e+00,4.602080853197194621e-01,1.576926368508710041e+00,2.691968893732994417e-01
3.360000000000000320e+00,-5.759771841249924917e-02,-1.056978376938622760e-01,1.290503449491199328e-01,-2.311318421393271719e-02,9.990214896475137533e-05,-5.759871300539320949e-02,1.870704749440559589e-01,-4.076669811015509737e-03,-7.762411386189160822e-03,9.080791528190523820e-03,-2.766233970858955615e-04,-3.040510603291579628e-06,-4.076817880786176573e-03,1.326770574879316232e-02,-1.295994578250388329e+00,-1.864652859558137976e-01,-1.841533184604271067e+00,4.599462597616219561e-01,1.576927682065352165e+00,2.684406457422943149e-01
3.373333333333333517e+00,-6.373021462380049074e-02,-1.092341303363414257e-01,1.335515198062712516e-01,-2.409819661593197437e-02,1.100371093897425207e-04,-6.373131685865483786e-02,1.961429577266061153e-01,-4.072340953813480269e-03,-7.749673527985834198e-03,9.074961153814786741e-03,-2.756017629508278333e-04,-3.021381140388967879e-06,-4.072488866354362358e-03,1.325358259508666384e-02,-1.296762547829221734e+00,-1.878745904583984938e-01,-1.839812513338282773e+00,4.596380839721030398e-01,1.576929014094004877e+00,2.676726629022225801e-01
3.386666666666666714e+00,-7.512705206240764821e-02,-1.007414031771918239e-01,1.233613679487319675e-01,-2.252286580020398249e-02,1.288310264059754561e-04,-7.512835397119094205e-02,1.927757687563133038e-01,-4.068016693256737426e-03,-7.736825760583432299e-03,9.069237283268805072e-03,-2.745621455133573363e-04,-3.001852092232581981e-06,-4.068164448734812311e-03,1.323947328753264860e-02,-1.297612284024205698e+00,-1.893310455295496020e-01,-1.838031826407532598e+00,4.593167746838906496e-01,1.576930481255462979e+00,2.668229120107739050e-01
3.400000000000000355e+00,-9.206397706877057774e-02,-9.980691084427026349e-02,1.223970341484832136e-01,-2.260517346340653461e-02,1.567921961572391325e-04,-9.206557601205597741e-02,2.059255157377912759e-01,-4.063697024463408525e-03,-7.724330220754804799e-03,9.063228507773857245e-03,-2.735792694950056614e-04,-2.983555972946305701e-06,-4.063844623046097837e-03,1.322538126061354076e-02,-1.298613978051704532e+00,-1.906742642385790276e-01,-1.836387008168216095e+00,4.590164698065546389e-01,1.576932199002481383e+00,2.658212006244915493e-01
3.413333333333333552e+00,-1.054167281169170745e-01,-1.069382462743472817e-01,1.313156904150568072e-01,-2.443615684026346699e-02,1.784658942951308888e-04,-1.054185627393703223e-01,2.269416590525502042e-01,-4.059381942559170398e-03,-7.711895443990979260e-03,9.057183122100909145e-03,-2.726059115962797819e-04,-2.965460378145934328e-06,-4.059529384412563502e-03,1.321130503779983922e-02,-1.299841497745954699e+00,-1.920050230498357990e-01,-1.834755047712902876e+00,4.587150674937090500e-01,1.576934289565096847e+00,2.645936596109974559e-01
3.426666666666666750e+00,-1.104251666015483718e-01,-1.028316211337105823e-01,1.264549785801699633e-01,-2.373946019787072023e-02,1.858219980438792799e-04,-1.104270919640624876e-01,2.269728187947153975e-01,-4.055071442672364412e-03,-7.699211376364534232e-03,9.051362045411792678e-03,-2.715920850064890146e-04,-2.946471340692369267e-06,-4.055218727962994762e-03,1.319724156686511926e-02,-1.301247054120846958e+00,-1.934308663334936007e-01,-1.833004171840702190e+00,4.583892520691721373e-01,1.576936669110354572e+00,2.631880787744727002e-01
3.440000000000000391e+00,-1.071766657691571173e-01,-8.747260287738675699e-02,1.077259890291337452e-01,-2.044197467320171477e-02,1.792873769032264088e-04,-1.071785375120613143e-01,2.065147162494027633e-01,-4.050765519937549186e-03,-7.686709401276470288e-03,9.045400682548887517e-03,-2.706073799068065000e-04,-2.928109808397749703e-06,-4.050912648831506147e-03,1.318319409101576835e-02,-1.302719389675534245e+00,-1.948019546152766068e-01,-1.831318105459633250e+00,4.580727259332006973e-01,1.576939146736995312e+00,2.617157175482853759e-01
3.453333333333333588e+00,-9.574979691873140852e-02,-6.033465520309409108e-02,7.442768798579517397e-02,-1.440473107102763044e-02,1.610531264770743965e-04,-9.575147111077852990e-02,1.665041783337039005e-01,-4.046464169495500585e-03,-7.674827934128547469e-03,9.038930139894318927e-03,-2.697221705751928766e-04,-2.911916161529859437e-06,-4.046611142159317609e-03,1.316916604921451218e-02,-1.304148411885789782e+00,-1.959682559869753149e-01,-1.829881758939244873e+00,4.578001662708914843e-01,1.576941537235354573e+00,2.602866703814576965e-01
3.466666666666666785e+00,-8.213704406799390845e-02,-2.705779836389299656e-02,3.346133555579087343e-02,-6.792640099946456456e-03,1.339732811548223642e-04,-8.213848137180421172e-02,1.240611440707346941e-01,-4.042167386489659009e-03,-7.657276260486067798e-03,9.023303215556666146e-03,-2.679259518214571756e-04,-2.875768259080757616e-06,-4.042314203088537283e-03,1.314553515578096264e-02,-1.305425075844706129e+00,-1.967727180563501044e-01,-1.828889389766100937e+00,4.576081031899446039e-01,1.576943684610374596e+00,2.590099840999808833e-01
3.480000000000000426e+00,-7.411080930596550265e-02,2.665859321859644429e-04,-1.991569549496903437e-04,-6.204718249166886034e-04,1.218699033821949861e-04,-7.411210714529518906e-02,1.048118650278283548e-01,-4.037875166071458466e-03,-7.655054536025662770e-03,9.023320155362224426e-03,-2.685896946847954325e-04,-2.893483008747921303e-06,-4.038021826771043266e-03,1.314162742974719911e-02,-1.306520236432279436e+00,-1.971334887012021753e-01,-1.828443238625357070e+00,4.575175346552784461e-01,1.576945470920789738e+00,2.579148043483567854e-01
3.493333333333333623e+00,-6.956938115528027433e-02,1.554267067194596910e-02,-1.902657894757470158e-02,2.851425705488438381e-03,1.138441646793708915e-04,-6.957060045208253440e-02,1.014479972631524424e-01,-4.033587503394997498e-03,-7.646975821872459278e-03,9.013696686775762856e-03,-2.683124929285796156e-04,-2.890585871995199341e-06,-4.033734008361378187e-03,1.312767326408598688e-02,-1.307508380556358984e+00,-1.971299342221062290e-01,-1.828445894051422993e+00,4.575092616976128568e-01,1.576947095852834657e+00,2.569266429197529789e-01
3.506666666666666821e+00,-6.847226157157040860e-02,1.930034845279118838e-02,-2.365316989186119073e-02,3.700452292691867179e-03,1.116183662783431873e-04,-6.847346282433940112e-02,1.016009223287088897e-01,-4.029304393620147806e-03,-7.639621038490584937e-03,9.003481858702588880e-03,-2.681503361614545611e-04,-2.890206636685377362e-06,-4.029450743018969661e-03,1.311373994460295934e-02,-1.308435972305096007e+00,-1.969226986131471513e-01,-1.828699581770723892e+00,4.575472807070193326e-01,1.576948613775030594e+00,2.559990349137253318e-01
3.520000000000000018e+00,-7.078629677260316055e-02,1.153259567633918743e-02,-1.407822942806553207e-02,1.934471133489673415e-03,1.150618618315001827e-04,-7.078754015389226995e-02,1.017670299089026148e-01,-4.025025831913886520e-03,-7.632452216472351836e-03,8.993127932186872897e-03,-2.680169526705356020e-04,-2.890455517157164422e-06,-4.025172025909462548e-03,1.309982294036081581e-02,-1.309348935792717050e+00,-1.966653606337764870e-01,-1.829014957369281991e+00,4.575966200709218334e-01,1.576950102019914368e+00,2.550860554094009913e-01
3.533333333333333659e+00,-7.748120515254673657e-02,-3.835273289901333996e-03,4.856748368626669261e-03,-1.566711821159098980e-03,1.255997164627654461e-04,-7.748256823955415595e-02,1.097618021901605179e-01,-4.020751813445855305e-03,-7.624922470220951709e-03,8.983094875325114970e-03,-2.678246023988251068e-04,-2.889408959205752581e-06,-4.020897852203386691e-03,1.308591759356174909e-02,-1.310292753083018402e+00,-1.965115926914253741e-01,-1.829202667094989465e+00,4.576224130193682349e-01,1.576951636178072214e+00,2.541422215406825558e-01
3.546666666666666856e+00,-8.188309236808465064e-02,-1.152978060557104806e-02,1.433874123543424188e-02,-3.328961217499254790e-03,1.322421093985021374e-04,-8.188453497760728172e-02,1.173011197561716762e-01,-4.016482333391468984e-03,-7.616687913626574158e-03,8.973673125279635343e-03,-2.675180711850799753e-04,-2.885855234779910461e-06,-4.016628217075712826e-03,1.307202168557628635e-02,-1.311325835818385688e+00,-1.965627296686238701e-01,-1.829137910450074456e+00,4.576015235284192073e-01,1.576953310840957911e+00,2.531091206308220265e-01
3.560000000000000053e+00,-7.968874173584687692e-02,-7.829795852435379733e-03,9.780628335330112180e-03,-2.482642544956226594e-03,1.281432085707616506e-04,-7.969014723926458321e-02,1.134194051071983900e-01,-4.012217386932359631e-03,-7.608112968482849681e-03,8.964555109518101972e-03,-2.671558398574802595e-04,-2.881075949368039346e-06,-4.012363115708073025e-03,1.305813761332180051e-02,-1.312417610383293409e+00,-1.967164600766979632e-01,-1.828946727233601965e+00,4.575571373788527296e-01,1.576955074069083196e+00,2.520173268311207693e-01
3.573333333333333695e+00,-7.093612689371742164e-02,7.284598414695189414e-03,-8.847850989881785033e-03,9.811063279042133659e-04,1.135320472747062951e-04,-7.093737878930901630e-02,1.009770820955648019e-01,-4.007956969253712032e-03,-7.599715000790929764e-03,8.955305509379840601e-03,-2.668209404355081915e-04,-2.876892606806791264e-06,-4.008102543286540254e-03,1.304426968500847078e-02,-1.313480126939771342e+00,-1.968208573547305384e-01,-1.828816318855797540e+00,4.575240354782534880e-01,1.576956782645197563e+00,2.509547915345970992e-01
3.586666666666666892e+00,-5.564977663104651168e-02,3.433899400937560908e-02,-4.218201127500374042e-02,7.135891494882329669e-03,9.036289615299062761e-05,-5.565075840759790837e-02,9.593394731838365830e-02,-4.003701075547372312e-03,-7.592020075360306208e-03,8.945481844484071132e-03,-2.665977622684501114e-04,-2.875158203963223968e-06,-4.003846495000740191e-03,1.303042232415811512e-02,-1.314425941965020828e+00,-1.967237293758681282e-01,-1.828934290202329338e+00,4.575371168959589951e-01,1.576958296405828186e+00,2.500089598174062289e-01
3.600000000000000089e+00,-3.922353873992852347e-02,6.761526542929188754e-02,-8.316174146472639361e-02,1.474478414532677875e-02,6.004519209321044349e-05,-3.922422947409734406e-02,1.215818152379552208e-01,-3.999449701009183400e-03,-7.578837364949464472e-03,8.926367071595997515e-03,-2.654930434715652154e-04,-2.854062833623771667e-06,-3.999594966046515765e-03,1.300698494680304317e-02,-1.315167938986768092e+00,-1.962658761224096438e-01,-1.829496717019329477e+00,4.576322621158905868e-01,1.576959501244443729e+00,2.492669497053050520e-01
3.613333333333333730e+00,-2.718021632791839393e-02,9.488567848765593060e-02,-1.166409316211076824e-01,2.078615539433260190e-02,4.240794751256070334e-05,-2.718069340758724056e-02,1.565823081314226262e-01,-3.995202840839873204e-03,-7.581193716894585322e-03,8.922673298957128907e-03,-2.668809879189382173e-04,-2.887709498633483918e-06,-3.995347951626815330e-03,1.300324120239283905e-02,-1.315690919503300416e+00,-1.953643392500192810e-01,-1.830605540238859241e+00,4.578288592378281230e-01,1.576960301847004864e+00,2.487439599789835754e-01
3.626666666666666927e+00,-1.686822925570719348e-02,1.100662282782798179e-01,-1.351648971569457958e-01,2.406973983668244527e-02,2.586836713932043750e-05,-1.686852320114979459e-02,1.775741008960567968e-01,-3.990960490247275061e-03,-7.577896568863540239e-03,8.909196084907478053e-03,-2.673610421997096864e-04,-2.901414476230712580e-06,-3.991105446945475421e-03,1.298947535338395610e-02,-1.316053322387672697e+00,-1.940991968701837322e-01,-1.832160752660473957e+00,4.581060079764194271e-01,1.576960867286304691e+00,2.483815507335491723e-01
3.640000000000000124e+00,-8.273590423165704671e-03,1.136744795498943472e-01,-1.394180779563397310e-01,2.473776899892772205e-02,1.224431823761039545e-05,-8.273731630221378003e-03,1.819564564958502384e-01,-3.986722644441442753e-03,-7.575427459163730504e-03,8.895034174948079908e-03,-2.679739839219763553e-04,-2.918038077392992591e-06,-3.986867447215658444e-03,1.297573204944219710e-02,-1.316278232111082191e+00,-1.926316471598066293e-01,-1.833962951289233256e+00,4.584269378409087103e-01,1.576961212197866224e+00,2.481566370908669938e-01
3.653333333333333766e+00,-1.396596561481763810e-03,1.056910650563766957e-01,-1.294517318183551202e-01,2.286295493100200943e-02,1.514687610622580471e-06,-1.396615512520408414e-03,1.686860036601710855e-01,-3.982489298638647313e-03,-7.573163136903815484e-03,8.880711276407105004e-03,-2.686199391441768114e-04,-2.935385807312229645e-06,-3.982633947652747253e-03,1.296200571424138172e-02,-1.316388546650057778e+00,-1.911159874324748209e-01,-1.835821858995317690e+00,4.587567747608942703e-01,1.576961375455442571e+00,2.480463206691307931e-01
3.666666666666666963e+00,8.737318451160672184e-03,9.759668586115451128e-02,-1.193937873467937616e-01,2.102792603643756364e-02,-1.434651065343144405e-05,8.737479668659578480e-03,1.561244622472268972e-01,-3.978260448062265198e-03,-7.570467793601043383e-03,8.866763983493619605e-03,-2.691965393024631226e-04,-2.951207634716013217e-06,-3.978404943478341949e-03,1.294829037851092865e-02,-1.316407167937544198e+00,-1.897067732317232469e-01,-1.837547882086228990e+00,4.590616141599741518e-01,1.576961395651277797e+00,2.480276991289640520e-01
3.680000000000000160e+00,2.007570059906929258e-02,9.724419733953487688e-02,-1.188336736468450644e-01,2.089321099288032890e-02,-3.224116997925859936e-05,2.007606332591507087e-02,1.575451849055088116e-01,-3.974036087937005135e-03,-7.567339958602925520e-03,8.853194733591251975e-03,-2.697032985077285616e-04,-2.965492167383843025e-06,-3.974180429919371704e-03,1.293458590837394916e-02,-1.316290670358195358e+00,-1.884054840869078262e-01,-1.839139799250852914e+00,4.593419865071268759e-01,1.576961204364469182e+00,2.481441988578794167e-01
3.693333333333333357e+00,2.659452911205209893e-02,9.705799664815564776e-02,-1.184709983952310364e-01,2.075858553876773829e-02,-4.257433576420703570e-05,2.659500755165477084e-02,1.590632461180928880e-01,-3.969816213495569457e-03,-7.564198893709406235e-03,8.839649640352220672e-03,-2.702077276124370542e-04,-2.979722246720939438e-06,-3.969960402207650674e-03,1.292089618124876368e-02,-1.316022994350207753e+00,-1.871088947890475751e-01,-1.840724248232810778e+00,4.596205626536984390e-01,1.576960774482202510e+00,2.484118797022247804e-01
3.706666666666666998e+00,2.827268014126040757e-02,9.703716527596759067e-02,-1.183036172749819814e-01,2.062270289684548299e-02,-4.528848967396353838e-05,2.827318819760175558e-02,1.594865914244415483e-01,-3.965600819975101388e-03,-7.561053404240514197e-03,8.826121259175145894e-03,-2.707112460145211230e-04,-2.993928338135276590e-06,-3.965744855578101635e-03,1.290722126287054648e-02,-1.315668400628713819e+00,-1.858147881670721979e-01,-1.842303861544747123e+00,4.598973437942150966e-01,1.576960206824391975e+00,2.487664798029136648e-01
3.720000000000000195e+00,2.508969067329627420e-02,9.718393828772954601e-02,-1.183332357354453107e-01,2.048489426574351402e-02,-4.031071192016073401e-05,2.509014201534768423e-02,1.585121852199315451e-01,-3.961389902617185044e-03,-7.557912257186494287e-03,8.812602148002390834e-03,-2.712152721864313776e-04,-3.008141192140101339e-06,-3.961533785274529151e-03,1.289356122145917001e-02,-1.315291431560163593e+00,-1.845209592967260726e-01,-1.843881243108413504e+00,4.601723131661730193e-01,1.576959602977862751e+00,2.491434556455485172e-01
3.733333333333333393e+00,1.864876120497352754e-02,9.744401429450785801e-02,-1.184951491245590793e-01,2.034508134102232940e-02,-3.014594238605310461e-05,1.864909807468242975e-02,1.569902056973926374e-01,-3.957183456668289523e-03,-7.554784357169719300e-03,8.799084717948879586e-03,-2.717212521785583590e-04,-3.022392472296075994e-06,-3.957327186542514141e-03,1.287991612945508374e-02,-1.314956902351186230e+00,-1.832251734528895781e-01,-1.845459019584886118e+00,4.604454450897161877e-01,1.576959065501704060e+00,2.494779908724198414e-01
3.746666666666667034e+00,1.543825368922936009e-02,9.759277222856067857e-02,-1.185252929937194999e-01,2.020563237941552792e-02,-2.507917562870793198e-05,1.543853349994984969e-02,1.563890995975166787e-01,-3.952981477381101172e-03,-7.551675736795715466e-03,8.785563791339434658e-03,-2.722301713129482437e-04,-3.036704032677306486e-06,-3.953125054634298863e-03,1.286628603409871278e-02,-1.314708252201786554e+00,-1.819259199289628981e-01,-1.847038954906546904e+00,4.607167128409299650e-01,1.576958663555805273e+00,2.497266455134155017e-01
3.760000000000000231e+00,1.709965031179669012e-02,9.757409434898203782e-02,-1.183586461042759608e-01,2.006821495792490001e-02,-2.773917009885198222e-05,1.709995952904280053e-02,1.565790971790326502e-01,-3.948783960011859051e-03,-7.548580453960784808e-03,8.772044361027742099e-03,-2.727410729685963986e-04,-3.051055271541258662e-06,-3.948927384806566465e-03,1.285267086627919254e-02,-1.314502408819263390e+00,-1.806246829659152731e-01,-1.848619292146463255e+00,4.609861212726555912e-01,1.576958329166796346e+00,2.499324926267481040e-01
3.773333333333333428e+00,2.365426023819611201e-02,9.738824998226748575e-02,-1.179965727697876998e-01,1.993405128922024275e-02,-3.818798456762732249e-05,2.365468561588505644e-02,1.578736788009658110e-01,-3.944590899823907648e-03,-7.545489553019368856e-03,8.758534007621054940e-03,-2.732525067621338621e-04,-3.065414534653143619e-06,-3.944734172321329169e-03,1.283907052491924973e-02,-1.314274413481772763e+00,-1.793236950412619990e-01,-1.850197407427853546e+00,4.612536974720944372e-01,1.576957959311195090e+00,2.501604920871352000e-01
3.786666666666667069e+00,3.512271868255481544e-02,9.703232588275541304e-02,-1.174365828854555815e-01,1.980370817749852602e-02,-5.650326625819870050e-05,3.512334719745853484e-02,1.614498937820506852e-01,-3.940402292083255986e-03,-7.542394075656044805e-03,8.745040344974253088e-03,-2.737630164362236940e-04,-3.079749722356694974e-06,-3.940545412445040085e-03,1.282548490594963980e-02,-1.313959023345263377e+00,-1.780251850414984460e-01,-1.851770695064784089e+00,4.615194848226176205e-01,1.576957450138067429e+00,2.504758878953472490e-01
3.800000000000000266e+00,5.344825199146405886e-02,9.773132630677762445e-02,-1.181627011740269961e-01,1.993814230740272378e-02,-8.588980464298214424e-05,5.344920477583280788e-02,1.721188720572644770e-01,-3.936218132062574426e-03,-7.539284896189268892e-03,8.731571160978113255e-03,-2.742711129855024410e-04,-3.094027695382806087e-06,-3.936361100450369577e-03,1.281191390065805104e-02,-1.313490720429495884e+00,-1.767314206963952472e-01,-1.853336516169923565e+00,4.617835342649843078e-01,1.576956696761183885e+00,2.509441991913132775e-01
3.813333333333333464e+00,6.856169153512436942e-02,9.851976563235717577e-02,-1.189888584576577618e-01,2.006258321406332798e-02,-1.103653431917886045e-04,6.856291099267677880e-02,1.834900280478166945e-01,-3.932038415038530133e-03,-7.536219101614616278e-03,8.718077688108838430e-03,-2.747861083198799292e-04,-3.108452256483928977e-06,-3.932181231614428896e-03,1.279835807152005997e-02,-1.312778077069609806e+00,-1.754283363456381473e-01,-1.854912018852243882e+00,4.620493761624162588e-01,1.576955551563788305e+00,2.516568552549909299e-01
3.826666666666667105e+00,7.346574366219268959e-02,9.769601485152669407e-02,-1.178534142281252584e-01,1.978790349016997310e-02,-1.186311432452377842e-04,7.346704855838075143e-02,1.860648716891469268e-01,-3.927863136294007518e-03,-7.533201512060827554e-03,8.704555674069247573e-03,-2.753088169775708138e-04,-3.123040042574132258e-06,-3.928005801218326098e-03,1.278481746425163580e-02,-1.311863921182474746e+00,-1.741147394705402363e-01,-1.856498536965012658e+00,4.623168772719372654e-01,1.576954080025879001e+00,2.525710274015597889e-01
3.840000000000000302e+00,6.811600476377013824e-02,9.528659341868235544e-02,-1.147979853973060960e-01,1.912876353343925112e-02,-1.103931535067841053e-04,6.811721379293611545e-02,1.786162899555202299e-01,-3.923692291115443709e-03,-7.530144652714287901e-03,8.691079891785857825e-03,-2.758249589192018902e-04,-3.137476408454631382e-06,-3.923834804549386490e-03,1.277129117186977768e-02,-1.310884377933645428e+00,-1.728121259391866005e-01,-1.858069915821387585e+00,4.625807159851396122e-01,1.576952498277302439e+00,2.535505880490047659e-01
3.853333333333333499e+00,5.246988677660511385e-02,9.131818880946487860e-02,-1.098639072445337789e-01,1.809928800779288596e-02,-8.536129485590454233e-05,5.247081859728704167e-02,1.619967810113381590e-01,-3.919525874795048992e-03,-7.526962695845629270e-03,8.677724011839416107e-03,-2.763204576217148656e-04,-3.151452057537085238e-06,-3.919668236899820357e-03,1.275777827632247619e-02,-1.309976164536795107e+00,-1.715416380269374486e-01,-1.859600555626685026e+00,4.628357661655853050e-01,1.576951026368589304e+00,2.544588175662436669e-01
3.866666666666666696e+00,2.961811738514170261e-02,8.502996778256116661e-02,-1.021504151890677281e-01,1.658453596546540301e-02,-4.840448913959154170e-05,2.961864559283185899e-02,1.403365560528706257e-01,-3.915363882629918635e-03,-7.523572095665009840e-03,8.664560043635027853e-03,-2.767815471713674924e-04,-3.164665386634624156e-06,-3.915506093566278878e-03,1.274427785990814299e-02,-1.309276566046440271e+00,-1.703240621761445972e-01,-1.861065407723278886e+00,4.630770900056893069e-01,1.576949888217991536e+00,2.551584284808741110e-01
3.880000000000000338e+00,1.356013736366451505e-02,7.979317212921431535e-02,-9.573331427596860899e-02,1.534779808062096060e-02,-2.232443440677188477e-05,1.356038227173506604e-02,1.270241491909499809e-01,-3.911206309922476976e-03,-7.519850402172068016e-03,8.651693687654837817e-03,-2.771880188570108317e-04,-3.176674171712079442e-06,-3.911348369850742301e-03,1.273078858100401035e-02,-1.308881657814638277e+00,-1.691903292723773156e-01,-1.862427413259133191e+00,4.632982171518955639e-01,1.576949242824802866e+00,2.555533437554453613e-01
3.893333333333333535e+00,8.208118004152949176e-03,7.806329850491557087e-02,-9.355410078160515674e-02,1.487972653695733734e-02,-1.362272876468412202e-05,8.208268519306765459e-03,1.232980278316356537e-01,-3.907053151980033334e-03,-7.515856159955980331e-03,8.639075377966598523e-03,-2.775493248670102275e-04,-3.187687408701123104e-06,-3.907195061060519947e-03,1.271731098031321158e-02,-1.308700855983122802e+00,-1.681264203106542787e-01,-1.863703857449479528e+00,4.635028544596373479e-01,1.576948945165677074e+00,2.557341488524018658e-01
3.906666666666666732e+00,1.360364831017339682e-02,7.984585148518770492e-02,-9.560173931240720235e-02,1.516414553373262447e-02,-2.242041125597208587e-05,1.360389389810050080e-02,1.269453801756205702e-01,-3.902904404114337922e-03,-7.511775514688068256e-03,8.626545518128025947e-03,-2.778959473719311291e-04,-3.198374891155708610e-06,-3.903046162507362027e-03,1.270384695597708002e-02,-1.308591414409734144e+00,-1.670855763305887365e-01,-1.864951245459900875e+00,4.637012508134636946e-01,1.576948763529293807e+00,2.558435924326594169e-01
3.920000000000000373e+00,2.978852009010183807e-02,8.514619604636219918e-02,-1.018654210019030587e-01,1.618479017067207121e-02,-4.884017210889143569e-05,2.978905077707518292e-02,1.402252901250311545e-01,-3.898760061643358199e-03,-7.507793475584279008e-03,8.613944934698025691e-03,-2.782582973299696505e-04,-3.209404187742848080e-06,-3.898901669508347823e-03,1.269039843492331641e-02,-1.308410032432265169e+00,-1.660209649774531115e-01,-1.866225935317399554e+00,4.639034394205800993e-01,1.576948464590476995e+00,2.560249776846341696e-01
3.933333333333333570e+00,4.922738205768249775e-02,9.948060194108791776e-02,-1.189050803904858900e-01,1.889274623930688526e-02,-8.081807746248705179e-05,4.922825474320086797e-02,1.709927100977351733e-01,-3.894620119888614340e-03,-7.504096928070413952e-03,8.601112298047830507e-03,-2.786672067713880097e-04,-3.221451511326023365e-06,-3.894761577385441598e-03,1.267696741663021896e-02,-1.308012852164397222e+00,-1.648856823635016511e-01,-1.867584140930758307e+00,4.641192366228557020e-01,1.576947813388182240e+00,2.564221650283284859e-01
3.946666666666666767e+00,6.155035687758553253e-02,1.114734196649874859e-01,-1.330771052529231835e-01,2.104774953046694569e-02,-1.013522495145161733e-04,6.155144565827341818e-02,1.953353121206232168e-01,-3.890484574176511501e-03,-7.501171608021994786e-03,8.587619301887450263e-03,-2.792032748222261773e-04,-3.236284167762448760e-06,-3.890625881465492597e-03,1.266355343814627721e-02,-1.307356487070294726e+00,-1.635592743376204083e-01,-1.869169542002631523e+00,4.643711399060466150e-01,1.576946735813816503e+00,2.570785417582377441e-01
3.960000000000000409e+00,6.910344639362729635e-02,1.099010929219142590e-01,-1.310222211473028864e-01,2.062476219319847939e-02,-1.140384170025036351e-04,6.910466686371527500e-02,1.980434491870723401e-01,-3.886353419840116175e-03,-7.498903389953071041e-03,8.573558831233007993e-03,-2.798477144843047881e-04,-3.253488129573156584e-06,-3.886494577080235047e-03,1.265015301941155648e-02,-1.306535815645260223e+00,-1.620729620754204348e-01,-1.870943903406003805e+00,4.646517765664528454e-01,1.576945384450489485e+00,2.578992277003480105e-01
3.973333333333333606e+00,7.182276608762769299e-02,9.348115284017199933e-02,-1.113095799543392384e-01,1.750140617828632034e-02,-1.232540176247659547e-04,7.182403299921960582e-02,1.781910895091567970e-01,-3.882226652215603480e-03,-7.496553896076285639e-03,8.559579677734241443e-03,-2.804788659065415857e-04,-3.270393402754478984e-06,-3.882367659566288154e-03,1.263676644118938257e-02,-1.305614436360011954e+00,-1.606076141697947435e-01,-1.872690866354634442e+00,4.649267733956956583e-01,1.576943863938263135e+00,2.588206232585310573e-01
3.986666666666666803e+00,6.964137646027175610e-02,6.087879717622037001e-02,-7.251652006753976643e-02,1.191426487475055924e-02,-1.251180481056382240e-04,6.964260374402871101e-02,1.371380784533969277e-01,-3.878104266645365783e-03,-7.510170960595363709e-03,8.566246404432042993e-03,-2.837530100094909358e-04,-3.345244921959533713e-06,-3.878245124265600197e-03,1.264690674540737934e-02,-1.304656799478843610e+00,-1.593611987985923406e-01,-1.874174994087358881e+00,4.651601254780728389e-01,1.576942220551361018e+00,2.597782770318541878e-01
4.000000000000000000e+00,6.479963760409761242e-02,2.464090373296659933e-02,-2.925533480896203020e-02,4.420077288677527749e-03,-1.038007051533031285e-04,6.480077878967147043e-02,9.940186404065259884e-02,-3.873986258476236344e-03,-7.573378891765791820e-03,8.633805285202633684e-03,-2.901006557154417465e-04,-3.487450524808366481e-06,-3.874126966525004434e-03,1.272790090224673425e-02,-1.303728247792706574e+00,-1.585494815029093729e-01,-1.875141881021592738e+00,4.653189823430694538e-01,1.576940552310719390e+00,2.607068450817746630e-01
4.013333333333333641e+00,6.311135684852683947e-02,-1.083898294278679529e-02,1.280105395517685402e-02,-1.604672783984526516e-03,-9.272116345178729735e-05,6.311246735992830093e-02,9.083039692237006302e-02,-3.869872623059045225e-03,-7.524840134065513553e-03,8.575416899572196883e-03,-2.881281637985289024e-04,-3.447269876666325672e-06,-3.870013181695775017e-03,1.265689298020473974e-02,-1.302864252624651886e+00,-1.582209361198030351e-01,-1.875531952152379001e+00,4.653779167069185263e-01,1.576939168301317196e+00,2.615708554656368534e-01
4.026666666666667282e+00,6.525197058537168804e-02,-2.590797058069998701e-02,3.068343677734955421e-02,-4.267351770317330713e-03,-1.076788741131705124e-04,6.525311742908113111e-02,1.007308647706314786e-01,-3.865763355752172004e-03,-7.475211960827898849e-03,8.518194848473825687e-03,-2.809152032785533493e-04,-3.292270200461189233e-06,-3.865903765134959258e-03,1.258597234107510648e-02,-1.302022767866671593e+00,-1.583654558923734967e-01,-1.875361271432976595e+00,4.653565210697987453e-01,1.576937932019138344e+00,2.624123550304360286e-01
4.040000000000000036e+00,7.128700466827267435e-02,-1.235672058620158539e-02,1.459588223919445343e-02,-1.811693524014712552e-03,-1.107180280448536499e-04,7.128825571957500551e-02,1.026297970961963374e-01,-3.861658451916660795e-03,-7.466166964340992251e-03,8.510122126602404080e-03,-2.804330519632358687e-04,-3.284746632470358918e-06,-3.861798712204489448e-03,1.257260420629481568e-02,-1.301152741592199957e+00,-1.587108955001159671e-01,-1.874952158942611913e+00,4.652996230461945437e-01,1.576936496300817225e+00,2.632823965961570423e-01
4.053333333333333677e+00,8.129287187996273034e-02,2.242500858579080450e-02,-2.669370597709185000e-02,4.349440495870429343e-03,-1.333642637032072663e-04,8.129429602063684146e-02,1.202150737283022158e-01,-3.857557906918884782e-03,-7.429902232416907282e-03,8.468747011060706598e-03,-2.754365310018158652e-04,-3.178353783717113856e-06,-3.857698018269850593e-03,1.252044669772456667e-02,-1.300202248196622890e+00,-1.588756517745988361e-01,-1.874757547179422668e+00,4.652754671325411984e-01,1.576935020060442838e+00,2.642329066724178332e-01
4.066666666666667318e+00,1.009844261037591284e-01,5.871984679301271715e-02,-6.990703497916059272e-02,1.152208879246399177e-02,-1.806177541565007259e-04,1.009861912840051557e-01,1.698937027833647417e-01,-3.853461716130546222e-03,-7.397128986947887341e-03,8.428715627528227117e-03,-2.737329611397498752e-04,-3.144083144057674417e-06,-3.853601678702300859e-03,1.247137190105151831e-02,-1.299118343238223394e+00,-1.585766516601214704e-01,-1.875113463259117319e+00,4.653334596724860717e-01,1.576933241870260183e+00,2.653168306193598447e-01
4.080000000000000071e+00,1.181779124518093915e-01,8.949162829350681969e-02,-1.063341478646359917e-01,1.681999767884028579e-02,-2.007402321844854298e-04,1.181799736118840094e-01,2.180164679781130543e-01,-3.849369874927788260e-03,-7.447031595954722860e-03,8.481333241495914166e-03,-2.802234126013658511e-04,-3.289172417986208075e-06,-3.849509688878871572e-03,1.253420130693817108e-02,-1.297771884223506644e+00,-1.577937203695478630e-01,-1.876045557058839464e+00,4.654870875230523453e-01,1.576930833633538143e+00,2.666633131698130654e-01
4.093333333333333712e+00,1.210883751147216886e-01,1.050301627260955967e-01,-1.246259712671399650e-01,1.946306880647092133e-02,-2.070813070339169455e-04,1.210904828794831523e-01,2.372069167593795491e-01,-3.845282378691639025e-03,-7.443619816571267478e-03,8.468425440935511972e-03,-2.806719700583215626e-04,-3.302004395688840077e-06,-3.845422044179702681e-03,1.252094087319660654e-02,-1.296196178724149162e+00,-1.566004986589679682e-01,-1.877463345697034658e+00,4.657113541587700745e-01,1.576928157097109207e+00,2.682390461513048940e-01
4.106666666666667354e+00,1.096130780162481999e-01,1.094989662577557643e-01,-1.297255961066502983e-01,1.998590868414127156e-02,-1.886161664205047756e-04,1.096149830614812221e-01,2.307567927548328790e-01,-3.841199222809343894e-03,-7.441051687016031480e-03,8.454797789185342083e-03,-2.812604041722011061e-04,-3.317885161724376530e-06,-3.841338739992483653e-03,1.250770438860995294e-02,-1.294581667055952900e+00,-1.552000964892865653e-01,-1.879125025313929775e+00,4.659708617428561794e-01,1.576925396013015401e+00,2.698535859230313250e-01
4.120000000000000107e+00,8.363538800445163846e-02,1.029387317206542224e-01,-1.217501770376782227e-01,1.846626001230380898e-02,-1.446483121732689394e-04,8.363684068160061325e-02,1.993753019428275430e-01,-3.837120402671700958e-03,-7.438733516535567247e-03,8.440964249202487224e-03,-2.818904483286033269e-04,-3.334663729592790560e-06,-3.837259771706680311e-03,1.249448529037282957e-02,-1.293120159349069542e+00,-1.537401102725164392e-01,-1.880854699928685037e+00,4.662373405253115166e-01,1.576922881130796483e+00,2.713151190305178595e-01
4.133333333333333748e+00,5.772307610621760232e-02,9.709186917118625693e-02,-1.146486650214928599e-01,1.710141387749471512e-02,-1.002739081580961221e-04,5.772407936396952571e-02,1.718360809475509843e-01,-3.833045913673949201e-03,-7.436060774093533610e-03,8.427450443134976155e-03,-2.824615675800501435e-04,-3.350143408908934362e-06,-3.833185134718863907e-03,1.248127661024669814e-02,-1.292005020842343477e+00,-1.523675938495743232e-01,-1.882478035622520807e+00,4.664835573254757506e-01,1.576920952486633887e+00,2.724302769062725282e-01
4.146666666666666501e+00,4.140667271958488327e-02,9.867273051048731924e-02,-1.163413022266538838e-01,1.710032443361059196e-02,-7.227437200878589717e-05,4.140739345428212648e-02,1.642958229776186607e-01,-3.828975751218433032e-03,-7.433075157485813378e-03,8.414221049367398564e-03,-2.829804953821124514e-04,-3.364474104206038874e-06,-3.829114824429602493e-03,1.246807872476702640e-02,-1.291235379827593954e+00,-1.510730355939586822e-01,-1.884006684489474059e+00,4.667115761771758464e-01,1.576919615501191529e+00,2.731999312977921868e-01
4.160000000000000142e+00,2.479800304528687396e-02,9.929496545051885725e-02,-1.168979403672516099e-01,1.692802190803043699e-02,-4.358926197115431563e-05,2.479843678255508679e-02,1.582437419728192907e-01,-3.824909910710161398e-03,-7.430179569897443770e-03,8.400925324143937445e-03,-2.835143128390171796e-04,-3.379123302948983110e-06,-3.825048836244793193e-03,1.245489626418179452e-02,-1.290683290857999488e+00,-1.497573991871523624e-01,-1.885557901852496165e+00,4.669395805029572522e-01,1.576918651842897923e+00,2.737520298771825011e-01
4.173333333333333783e+00,7.890862065192995323e-03,9.894372845994413301e-02,-1.163069828400708355e-01,1.658787129870255977e-02,-1.427197387511881426e-05,7.891004001586411631e-03,1.540028148610024794e-01,-3.820848387559472314e-03,-7.427322221372545386e-03,8.387608247491851188e-03,-2.840544110878084894e-04,-3.393904111526069300e-06,-3.820987165574774025e-03,1.244172862751532008e-02,-1.290352650817395697e+00,-1.484334663144788458e-01,-1.887116541057392904e+00,4.671652874617309159e-01,1.576918070652737924e+00,2.740826757009497960e-01
4.186666666666666536e+00,-9.319170237348916447e-03,9.760391172848278951e-02,-1.145567061244956442e-01,1.608334965208377959e-02,1.561695371574160155e-05,-9.319325218791174245e-03,1.519280541544655860e-01,-3.816791177182921047e-03,-7.424450310699270972e-03,8.374315875570914613e-03,-2.845919727847423530e-04,-3.408625205203463793e-06,-3.816929807834767985e-03,1.242857518212525485e-02,-1.290247439323193079e+00,-1.471142166016794484e-01,-1.888667300828593909e+00,4.673864590790470785e-01,1.576917880359752999e+00,2.741878890876376929e-01
4.200000000000000178e+00,-3.356515152794593837e-02,9.991365548736390323e-02,-1.170807635585365547e-01,1.613018078112425993e-02,5.760234010153774097e-05,-3.356572502490987736e-02,1.618768269144807148e-01,-3.812738275000171484e-03,-7.421510245365858793e-03,8.361095156142805962e-03,-2.851180075991166518e-04,-3.423091529342059403e-06,-3.812876758445327141e-03,1.241543526650201040e-02,-1.290371694926357726e+00,-1.458128311119661902e-01,-1.890194723576920532e+00,4.676009037410748803e-01,1.576918088585802735e+00,2.740636314180537880e-01
4.213333333333333819e+00,-5.774798783415543979e-02,1.028169652433270215e-01,-1.202889533608523659e-01,1.626282169592033200e-02,9.926808173915718976e-05,-5.774897945241089237e-02,1.788156161884384421e-01,-3.808689676436216587e-03,-7.418699811982509829e-03,8.347772907737471826e-03,-2.856656473042562538e-04,-3.438027866842219282e-06,-3.808828012831444454e-03,1.240231123558313900e-02,-1.290819230280063623e+00,-1.444806490388015341e-01,-1.891755800424367751e+00,4.678159728181565669e-01,1.576918856617004039e+00,2.736160884177216701e-01
4.226666666666666572e+00,-7.153985878629340323e-02,1.001485873856969022e-01,-1.169841283605222160e-01,1.556425949382152230e-02,1.227859408122439580e-04,-7.154108993441930797e-02,1.849144830395051953e-01,-3.804645376922266564e-03,-7.416051948599733379e-03,8.334319846637683327e-03,-2.862404916834648816e-04,-3.453558496069319972e-06,-3.804783566423441954e-03,1.238920351709487527e-02,-1.291589203451185774e+00,-1.431097561688905451e-01,-1.893359653135845866e+00,4.680328104407687206e-01,1.576920180191427434e+00,2.728461020250230185e-01
4.240000000000000213e+00,-7.486412083481631952e-02,9.194918270503076030e-02,-1.072490416367423566e-01,1.407635634965982187e-02,1.281884223941851669e-04,-7.486541101994632907e-02,1.771006372886121394e-01,-3.800605371892196160e-03,-7.413263211046405843e-03,8.321002046429271104e-03,-2.867916155917527021e-04,-3.468572969733685341e-06,-3.800743414655638475e-03,1.237610842113183798e-02,-1.292543068235002979e+00,-1.417744416704147525e-01,-1.894919441513986058e+00,4.682403339006864229e-01,1.576921817337304965e+00,2.718922208258973683e-01
4.253333333333333854e+00,-6.764207523090377816e-02,7.827376203946513622e-02,-9.117936695559127058e-02,1.183825726036767667e-02,1.155773614562159593e-04,-6.764324176839101033e-02,1.540508843655321591e-01,-3.796569656786985547e-03,-7.410035707702711250e-03,8.308081876358563989e-03,-2.872687951560592978e-04,-3.481974337748994230e-06,-3.796707552967681920e-03,1.236302222517294061e-02,-1.293541256512800608e+00,-1.405484525676810037e-01,-1.896349428735809362e+00,4.684280186520153322e-01,1.576923526516270435e+00,2.708940153456316224e-01
4.266666666666666607e+00,-6.356693454235110008e-02,5.616838333201184391e-02,-6.533678459616820700e-02,8.301939806159296803e-03,1.085677534841575197e-04,-6.356803163849010507e-02,1.247973017036174831e-01,-3.792538227050279431e-03,-7.406085622847502492e-03,8.295810371739431588e-03,-2.876239702223060135e-04,-3.492710973773682781e-06,-3.792675976804549265e-03,1.234994133559963111e-02,-1.294443150849212687e+00,-1.395048024071545711e-01,-1.897565153628550494e+00,4.685858620821536924e-01,1.576925067547756854e+00,2.699921054553864330e-01
4.280000000000000249e+00,-6.646980648112654766e-02,3.769665252866226390e-02,-4.377896136837134550e-02,5.340351454998447031e-03,1.134227520047856850e-04,-6.647095516169419793e-02,1.104662407366612670e-01,-3.788511078131939769e-03,-7.400997656170638095e-03,8.284555177016539318e-03,-2.877867584261117884e-04,-3.499241470361624806e-06,-3.788648681615658376e-03,1.233686059224661791e-02,-1.295290709976444132e+00,-1.387558906293944183e-01,-1.898436310756499434e+00,4.686965546129027160e-01,1.576926515117802907e+00,2.691445317002063575e-01
4.293333333333333890e+00,-6.453937394142308936e-02,3.190646734748082969e-02,-3.702197984083890892e-02,4.429302166505850319e-03,1.098658350158662045e-04,-6.454049028813407807e-02,1.036295619671280394e-01,-3.784488205487157586e-03,-7.394991453509636159e-03,8.274124735975441070e-03,-2.877938075873665014e-04,-3.502364817720149404e-06,-3.784625662854868011e-03,1.232378264461107820e-02,-1.296176974062859255e+00,-1.382532685956787688e-01,-1.899020030241411083e+00,4.687677592989691888e-01,1.576928027421162781e+00,2.682582522980503370e-01
4.306666666666666643e+00,-5.780367900905505896e-02,3.881842487355706417e-02,-4.505525084243892225e-02,5.540218174466627309e-03,9.805028680640018768e-05,-5.780467924830932219e-02,1.012432497473303994e-01,-3.780469604573788445e-03,-7.388707466665866974e-03,8.263955322824756422e-03,-2.877530085134694104e-04,-3.504439951562687838e-06,-3.780606915981366001e-03,1.231071520119314186e-02,-1.297037499048744991e+00,-1.378278490310456128e-01,-1.899513656639288950e+00,4.688268166611893051e-01,1.576929492298963176e+00,2.673977124275417339e-01
4.320000000000000284e+00,-4.628449285638279453e-02,5.844907256284842534e-02,-6.786840544751983340e-02,8.642691251271088226e-03,7.809013459102230690e-05,-4.628529331213508680e-02,1.112730848298136566e-01,-3.776455270857237423e-03,-7.382767581955551606e-03,8.253498484028121140e-03,-2.877693348790621997e-04,-3.507763831400723120e-06,-3.776592436458781066e-03,1.229766574327970791e-02,-1.297808214768865653e+00,-1.373102700327315517e-01,-1.900114393317188233e+00,4.689006862368487738e-01,1.576930799636120817e+00,2.666269833708976300e-01
4.333333333333333925e+00,-3.478040509579887613e-02,8.274587682929485100e-02,-9.605199044624619653e-02,1.240661956478800176e-02,5.820964575152906995e-05,-3.478100558521621255e-02,1.365510436667166649e-01,-3.772445199805574134e-03,-7.377815140153121121e-03,8.242185938081458829e-03,-2.879515597395965187e-04,-3.514718271091510360e-06,-3.772582219756070998e-03,1.228464216509936140e-02,-1.298425341340284200e+00,-1.365309490652268920e-01,-1.901019305389821890e+00,4.690159221201990469e-01,1.576931840837914933e+00,2.660098461267357273e-01
4.346666666666666679e+00,-2.646099383900268193e-02,9.861173094477605761e-02,-1.143631157559006767e-01,1.477251717260149796e-02,4.389374090250898285e-05,-2.646144956871233911e-02,1.562748137859168163e-01,-3.768439386892197263e-03,-7.374127057143020636e-03,8.229771558617926530e-03,-2.883468037913061721e-04,-3.526336308290467514e-06,-3.768576261346634482e-03,1.227164815851952001e-02,-1.298889080074894897e+00,-1.354276707075028341e-01,-1.902299998595771813e+00,4.691813437143963483e-01,1.576932616966525202e+00,2.655460993855993657e-01
4.360000000000000320e+00,-1.810425786512851951e-02,1.075604894422066832e-01,-1.245901546834784074e-01,1.602703113169300086e-02,2.966942891237036591e-05,-1.810456799981999612e-02,1.673450676762795186e-01,-3.764437827595834563e-03,-7.371292579533950118e-03,8.216615723669828952e-03,-2.888861059955338817e-04,-3.541108812399329508e-06,-3.764574556708755182e-03,1.225867895476885454e-02,-1.299241893326081643e+00,-1.341128476282391624e-01,-1.903824840139183738e+00,4.693783106100308800e-01,1.576933202216403984e+00,2.651932800580163452e-01
4.373333333333333961e+00,-9.697517210658045811e-03,1.095824903896222419e-01,-1.267598184061034805e-01,1.620921625820726658e-02,1.550353314474607069e-05,-9.697680750818078038e-03,1.688999690538771359e-01,-3.760440517399654681e-03,-7.368951052197036944e-03,8.203035310142325898e-03,-2.895088262651057676e-04,-3.557707996648673543e-06,-3.760577101325157656e-03,1.224573023330178222e-02,-1.299483283430949987e+00,-1.326787077690099181e-01,-1.905486042201630204e+00,4.695920043584536074e-01,1.576933597808789500e+00,2.649518858180188730e-01
4.386666666666666714e+00,-1.235137442862910273e-03,1.046633663527373748e-01,-1.209012958357395112e-01,1.536353355787600274e-02,1.371354820394765974e-06,-1.235153348245025817e-03,1.606568794811145395e-01,-3.756447451791711245e-03,-7.366725606555490913e-03,8.189362769597252623e-03,-2.901513327935312248e-04,-3.574739772194135412e-06,-3.756583890684339622e-03,1.223279728005225234e-02,-1.299612583660425535e+00,-1.312176078971480919e-01,-1.907176173113711570e+00,4.698081272418965781e-01,1.576933804522564486e+00,2.648225834080077945e-01
4.400000000000000355e+00,1.065399276315408955e-02,9.961691702896600942e-02,-1.149253663476172277e-01,1.454968003900137564e-02,-1.850858752841730496e-05,1.065418428773103401e-02,1.535255116419721455e-01,-3.752458626265386954e-03,-7.364234606936026495e-03,8.175936330419020237e-03,-2.907488743115749230e-04,-3.590784960483262012e-06,-3.752594920277907420e-03,1.221987513865174443e-02,-1.299629052159663622e+00,-1.298220963457783483e-01,-1.908788190391521367e+00,4.700129743560017559e-01,1.576933822807295549e+00,2.648061146966980139e-01
4.413333333333333997e+00,2.257070927086966827e-02,9.921217575588087145e-02,-1.143203828404833200e-01,1.442619565318646949e-02,-3.853562891732279806e-05,2.257110860494822291e-02,1.553679961178481284e-01,-3.748474036317617220e-03,-7.361472914011457647e-03,8.162761367630722020e-03,-2.913004131874785685e-04,-3.605820013241611832e-06,-3.748610185604572820e-03,1.220696364645343195e-02,-1.299486998922821490e+00,-1.284938707853919837e-01,-1.910320528609489532e+00,4.702069700898552362e-01,1.576933576026128492e+00,2.649481704872012067e-01
4.426666666666666750e+00,2.942575635261867814e-02,9.900258628895526603e-02,-1.139344053014826885e-01,1.429384938240355410e-02,-5.011029433920966881e-05,2.942627504649593731e-02,1.572216850327864679e-01,-3.744493677450666524e-03,-7.358693657821380185e-03,8.149613556056589658e-03,-2.918488930943041737e-04,-3.620784835067780705e-06,-3.744629682166156215e-03,1.219406604485283839e-02,-1.299186056132543232e+00,-1.271710417753135758e-01,-1.911844800380696041e+00,4.703993193652311611e-01,1.576933062217742432e+00,2.652491186019338976e-01
4.440000000000000391e+00,3.119582852936143846e-02,9.898742025394019484e-02,-1.137653425889863096e-01,1.415114515890693141e-02,-5.316436170824407340e-05,3.119637782434989126e-02,1.577584038511746500e-01,-3.740517545172128422e-03,-7.355907347040613331e-03,8.136483575026609572e-03,-2.923960978353790097e-04,-3.635717626515599932e-06,-3.740653405469807069e-03,1.218118245356292553e-02,-1.298793712714508386e+00,-1.258510072914607036e-01,-1.913363925784715702e+00,4.705899040236634079e-01,1.576932394080484912e+00,2.656414689358870262e-01
4.453333333333334032e+00,2.785840993277131222e-02,9.916933693546370332e-02,-1.138150015721102054e-01,1.399707727931940454e-02,-4.761282027634456743e-05,2.785890083650281041e-02,1.566414433354828828e-01,-3.736545634994037357e-03,-7.353124454752446582e-03,8.123362094353048235e-03,-2.929438123659977578e-04,-3.650656985154654421e-06,-3.736681351027115738e-03,1.216831299601786251e-02,-1.298377768334116888e+00,-1.245311750214082025e-01,-1.914880797019235414e+00,4.707785859591155919e-01,1.576931685222328738e+00,2.660574206402115394e-01
4.466666666666666785e+00,2.450987486313007876e-02,9.935281010203361740e-02,-1.138655047634677120e-01,1.384221987025481548e-02,-4.201995173427391570e-05,2.451030725794461212e-02,1.556580611292200655e-01,-3.732577942432868667e-03,-7.350355611360992469e-03,8.110239602256541502e-03,-2.934938557417332561e-04,-3.665642622330267386e-06,-3.732713514354113471e-03,1.215545780200600300e-02,-1.298006322868346496e+00,-1.232089171956021190e-01,-1.916398330373530134e+00,4.709652136561732760e-01,1.576931050384724919e+00,2.664288726513648342e-01
4.480000000000000426e+00,2.456665909156728958e-02,9.940535010689287299e-02,-1.137701937934285368e-01,1.369448322148277518e-02,-4.216608656821055606e-05,2.456709230645229280e-02,1.556267458943532411e-01,-3.728614463009982671e-03,-7.347600883536031802e-03,8.097115981851921163e-03,-2.940462470917282189e-04,-3.680675198403093873e-06,-3.728749890973048764e-03,1.214261686265768157e-02,-1.297679524536837992e+00,-1.218842130609081309e-01,-1.917916537103709684e+00,4.711497765877767918e-01,1.576930490118702011e+00,2.667556767481373825e-01
4.493333333333333179e+00,2.462364771941388808e-02,9.945824819207001177e-02,-1.136749751472856396e-01,1.354648009994426430e-02,-4.231290734488878889e-05,2.462408175654557524e-02,1.555960200359075840e-01,-3.724655192252068758e-03,-7.344853161947551001e-03,8.083997533616216202e-03,-2.945997764607355407e-04,-3.695728459263136756e-06,-3.724790476409722828e-03,1.212979007135351998e-02,-1.297351969082283674e+00,-1.205588083928161858e-01,-1.919433473020955461e+00,4.713323696973965582e-01,1.576929927904214601e+00,2.670832379788898869e-01
4.506666666666666821e+00,2.468084172892634834e-02,9.951150503659507429e-02,-1.135798476966120019e-01,1.339820872278086293e-02,-4.246041809899838532e-05,2.468127659061576662e-02,1.555658850773233015e-01,-3.720700125690257209e-03,-7.342112438663672691e-03,8.070884227784791420e-03,-2.951544468059452697e-04,-3.710802465306528575e-06,-3.720835266195265945e-03,1.211697741605897646e-02,-1.297023653779358243e+00,-1.192326984169218562e-01,-1.920949139356252555e+00,4.715129894320626569e-01,1.576929363732116229e+00,2.674115590689769562e-01
4.520000000000000462e+00,2.473824210855913794e-02,9.956512131632115625e-02,-1.134848103242200174e-01,1.324966730157236053e-02,-4.260862285935927983e-05,2.473867779701637015e-02,1.555363425631492713e-01,-3.716749258859675109e-03,-7.339378705585986040e-03,8.057776034667618603e-03,-2.957102610685602428e-04,-3.725897272488509770e-06,-3.716884255863917019e-03,1.210417888476569143e-02,-1.296694575889639323e+00,-1.179058783497670682e-01,-1.922463537325540761e+00,4.716916322150330743e-01,1.576928797593208031e+00,2.677406427568520542e-01
4.533333333333333215e+00,2.495937910493360029e-02,1.002793514180313483e-01,-1.141413516071926454e-01,1.318750820960537529e-02,-4.304566874770734920e-05,2.495981846372989643e-02,1.565377648885148687e-01,-3.712802587301222701e-03,-7.336651954579220813e-03,8.044672924536477865e-03,-2.962672221933360106e-04,-3.741012939872945253e-06,-3.712937440957020385e-03,1.209139446549720685e-02,-1.296364732661525299e+00,-1.165783433988827333e-01,-1.923976668129863787e+00,4.718682944457208706e-01,1.576928229478236076e+00,2.680704917941456600e-01
4.546666666666666856e+00,2.518189694753536836e-02,1.009950414398874674e-01,-1.147960956738156985e-01,1.312206960692717528e-02,-4.348647259116063946e-05,2.518233999596607153e-02,1.575392356233439872e-01,-3.708860106559797032e-03,-7.333968142894775610e-03,8.031542554944870460e-03,-2.968315230145179839e-04,-3.756285060774189333e-06,-3.708994817019473089e-03,1.207862465011337594e-02,-1.296031940940126193e+00,-1.152412853799757997e-01,-1.925498552817959785e+00,4.720441278885156855e-01,1.576927655535985906e+00,2.684032893736620906e-01
4.560000000000000497e+00,2.515933372605978421e-02,1.007207253073117981e-01,-1.143236948621683263e-01,1.292637423470736902e-02,-4.349576406626721542e-05,2.515977620437928261e-02,1.569957679948731366e-01,-3.704921812184736041e-03,-7.331327383236718731e-03,8.018384678133649857e-03,-2.974032091427325497e-04,-3.771714602418541062e-06,-3.705056379601057159e-03,1.206586944035899917e-02,-1.295696182314159062e+00,-1.138946848274438040e-01,-1.927029167426943967e+00,4.722190888166082345e-01,1.576927075716351823e+00,2.687390539069416384e-01
4.573333333333333250e+00,2.488933306349452868e-02,9.945417560554062342e-02,-1.127279310368813625e-01,1.260645130753542016e-02,-4.306743928353823505e-05,2.488977067784899772e-02,1.549084359721853710e-01,-3.700987699732039005e-03,-7.328675656480321265e-03,8.005247791097680476e-03,-2.979729875924874705e-04,-3.787098077800976625e-06,-3.701122124255995516e-03,1.205312806911273439e-02,-1.295360724531144925e+00,-1.125517418233461520e-01,-1.928553483358439458e+00,4.723914404730709116e-01,1.576926495772831061e+00,2.690745175896669394e-01
4.586666666666666892e+00,2.436956629169319613e-02,9.719315586081410385e-02,-1.100125165866588095e-01,1.216822992876130313e-02,-4.219552116441052170e-05,2.436999471462319294e-02,1.512782315986394288e-01,-3.697057764760369736e-03,-7.325958854290437472e-03,7.992180693062067576e-03,-2.985315056722726013e-04,-3.802230740035383860e-06,-3.697192046543840149e-03,1.204039974532199880e-02,-1.295028866756964936e+00,-1.112256861486056181e-01,-1.930056522438931221e+00,4.725595264905049220e-01,1.576925921540307307e+00,2.694063811987050805e-01
4.600000000000000533e+00,2.022909377687370433e-02,9.440052517610372784e-02,-1.067016183101779925e-01,1.164838842512353270e-02,-3.512202268183558336e-05,2.022945022980880692e-02,1.457766359250617094e-01,-3.693132002833721117e-03,-7.323123034807643705e-03,7.979232254063273189e-03,-2.990693954085799078e-04,-3.816907558906734721e-06,-3.693266142028583943e-03,1.202768365918711023e-02,-1.294703939206409027e+00,-1.099297774037948372e-01,-1.931523355993419955e+00,4.727217695562218047e-01,1.576925358933358723e+00,2.697313144615667291e-01
4.613333333333333286e+00,1.623859634995463569e-02,9.226592697351045091e-02,-1.041460724639860225e-01,1.122121593904151955e-02,-2.829499368355581221e-05,1.623888350220544646e-02,1.414663052692308742e-01,-3.689210409520971012e-03,-7.320139790282897962e-03,7.966428485030263573e-03,-2.995816672308748707e-04,-3.831019395050816456e-06,-3.689344406278660671e-03,1.201497935088914441e-02,-1.294434217956050626e+00,-1.086711037347800612e-01,-1.932946044237555672e+00,4.728770814018901092e-01,1.576924890639722854e+00,2.700010404646309148e-01
4.626666666666666927e+00,1.767112448877822609e-02,9.092135268542710091e-02,-1.024980902598722765e-01,1.093819130569425625e-02,-3.074898999269375723e-05,1.767143639398793126e-02,1.397023412850828261e-01,-3.685292980395882267e-03,-7.317045143531597517e-03,7.953737216509715324e-03,-3.000744785137676729e-04,-3.844701367494707256e-06,-3.685426834867833179e-03,1.200228728712465255e-02,-1.294217703338051306e+00,-1.074408913751332406e-01,-1.934334658537075535e+00,4.730266976144106295e-01,1.576924513373140435e+00,2.702175589113271492e-01
4.640000000000000568e+00,2.455054789730435477e-02,9.036903510463252520e-02,-1.017555012950452503e-01,1.079505546533709483e-02,-4.255737350288796663e-05,2.455097891154195411e-02,1.408643302995858382e-01,-3.681379711036214530e-03,-7.313881912007769159e-03,7.941119979268052020e-03,-3.005551950527873828e-04,-3.858115000809902995e-06,-3.681513423372972937e-03,1.198960804703613769e-02,-1.293982088344867609e+00,-1.062286066726607636e-01,-1.935701299740540504e+00,4.731725401651534213e-01,1.576924103386607712e+00,2.704531780632470905e-01
4.653333333333333321e+00,3.689984475547424675e-02,9.060770094673042951e-02,-1.019123137563576476e-01,1.078722959408724182e-02,-6.381068564485720205e-05,3.690048945736290609e-02,1.464086343946852942e-01,-3.677470597025056520e-03,-7.310692773011773227e-03,7.928538265002060825e-03,-3.010311924258601834e-04,-3.871421636603145089e-06,-3.677604167378056843e-03,1.197694222293768825e-02,-1.293654747706236785e+00,-1.050236862045990094e-01,-1.937058039757807881e+00,4.733164742380244761e-01,1.576923535954961153e+00,2.707805244487344609e-01
4.666666666666666963e+00,5.228521208694927869e-02,9.809437095450797284e-02,-1.102096484494777678e-01,1.162929824458146244e-02,-9.051297296802569045e-05,5.228612262401999278e-02,1.654433528933970665e-01,-3.673565633950826026e-03,-7.307520226101260619e-03,7.915953565162503480e-03,-3.015098484508982324e-04,-3.884782270979769692e-06,-3.673699062470170418e-03,1.196429041980646979e-02,-1.293162749776163745e+00,-1.038155835253093962e-01,-1.938416870607892584e+00,4.734603039659455170e-01,1.576922685145818903e+00,2.712725309748327263e-01
4.680000000000000604e+00,6.409197672660427170e-02,1.050495832396735885e-01,-1.178716962653661715e-01,1.234926257941394712e-02,-1.112248923600112738e-04,6.409309057478347615e-02,1.824756808911445760e-01,-3.669664817404605373e-03,-7.304756072599172256e-03,7.903009891848444823e-03,-3.020593871525534269e-04,-3.899688985509186523e-06,-3.669798104241284165e-03,1.195165845018004817e-02,-1.292465613615004338e+00,-1.025076585792494832e-01,-1.939886332587218876e+00,4.736153612758733367e-01,1.576921478306179125e+00,2.719696792764865201e-01
4.693333333333333357e+00,7.142690717925212485e-02,1.011036270330230996e-01,-1.132900372122807864e-01,1.179240059946146807e-02,-1.242025177676190500e-04,7.142814650378044583e-02,1.827551237342341095e-01,-3.665768142984138223e-03,-7.302375876071742766e-03,7.889728238519300163e-03,-3.026757941650970452e-04,-3.916052370378508840e-06,-3.665901288288697657e-03,1.193904608494988397e-02,-1.291611053925316277e+00,-1.011069974693872275e-01,-1.941457955204090480e+00,4.737800181102653774e-01,1.576919995307614286e+00,2.728242538174834309e-01
4.706666666666666998e+00,7.423282833423090754e-02,8.623278502009681934e-02,-9.650845868368551628e-02,1.002465155589257577e-02,-1.292646041301515861e-04,7.423411460167325671e-02,1.669482037374812877e-01,-3.661875606290720953e-03,-7.299783217131317059e-03,7.876650454726963346e-03,-3.032552238639851794e-04,-3.931599334094926235e-06,-3.662008610213263182e-03,1.192644442441081337e-02,-1.290658695162926195e+00,-9.975894910894700374e-02,-1.942968489033587653e+00,4.739372501182583797e-01,1.576918339274044456e+00,2.737766291042005307e-01
4.720000000000000639e+00,7.245149387228830284e-02,6.041915097899810960e-02,-6.756569653551013077e-02,7.096165391753274550e-03,-1.262168910868570384e-04,7.245274790455959180e-02,1.369838979244283883e-01,-3.657987202930090831e-03,-7.296391059272711033e-03,7.864312386966609836e-03,-3.036949607926331396e-04,-3.944083337259485234e-06,-3.658120065621162098e-03,1.191384450066123278e-02,-1.289668924118469784e+00,-9.860917864201246275e-02,-1.944255268482703469e+00,4.740709121390036529e-01,1.576916615745989070e+00,2.747664172988892872e-01
4.733333333333333393e+00,6.987667348174007864e-02,2.719185386699642104e-02,-3.043294680676214559e-02,3.434249321315501879e-03,-1.216610948753163159e-04,6.987788173465289687e-02,1.069721360471320021e-01,-3.654102928514646464e-03,-7.291652978776763661e-03,7.853214971293542845e-03,-3.038989631352073673e-04,-3.951405894486725856e-06,-3.654235650123904833e-03,1.190123796671892741e-02,-1.288702904200172528e+00,-9.780358996229265856e-02,-1.945156144436510193e+00,4.741655276775604833e-01,1.576914932854108109e+00,2.757324539376169170e-01
4.746666666666667034e+00,7.026133028067846342e-02,1.197968238390944348e-03,-1.429625451078383753e-03,6.196181578257061199e-04,-1.223797573460358077e-04,7.026254375344985481e-02,9.938489547115859912e-02,-3.650222778659006906e-03,-7.285265832575493761e-03,7.843637980415874011e-03,-3.038135735438096674e-04,-3.952396967044080611e-06,-3.650355359336110439e-03,1.188862035356922676e-02,-1.287771215220415932e+00,-9.744103191073261172e-02,-1.945561917060600443e+00,4.742113176685114340e-01,1.576913310706176574e+00,2.766641590274123708e-01
4.760000000000000675e+00,7.167759885054980629e-02,-1.375817080619157889e-02,1.525035876479602544e-02,-9.892209778301463540e-04,-1.250800592160148110e-04,7.167883521978499206e-02,1.034330145794704892e-01,-3.646346748983120278e-03,-7.277657561972628031e-03,7.835192495541321023e-03,-3.035133234861042695e-04,-3.948688615196260798e-06,-3.646479188877727040e-03,1.187599814962674721e-02,-1.286834397483340275e+00,-9.742505900088760384e-02,-1.945580978733281396e+00,4.742195792439489743e-01,1.576911678976078868e+00,2.776009929441252133e-01
4.773333333333333428e+00,7.416179048580917588e-02,-1.766530273040340174e-02,1.960883205222258702e-02,-1.398418673730068926e-03,-1.298382014570196176e-04,7.416306796421863468e-02,1.081604061830438585e-01,-3.642474835113596043e-03,-7.269378075038801512e-03,7.827376543692921018e-03,-3.030944300674853764e-04,-3.942385330191200410e-06,-3.642607134374475919e-03,1.186337947594953354e-02,-1.285878696165333013e+00,-9.760850127830345002e-02,-1.945377640616417381e+00,4.742063896309112181e-01,1.576910011241956511e+00,2.785567107470559023e-01
4.786666666666667069e+00,7.775156130290086787e-02,-1.051991268191944037e-02,1.163501348710701405e-02,-5.984072729759744172e-04,-1.367439149973550259e-04,7.775289865212176021e-02,1.110731174753318978e-01,-3.638607032677931841e-03,-7.260934077147229715e-03,7.819727104320328692e-03,-3.026456505521579743e-04,-3.935426981627188070e-06,-3.638739191455631072e-03,1.185077168701650571e-02,-1.284889872292188873e+00,-9.784403864804236406e-02,-1.945116189522387851e+00,4.741877440485948725e-01,1.576908280065937085e+00,2.795455516532454610e-01
4.800000000000000711e+00,8.251571518520081638e-02,-3.440711423721377806e-03,3.729100262824505164e-03,2.070332828268331557e-04,-1.458086331009870377e-04,8.251713223345051584e-02,1.168063747034687599e-01,-3.634743337311174827e-03,-7.252819103523489019e-03,7.811793370889219545e-03,-3.022534038583657434e-04,-3.929700687521631153e-06,-3.634875355754907389e-03,1.183818191956002332e-02,-1.283853184808150250e+00,-9.798430415046777142e-02,-1.944961056009226530e+00,4.741797652849553124e-01,1.576906456813737201e+00,2.805822569686071688e-01
4.813333333333333464e+00,8.653529075126376036e-02,-3.751517814111551830e-03,4.070440274720244639e-03,2.030855948237437385e-04,-1.535418690991901972e-04,8.653677444236466954e-02,1.225058246170299681e-01,-3.630883744652813050e-03,-7.245033295162794929e-03,7.803575325000089435e-03,-3.019176924561328690e-04,-3.925205751986737823e-06,-3.631015622911348828e-03,1.182561018392861915e-02,-1.282752975272347662e+00,-9.803018030278387585e-02,-1.944911334672388969e+00,4.741825257287262119e-01,1.576904512698629190e+00,2.816824853983863619e-01
4.826666666666667105e+00,8.881436121287059060e-02,-3.987962317241373206e-03,4.331346409850002702e-03,1.940180492189263095e-04,-1.582363873623243938e-04,8.881588157384369409e-02,1.257417140980384707e-01,-3.627028250345887272e-03,-7.237241854163745103e-03,7.795378694062993219e-03,-3.015799047521028342e-04,-3.920662622114434726e-06,-3.627159988567996152e-03,1.181305159395878296e-02,-1.281599171395664039e+00,-9.808020054030519574e-02,-1.944857062135392667e+00,4.741852335366569804e-01,1.576902465473708048e+00,2.828363090576178074e-01
4.840000000000000746e+00,8.935562232712455921e-02,-4.140937557194543893e-03,4.501629991354225320e-03,1.808808421705055769e-04,-1.598490771826051630e-04,8.935714960151835973e-02,1.265171835460070504e-01,-3.623176850037879149e-03,-7.229448189837839323e-03,7.787200346641931503e-03,-3.012406388291921644e-04,-3.916084390098717449e-06,-3.623308448372775104e-03,1.180050618512566013e-02,-1.280414979912825713e+00,-9.813337337120175974e-02,-1.944799310849927965e+00,4.741878204439800015e-01,1.576900355655210362e+00,2.840205208119357394e-01
4.853333333333333499e+00,8.816193198876783044e-02,-4.200952569017075630e-03,4.570668066378157264e-03,1.647740263927255345e-04,-1.583352654545742912e-04,8.816343664764772492e-02,1.248355279682515639e-01,-3.619329539382931671e-03,-7.221656104518636710e-03,7.779036792894267194e-03,-3.009005615224324970e-04,-3.911485629615185644e-06,-3.619460997978940497e-03,1.178797399875478567e-02,-1.279223571615130783e+00,-9.818858587196421794e-02,-1.944739289116709902e+00,4.741902321885422822e-01,1.576898224334181364e+00,2.852119494732892058e-01
4.866666666666667140e+00,8.812496105385173029e-02,-4.321310596170590407e-03,4.705419480699321241e-03,1.507861670266005610e-04,-1.588959818185238504e-04,8.812646280549772670e-02,1.247924071789256878e-01,-3.615486314036964188e-03,-7.213869809733264304e-03,7.770884169970848632e-03,-3.005604112265025663e-04,-3.906882457549443188e-06,-3.615617633042411683e-03,1.177545508227888400e-02,-1.278048079188613961e+00,-9.824459857288436737e-02,-1.944678346875824859e+00,4.741924291755608145e-01,1.576896113197308935e+00,2.863874619619246609e-01
4.879999999999999893e+00,8.924277396861271527e-02,-4.508333836777472618e-03,4.912965054799676122e-03,1.381794190170802491e-04,-1.615608108959782317e-04,8.924429236832770451e-02,1.263856159576612070e-01,-3.611647169663001478e-03,-7.206086585375359732e-03,7.762744943510480056e-03,-3.002197130594908003e-04,-3.902264535948773982e-06,-3.611778349225769347e-03,1.176294938184182896e-02,-1.276873079707895986e+00,-9.830221604749977971e-02,-1.944615607949415459e+00,4.741944396577877363e-01,1.576893994584217751e+00,2.875624814659980544e-01
4.893333333333333535e+00,8.862708905058314102e-02,-4.597652250090919143e-03,5.013953952931902470e-03,1.231541953225456201e-04,-1.610769274569440223e-04,8.862859468440760502e-02,1.255233363263591195e-01,-3.607812101926732851e-03,-7.198303440195896741e-03,7.754621826223662140e-03,-2.998779447418442601e-04,-3.897620509007992951e-06,-3.607943142195590980e-03,1.175045683955282944e-02,-1.275683176054981161e+00,-9.836232716532355980e-02,-1.944550101748684812e+00,4.741962820500411624e-01,1.576891840440072912e+00,2.887524053642422928e-01
4.906666666666667176e+00,8.628085740288012062e-02,-4.579786770965331259e-03,4.997765916994204027e-03,1.068212709373596238e-04,-1.574002244055156853e-04,8.628232108806931089e-02,1.222088932245275206e-01,-3.603981106500508957e-03,-7.190524788347918417e-03,7.746510770680004043e-03,-2.995358800923497711e-04,-3.892967253449342024e-06,-3.604112007622450875e-03,1.173797750595326726e-02,-1.274501481534306757e+00,-9.842362919532465781e-02,-1.944483249029312466e+00,4.741979241059786077e-01,1.576889692747706739e+00,2.899341199600344865e-01
4.919999999999999929e+00,8.220695358907853523e-02,-4.445653080680269688e-03,4.854217225674787965e-03,9.025136940160204038e-05,-1.504886778234482212e-04,8.220834636654313077e-02,1.164454957439662874e-01,-3.600154179058900894e-03,-7.182755448557731626e-03,7.738407360950549929e-03,-2.991943636398985973e-04,-3.888323157674733466e-06,-3.600284941182252396e-03,1.172551143766399802e-02,-1.273351070102268334e+00,-9.848469301893736372e-02,-1.944416612150419166e+00,4.741993483895909911e-01,1.576887594078048238e+00,2.910845509078754390e-01
4.933333333333333570e+00,7.366767979132346489e-02,-1.212851176302955428e-02,1.344673939731663714e-02,-8.179975069570219297e-04,-1.351320180649072020e-04,7.366892675919006761e-02,1.057480061007150390e-01,-3.596331315283141095e-03,-7.175000626812977345e-03,7.730306828526600782e-03,-2.988543075743699262e-04,-3.883708060037349696e-06,-3.596461938555783888e-03,1.171305869715687405e-02,-1.272254977387747177e+00,-9.854396839334622626e-02,-1.944351889254076760e+00,4.742005517411831406e-01,1.576885587562344426e+00,2.921806621927625081e-01
4.946666666666667211e+00,6.627024590053823272e-02,-1.986033788996418789e-02,2.209604339394375880e-02,-1.727709627245804357e-03,-1.217428559787492402e-04,6.627136682454097538e-02,9.833263704976251407e-02,-3.592512510858014707e-03,-7.166911751765869809e-03,7.722527280796143145e-03,-2.984547152680150361e-04,-3.877795577533760252e-06,-3.592642995426054142e-03,1.170061416113957198e-02,-1.271272741657196281e+00,-9.870568188352013550e-02,-1.944172599395445955e+00,4.741896451077569630e-01,1.576883785802103866e+00,2.931629145495517896e-01
4.959999999999999964e+00,6.558112926277670507e-02,-1.583356595250145007e-02,1.760427588671310828e-02,-1.294848316286435763e-03,-1.208655010684019825e-04,6.558223729111802014e-02,9.572992188646556322e-02,-3.588697761472303682e-03,-7.158492899521640140e-03,7.715064881964828203e-03,-2.979963187543788194e-04,-3.870602443889481492e-06,-3.588828107484509644e-03,1.168817788713237722e-02,-1.270389138378522409e+00,-9.897048638871952519e-02,-1.943877985483526638e+00,4.741666089793934447e-01,1.576882162564023915e+00,2.940465327738790435e-01
4.973333333333333606e+00,7.162828836648632569e-02,-7.063094391646160123e-05,-1.579559382710664882e-05,4.890953969014906694e-04,-1.327011025114076628e-04,7.162949657179618068e-02,1.012998446966350552e-01,-3.584887062821007220e-03,-7.150259967010352824e-03,7.707448775216008130e-03,-2.975694002023132612e-04,-3.864091328242835743e-06,-3.585017270423485058e-03,1.167575739641605811e-02,-1.269514723321685468e+00,-9.918160060141945067e-02,-1.943643261805037215e+00,4.741493443351760817e-01,1.576880551024009591e+00,2.949209626044271282e-01
4.986666666666667247e+00,8.445124509948702396e-02,2.740989369491152530e-02,-3.074251710113897959e-02,3.614360655961522135e-03,-1.574980488950694733e-04,8.445266661118297491e-02,1.263873361348366586e-01,-3.581080410602233144e-03,-7.142737261183640385e-03,7.699200797116390049e-03,-2.972656443867016662e-04,-3.860253716680972502e-06,-3.581210479942420477e-03,1.166336039357263044e-02,-1.268559679476799040e+00,-9.918254234733847596e-02,-1.943643472412954987e+00,4.741558656071349631e-01,1.576878781675976171e+00,2.958760225587178105e-01
5.000000000000000000e+00,1.041708223284816409e-01,6.253228456684949144e-02,-6.998801630869713741e-02,7.588966752042233116e-03,-1.956628485876383747e-04,1.041725714880111647e-01,1.748419990028331483e-01,-3.577277800520306528e-03,-7.136492990863718688e-03,7.689802752217644866e-03,-2.971844164565418112e-04,-3.861246084646552390e-06,-3.577407731744308705e-03,1.165099543406083148e-02,-1.267433662875472544e+00,-9.881707709807319162e-02,-1.944053372640970112e+00,4.742040570825478696e-01,1.576876681701991245e+00,2.970020581135335291e-01
5.013333333333333641e+00,1.195323115963954075e-01,8.982319444733087577e-02,-1.004001423065238041e-01,1.058372718688204393e-02,-2.259912842734328490e-04,1.195343138040113884e-01,2.164183145699406785e-01,-3.573479228281328801e-03,-7.131970208883675610e-03,7.678849601797210767e-03,-2.974033960110311625e-04,-3.868751447200224902e-06,-3.573609021536583441e-03,1.163866956522040946e-02,-1.266044718577759465e+00,-9.798331330384835169e-02,-1.944986546191752819e+00,4.743052433059085082e-01,1.576874072864010046e+00,2.983910257333737270e-01
5.026666666666667282e+00,1.247834258436088667e-01,1.056399864816525563e-01,-1.179048042334238933e-01,1.217136283749119773e-02,-2.373710821280873454e-04,1.247855111044040843e-01,2.373854990734965420e-01,-3.569684689598506822e-03,-7.128856385001380858e-03,7.666623900112412571e-03,-2.978684286474297949e-04,-3.881588524823342823e-06,-3.569814345031563363e-03,1.162637859750022436e-02,-1.264450954423140816e+00,-9.678567071121735310e-02,-1.946325214755839861e+00,4.744463596684003193e-01,1.576871059646886231e+00,2.999848165840939274e-01
5.040000000000000036e+00,1.198301557111488558e-01,1.100101756952889254e-01,-1.225827696641285519e-01,1.241173267746614566e-02,-2.292250555908495252e-04,1.198321539186730095e-01,2.366471828646325437e-01,-3.565894180188600160e-03,-7.126589227874458032e-03,7.653635998442709365e-03,-2.984816744824314583e-04,-3.897629115456879845e-06,-3.566023697946008042e-03,1.161411429423890411e-02,-1.262787175411892671e+00,-9.537713755812848859e-02,-1.947897278812285471e+00,4.746086445062336345e-01,1.576867894699124584e+00,3.016486233988193710e-01
5.053333333333333677e+00,1.045651600005451515e-01,1.029493734923961068e-01,-1.145248260114492544e-01,1.138162179491699830e-02,-2.009541659508447958e-04,1.045669007535497408e-01,2.138041168729715169e-01,-3.562107695773697458e-03,-7.124562332098349771e-03,7.640438181001574236e-03,-2.991372329859132151e-04,-3.914573698082790543e-06,-3.562237076001117941e-03,1.160186737778165673e-02,-1.261189440002410622e+00,-9.391033521552483165e-02,-1.949531715741140481e+00,4.747741342752664906e-01,1.576864838365049870e+00,3.032463854510685231e-01
5.066666666666667318e+00,9.269903919449828944e-02,9.566394626859528461e-02,-1.062578641127030765e-01,1.038920935929802010e-02,-1.788450077056452983e-04,9.270058021049241981e-02,1.942596236922833619e-01,-3.558325232079440070e-03,-7.122157143673035762e-03,7.627596440522133037e-03,-2.997265489552702888e-04,-3.930069540913905257e-06,-3.558454474922978505e-03,1.158962803525577165e-02,-1.259795237869069995e+00,-9.253767690229297571e-02,-1.951058713421293112e+00,4.749258892325318726e-01,1.576862158976170214e+00,3.046406107944492625e-01
5.080000000000000071e+00,8.768241387077227444e-02,9.604234749678919325e-02,-1.065243381175914189e-01,1.024378817448335505e-02,-1.698358768642308999e-04,8.768386933752760071e-02,1.898767963935554803e-01,-3.554546784836354334e-03,-7.119365790233089797e-03,7.615119241801249217e-03,-3.002479826230697313e-04,-3.944083710294421508e-06,-3.554675890441671982e-03,1.157739600517042680e-02,-1.258559250679810004e+00,-9.126215761871181442e-02,-1.952475484942795880e+00,4.750644120239893020e-01,1.576859774376067946e+00,3.058766185305890062e-01
5.093333333333333712e+00,7.744116824021056444e-02,9.684150926092330303e-02,-1.072470253142767393e-01,1.009864958968462699e-02,-1.505850288362449788e-04,7.744245237139346649e-02,1.815948119352116807e-01,-3.550772349779407477e-03,-7.116597878288555279e-03,7.602631534157744397e-03,-3.007734623121649520e-04,-3.958175620599746480e-06,-3.550901318292609687e-03,1.156517775048989879e-02,-1.257390151828199798e+00,-8.998159298542107720e-02,-1.953895809451030363e+00,4.752009958663157008e-01,1.576857509897710230e+00,3.070457367884227295e-01
5.106666666666667354e+00,6.195587659536432035e-02,9.807646358211268012e-02,-1.084399042325182722e-01,9.952509186865240304e-03,-1.209437043172567627e-04,6.195690372014872604e-02,1.707467749871523777e-01,-3.547001922648451711e-03,-7.113875787616130708e-03,7.590112650863289900e-03,-3.013069492334707888e-04,-3.972431331433767809e-06,-3.547130754215199744e-03,1.155297362842416277e-02,-1.256357602918330318e+00,-8.869037286194192404e-02,-1.955325769788553991e+00,4.753356445275116471e-01,1.576855502097325612e+00,3.080783028200411167e-01
5.120000000000000107e+00,4.120340087705773313e-02,9.975175662502187846e-02,-1.101051958122184482e-01,9.802850160253916145e-03,-8.080978243136768043e-05,4.120408517107503749e-02,1.598911078663557694e-01,-3.543235499187780135e-03,-7.111222793132476738e-03,7.577541007534716044e-03,-3.018525801734561753e-04,-3.986941074174410460e-06,-3.543364193953291164e-03,1.154078402120013551e-02,-1.255531524563725521e+00,-8.738268668084714363e-02,-1.956771635178320867e+00,4.754683446500029831e-01,1.576853889514601370e+00,3.089043948696432729e-01
5.133333333333333748e+00,1.728288693972552387e-02,1.030568944077152882e-01,-1.135532578291772593e-01,9.773129569346119053e-03,-3.431550579175744807e-05,1.728317705955779993e-02,1.555891624694956399e-01,-3.539473075145238568e-03,-7.108662558938938503e-03,7.564894561050472532e-03,-3.024145793482091449e-04,-4.001797388575312198e-06,-3.539601633255173851e-03,1.152860932899874187e-02,-1.254982145885364719e+00,-8.605266325918004000e-02,-1.958239704455817076e+00,4.755990493188062551e-01,1.576852812050836050e+00,3.094537826719241380e-01
5.146666666666667389e+00,-3.233136308015849975e-03,1.060902910753447337e-01,-1.166911061373860914e-01,9.727709806710701027e-03,5.641732057538795380e-06,-3.233183934661200583e-03,1.580743468456294321e-01,-3.535714646274890072e-03,-7.106282884419279355e-03,7.552091978614061674e-03,-3.030085451669606300e-04,-4.017339307438305696e-06,-3.535843067874022694e-03,1.151645102732660846e-02,-1.254751707392835147e+00,-8.467857133374367962e-02,-1.959753747893539400e+00,4.757293577130643492e-01,1.576852354510759113e+00,3.096842250327180857e-01
5.160000000000000142e+00,-1.916607640814214225e-02,1.066930168969518478e-01,-1.171509058860135677e-01,9.483285222538292633e-03,3.668863673698516452e-05,-1.916638637563886777e-02,1.610352678786170777e-01,-3.531960208333906337e-03,-7.104070039246845880e-03,7.539145336697750110e-03,-3.036321553295806552e-04,-4.033518663959512196e-06,-3.532088493567009380e-03,1.150430894600112594e-02,-1.254794815876941971e+00,-8.326403411940574983e-02,-1.961309629308704450e+00,4.758590605104870974e-01,1.576852429733853533e+00,3.096411159135894486e-01
5.173333333333333783e+00,-3.049293191697488581e-02,1.048577074865080089e-01,-1.149409422471253661e-01,9.055814500167303979e-03,5.873467483365499102e-05,-3.049342862065568260e-02,1.617041691977756102e-01,-3.528209757084788123e-03,-7.101893053253149901e-03,7.526175212416497118e-03,-3.042622700384356449e-04,-4.049836944908236092e-06,-3.528337906097078758e-03,1.149218093607892559e-02,-1.255050363562383975e+00,-8.184146056077956644e-02,-1.962871641387184729e+00,4.759855043134542107e-01,1.576852918915676582e+00,3.093855640952476449e-01
5.186666666666667425e+00,-3.718459359909648265e-02,1.005874753053247472e-01,-1.100810457016185989e-01,8.462048911743949228e-03,7.172771758007690131e-05,-3.718520093619211153e-02,1.583436812680137362e-01,-3.524463288294477081e-03,-7.099620124681127464e-03,7.513303548682515043e-03,-3.048754860630609187e-04,-4.065789457996515921e-06,-3.524591301229840212e-03,1.148006476607641921e-02,-1.255456935987943723e+00,-8.044335779429268030e-02,-1.964404187283813163e+00,4.761062485067899530e-01,1.576853702044674677e+00,3.089789850469721877e-01
5.200000000000000178e+00,-4.819436026705256615e-02,9.798100239175717985e-02,-1.070545568271353415e-01,7.997544421312610327e-03,9.300884021876388273e-05,-4.819514973592499418e-02,1.605315955012650841e-01,-3.520720797733023488e-03,-7.097120711024640372e-03,7.500651725298013162e-03,-3.054485075528745597e-04,-4.080873134082452225e-06,-3.520848674736676287e-03,1.146795816444006952e-02,-1.255952730569265041e+00,-7.910219145688834885e-02,-1.965871934559834777e+00,4.762190758256132916e-01,1.576854658414242216e+00,3.084831823678229057e-01
5.213333333333333819e+00,-6.237720056218289122e-02,9.693385234735527045e-02,-1.057380226259089090e-01,7.651213663390088113e-03,1.202741781617523400e-04,-6.237822509261523041e-02,1.685740632832246899e-01,-3.516982281176694869e-03,-7.094485002223649417e-03,7.488136730054328893e-03,-3.059972560723878132e-04,-4.095432727169168174e-06,-3.517110022392966329e-03,1.145586258226703562e-02,-1.256595322039492313e+00,-7.779577809166493552e-02,-1.967299328650863321e+00,4.763257097512307858e-01,1.576855898532111944e+00,3.078405803713439859e-01
5.226666666666666572e+00,-7.015096280943299012e-02,9.331697213405304447e-02,-1.016342052825128378e-01,7.147733170156930077e-03,1.350050637921040581e-04,-7.015211718544434039e-02,1.700916059545719283e-01,-3.513247734406199640e-03,-7.091796548472917294e-03,7.475681314540683076e-03,-3.065365475807269036e-04,-4.109789611739245174e-06,-3.513375339978974665e-03,1.144377939623798975e-02,-1.257427018046987977e+00,-7.650332672703363812e-02,-1.968709168952541999e+00,4.764277259334095405e-01,1.576857502187820614e+00,3.070088707034424047e-01
5.240000000000000213e+00,-7.146949387282588995e-02,8.715860023527445544e-02,-9.478917238898612596e-02,6.504685132456295565e-03,1.372318059834732413e-04,-7.147067164745338208e-02,1.638288253592092292e-01,-3.509517153205354845e-03,-7.088918987861347887e-03,7.463412547429992827e-03,-3.070419945458979782e-04,-4.123416836421256448e-06,-3.509644623278962428e-03,1.143170621949896396e-02,-1.258362364217780360e+00,-7.525910043191297305e-02,-1.970064291689642255e+00,4.765230290423447812e-01,1.576859302255337880e+00,3.060735091409698683e-01
5.253333333333333854e+00,-6.628798740113461818e-02,7.849138122810368767e-02,-8.525183920795643966e-02,5.737785055462002633e-03,1.270117354902993952e-04,-6.628908082562336157e-02,1.491645093015004364e-01,-3.505790533363750683e-03,-7.085719848039850888e-03,7.451454435669635501e-03,-3.074897978985191571e-04,-4.135799044124865986e-06,-3.505917868081631639e-03,1.141964068672779789e-02,-1.259315290802751397e+00,-7.409698576210921317e-02,-1.971328147321495416e+00,4.766097581774442205e-01,1.576861132012751021e+00,3.051205668523371273e-01
5.266666666666666607e+00,-6.768670313140255634e-02,6.342852744316525293e-02,-6.879263175559449661e-02,4.455132728261580917e-03,1.295501975218378392e-04,-6.768782116901285451e-02,1.339350595764834950e-01,-3.502067870675418249e-03,-7.082072446049192394e-03,7.439926076100000785e-03,-3.078571020358467081e-04,-4.146440195196277045e-06,-3.502195070181013392e-03,1.140758050673232847e-02,-1.260199130634766629e+00,-7.305043401240096657e-02,-1.972464838510934904e+00,4.766862619781835342e-01,1.576862825502557186e+00,3.042367124413289936e-01
5.280000000000000249e+00,-7.338741459315548110e-02,5.000981421621596146e-02,-5.415999275745526226e-02,3.312920732525261817e-03,1.402364440211923357e-04,-7.338862887817450276e-02,1.273455335406561972e-01,-3.498349160937497260e-03,-7.077659280582349055e-03,7.429125096161559583e-03,-3.080867969380562954e-04,-4.154100890829681703e-06,-3.498476225375135584e-03,1.139552008768269717e-02,-1.261101620009851931e+00,-7.220472031315861017e-02,-1.973382073601009479e+00,4.767456637478937331e-01,1.576864552838523892e+00,3.033342081590753025e-01
5.293333333333333890e+00,-6.913624142846572229e-02,4.620854051270367746e-02,-5.000446961664269108e-02,3.014406672361768548e-03,1.317733797780216531e-04,-6.913738659366266970e-02,1.191829615071826470e-01,-3.494634399952900594e-03,-7.072581314127468488e-03,7.418958900009986479e-03,-3.081966464701935138e-04,-4.159164320949315652e-06,-3.494761329465578825e-03,1.138346109124056815e-02,-1.262080118871093948e+00,-7.153792279027593182e-02,-1.974104206837775655e+00,4.767898360243272293e-01,1.576866422657777989e+00,3.023556931073665410e-01
5.306666666666666643e+00,-5.493361748602576533e-02,5.207442168405702898e-02,-5.634681598830759003e-02,3.531828445355010126e-03,1.043819013923452210e-04,-5.493452734072726273e-02,1.092460452270380689e-01,-3.490923583528537932e-03,-7.067321131855930361e-03,7.408977521056847593e-03,-3.082729851362486784e-04,-4.163501395204605160e-06,-3.491050378259696885e-03,1.137141177101570928e-02,-1.263001935423473387e+00,-7.092180891677335453e-02,-1.974770933099330827e+00,4.768300281132922258e-01,1.576868179636175427e+00,3.014338612861178213e-01
5.320000000000000284e+00,-3.077062689769134718e-02,6.764573068212403895e-02,-7.319716294504141629e-02,4.834588355657690704e-03,5.818416485152401679e-05,-3.077113455884554136e-02,1.088615651844240528e-01,-3.487216707475759847e-03,-7.062353507508500883e-03,7.398737123176069019e-03,-3.084009710896395973e-04,-4.168959002903704913e-06,-3.487343367568840335e-03,1.135938029781087891e-02,-1.263734383656620386e+00,-7.022748329431927061e-02,-1.975522223979174985e+00,4.768771191592304781e-01,1.576869571394860614e+00,3.007014009215747130e-01
5.333333333333333925e+00,-1.320823098715701027e-03,9.118295208325588597e-02,-9.862299936601462425e-02,6.709651511959828334e-03,2.033129339835872315e-06,-1.320839681944553645e-03,1.344965998575254618e-01,-3.483513767610801892e-03,-7.058168713999002364e-03,7.387778294985380967e-03,-3.086687510331920237e-04,-4.177450101394697413e-06,-3.483640293208356553e-03,1.134737526662813779e-02,-1.264144658681922939e+00,-6.932554021855752424e-02,-1.976498186151775638e+00,4.769415803373058260e-01,1.576870347183724874e+00,3.002911191274568736e-01
5.346666666666666679e+00,2.158629210148826222e-02,1.083347975504386634e-01,-1.170473995538386797e-01,7.976345130014526191e-03,-4.162031802035500252e-05,2.158665755158998070e-02,1.625795119547197298e-01,-3.479814759753896425e-03,-7.055203425128553363e-03,7.375690307430904369e-03,-3.091551345444365495e-04,-4.190685215732514735e-06,-3.479941150998921984e-03,1.133540464724353686e-02,-1.264162269656572413e+00,-6.810976752411423973e-02,-1.977813159476655924e+00,4.770310423574652958e-01,1.576870374292115962e+00,3.002735079316973810e-01
5.360000000000000320e+00,3.671193376492719318e-02,1.136548722981289145e-01,-1.226178139718795829e-01,8.272837064771878732e-03,-7.043939961405752356e-05,3.671255114454173574e-02,1.752614634979884345e-01,-3.476119679729716694e-03,-7.053156958084727535e-03,7.362751725602745267e-03,-3.098066818938427502e-04,-4.207503187636518760e-06,-3.476245936764321698e-03,1.132346359433141977e-02,-1.263874452428552564e+00,-6.666530355677524611e-02,-1.979373791470707022e+00,4.771373936258656023e-01,1.576869819354541846e+00,3.005613300323850545e-01
5.373333333333333961e+00,4.400385629078714528e-02,1.071031169762385049e-01,-1.153690944063837098e-01,7.676898829398984964e-03,-8.430621993198126620e-05,4.400459467222495730e-02,1.694484913301901041e-01,-3.472428523367376840e-03,-7.051402545249718656e-03,7.349547951794654921e-03,-3.105110775898367592e-04,-4.225464171003778802e-06,-3.472554646334558015e-03,1.131154116627843681e-02,-1.263384959978353539e+00,-6.514990525946684485e-02,-1.981008695656998775e+00,4.772476981200624024e-01,1.576868880162546560e+00,3.010508307143124895e-01
5.386666666666666714e+00,4.339628258639827152e-02,8.864541470996639694e-02,-9.534708290861049207e-02,6.265523562967546985e-03,-8.301603606101149639e-05,4.339701026532294392e-02,1.440655312271148236e-01,-3.468741286499987808e-03,-7.049295080665984869e-03,7.336684501819235038e-03,-3.111521375052106464e-04,-4.242045078761691457e-06,-3.468867275542297790e-03,1.129962568181594983e-02,-1.262798241894476314e+00,-6.372186369978383169e-02,-1.982546950249083784e+00,4.773500567711210785e-01,1.576867756079614047e+00,3.016375586432755718e-01
5.400000000000000355e+00,4.100727387696402604e-02,6.612942369185562108e-02,-7.104912681380878836e-02,4.654029044769284265e-03,-7.826734846704123439e-05,4.100796126298995176e-02,1.131635745667140536e-01,-3.465057964966433701e-03,-7.046207533524473376e-03,7.324753047327270394e-03,-3.116163228567003785e-04,-4.254781931223305946e-06,-3.465183820225981037e-03,1.128770553541331642e-02,-1.262219624793324391e+00,-6.253992483698445071e-02,-1.983818244687865162e+00,4.774335970852940925e-01,1.576866649199133441e+00,3.022161854468130571e-01
5.413333333333333997e+00,4.386829183340057448e-02,5.150548338327025355e-02,-5.530047186589986952e-02,3.663350369903622169e-03,-8.365606777616961857e-05,4.386902622440804617e-02,9.784325542245649043e-02,-3.461378554608707248e-03,-7.041963619808022656e-03,7.313922867647981718e-03,-3.118711385718953011e-04,-4.262970897617179844e-06,-3.461504276227156396e-03,1.127577733325923516e-02,-1.261672861141631463e+00,-6.165819918775961028e-02,-1.984765566378716040e+00,4.774956508058911808e-01,1.576865605634487189e+00,3.027629582636528482e-01
5.426666666666666750e+00,4.934198310113695196e-02,4.288919346631814983e-02,-4.603252528953098027e-02,3.112448855602573030e-03,-9.417035845639516939e-05,4.934280773891427940e-02,9.400806602930450451e-02,-3.457703051274130246e-03,-7.036993780578537638e-03,7.303790785201158542e-03,-3.119939400395566054e-04,-4.268291422526715451e-06,-3.457828639393589754e-03,1.126384876625323092e-02,-1.261087950583852813e+00,-6.097145940931580910e-02,-1.985502906003594692e+00,4.775444954774901163e-01,1.576864490220250659e+00,3.033478786133114724e-01
5.440000000000000391e+00,5.744353856069565889e-02,4.028581891378209962e-02,-4.322666353684558732e-02,2.979589569215274677e-03,-1.098826492252227653e-04,5.744449675814126272e-02,1.004988159355596905e-01,-3.454031450813133119e-03,-7.031607076045887084e-03,7.294066456467795945e-03,-3.120404363325945951e-04,-4.271952495749076206e-06,-3.454156905575711534e-03,1.125192535605772093e-02,-1.260430057475837584e+00,-6.039960349643136439e-02,-1.986116673007455091e+00,4.775859947955649609e-01,1.576863234615471399e+00,3.040057827164970305e-01
5.453333333333334032e+00,6.819088273424768476e-02,4.369621772398044751e-02,-4.686631957537901877e-02,3.248124568658626067e-03,-1.308878727664773028e-04,6.819201786284498357e-02,1.158297310152031218e-01,-3.450363749082363540e-03,-7.026099037978017492e-03,7.284471416939553023e-03,-3.120640603446744876e-04,-4.275113125284946136e-06,-3.450489070629281230e-03,1.124001239312260800e-02,-1.259664143628361543e+00,-5.986245924424782316e-02,-1.986693028521279603e+00,4.776257226564877278e-01,1.576861769513481448e+00,3.047717093399389121e-01
5.466666666666666785e+00,8.310897353470805826e-02,5.094754188624264074e-02,-5.461312622008796663e-02,3.778026874055176627e-03,-1.601848622492290579e-04,8.311035385559861766e-02,1.393089269430660138e-01,-3.446699941941133716e-03,-7.020760533070546927e-03,7.274730986543076483e-03,-3.121175218137040019e-04,-4.278915887390155603e-06,-3.446825130414499228e-03,1.122811511409057758e-02,-1.258754931858571569e+00,-5.927984300792799033e-02,-1.987317912782284646e+00,4.776690309840696536e-01,1.576860024341844024e+00,3.056809362447769907e-01
5.480000000000000426e+00,9.629247970818360924e-02,5.414048031700492009e-02,-5.800296321377736153e-02,4.030112233916398161e-03,-1.863579200549004894e-04,9.629407543677068193e-02,1.576597681623329306e-01,-3.443040025254084924e-03,-7.015780120432246747e-03,7.264666638053363101e-03,-3.122350815796259837e-04,-4.284102527840616403e-06,-3.443165080795118627e-03,1.121623696027816176e-02,-1.257646812211442144e+00,-5.860054244944468138e-02,-1.988046087798552408e+00,4.777194046757236023e-01,1.576857888543680808e+00,3.067890742961849604e-01
5.493333333333334068e+00,1.032543790867916089e-01,5.150410147358502194e-02,-5.515065276896034124e-02,3.877332590448244812e-03,-2.006285140519585293e-04,1.032560865725313665e-01,1.644160185144206976e-01,-3.439383994891187513e-03,-7.010960796322240896e-03,7.254464127853132993e-03,-3.123810934386739291e-04,-4.289899273146602354e-06,-3.439508917640221597e-03,1.120437438144090622e-02,-1.256362912481999716e+00,-5.787866937855135063e-02,-1.988819460641402692e+00,4.777731395055093699e-01,1.576855403771412867e+00,3.080729953020084899e-01
5.506666666666666821e+00,1.039561502948794791e-01,4.305253673603143261e-02,-4.609066657790319987e-02,3.339079376745655078e-03,-2.027372761059350790e-04,1.039578659687971224e-01,1.600099375020441195e-01,-3.435731846724188188e-03,-7.006015644161589506e-03,7.244394757633720872e-03,-3.125034908642021492e-04,-4.295177533197858111e-06,-3.435856636822887111e-03,1.119252213053049602e-02,-1.254986187427509226e+00,-5.719194802557003854e-02,-1.989554802678322076e+00,4.778248372733822080e-01,1.576852728724558617e+00,3.094497431229754625e-01
5.520000000000000462e+00,9.836170820653253322e-02,2.880528358903827746e-02,-3.085927722840050777e-02,2.429748385698174591e-03,-1.924116432372558025e-04,9.836332870935096673e-02,1.453903371247667609e-01,-3.432083576631939081e-03,-7.000662989460337826e-03,7.234725559829957575e-03,-3.125510213619620004e-04,-4.298828054416503619e-06,-3.432208234220635035e-03,1.118067501893209997e-02,-1.253600105423577471e+00,-5.661791420242279216e-02,-1.990169344899360704e+00,4.778693583317386029e-01,1.576850025560877278e+00,3.108358480025592563e-01
5.533333333333334103e+00,9.270809780577005110e-02,1.040147436167332406e-02,-1.121900246243335772e-02,1.295139321056309415e-03,-1.817855432631713009e-04,9.270962267893366471e-02,1.320061841469095665e-01,-3.428439180495068683e-03,-6.994635417867822724e-03,7.225710615235136913e-03,-3.124749129859161201e-04,-4.299797069950983541e-06,-3.428563705715426124e-03,1.116882813378448740e-02,-1.252288615980823749e+00,-5.623384375456907946e-02,-1.990580801929072718e+00,4.779017549768811435e-01,1.576847460072301033e+00,3.121473590520174035e-01
5.546666666666666856e+00,9.117449819277967382e-02,-4.159495040484231451e-03,4.305678027031139762e-03,4.262856892330371141e-04,-1.792472060772620801e-04,9.117599527253703040e-02,1.290810030405593334e-01,-3.424798654201310910e-03,-6.987762063080271702e-03,7.217512703789896733e-03,-3.122439134015664308e-04,-4.297411256626304521e-06,-3.424923047193217940e-03,1.115697838618532993e-02,-1.251052508010080055e+00,-5.609515742974657826e-02,-1.990730388628571879e+00,4.779190235011618881e-01,1.576845036265057232e+00,3.133834873544030231e-01
5.560000000000000497e+00,8.961480325736516372e-02,-1.248978609505902761e-02,1.318850080423336450e-02,-7.770914759394689515e-05,-1.767084034591205805e-04,8.961627224253457258e-02,1.280306908059134219e-01,-3.421161993641064214e-03,-6.980243302276090134e-03,7.209942320828055529e-03,-3.118943858146927539e-04,-4.292459600208076154e-06,-3.421286254544408933e-03,1.114512944671430979e-02,-1.249836848034176384e+00,-5.615061736361948164e-02,-1.990672979588211433e+00,4.779247073103514154e-01,1.576842646302309525e+00,3.145991672913703852e-01
5.573333333333333250e+00,8.805865802236882700e-02,-1.458009507901651507e-02,1.542208607054967179e-02,-2.163560100647054303e-04,-1.742238909181654833e-04,8.806009909624812337e-02,1.263305401742167988e-01,-3.417529194708723850e-03,-6.972368161145325871e-03,7.202725442235546893e-03,-3.114789196727585363e-04,-4.286080592663665811e-06,-3.417653323664726628e-03,1.113328653615412202e-02,-1.248641983990744775e+00,-5.631714784488695003e-02,-1.990497132910821643e+00,4.779236711883836364e-01,1.576840290190263616e+00,3.157940509212706637e-01
5.586666666666666892e+00,8.653445306232154799e-02,-1.042425022205081993e-02,1.099568040998526001e-02,1.580421299190689407e-05,-1.718497686647964327e-04,8.653586686790773475e-02,1.233136958486849566e-01,-3.413900253304902321e-03,-6.964411622317090433e-03,7.195601252285577232e-03,-3.110475727687855851e-04,-4.279356596192940287e-06,-3.414024250453007170e-03,1.112145458357735942e-02,-1.247467868550446557e+00,-5.651154911260736213e-02,-1.990291505096547731e+00,4.779207864415826457e-01,1.576837967205051427e+00,3.169681855758872402e-01
5.600000000000000533e+00,8.443148115427132061e-02,-6.211381557394876109e-03,6.506944978917401749e-03,2.492574719489332917e-04,-1.682825747191445478e-04,8.443285841549580395e-02,1.197438709589668804e-01,-3.410275165331988489e-03,-6.956644314331406065e-03,7.188313182619587849e-03,-3.106495906397555018e-04,-4.273351073003084366e-06,-3.410399030812527599e-03,1.110963843740574684e-02,-1.246314075842948954e+00,-5.665053911556805488e-02,-1.990144896024414578e+00,4.779209971644227117e-01,1.576835675874802334e+00,3.181219971341260333e-01
5.613333333333333286e+00,8.231146874008685166e-02,-6.150119041390511576e-03,6.445299632348199664e-03,2.361270133160235879e-04,-1.645846039336269935e-04,8.231280934534986049e-02,1.167476987529368904e-01,-3.406653926699920731e-03,-6.949069562054877025e-03,7.180858136341505826e-03,-3.102855669934179161e-04,-4.268076243540974701e-06,-3.406777660652782203e-03,1.109783815468227443e-02,-1.245188322760891975e+00,-5.673335753633335088e-02,-1.990058136758029006e+00,4.779243205973822128e-01,1.576833432107139110e+00,3.192477685796659692e-01
5.626666666666666927e+00,8.108526740326636728e-02,-6.155357077169291112e-03,6.453304050146916118e-03,2.257229649202966099e-04,-1.626497050914063028e-04,8.108658597824651426e-02,1.150194156443221372e-01,-3.403036533320413781e-03,-6.941505874366704631e-03,7.173408129705904912e-03,-3.099224814100409731e-04,-4.262819205180790050e-06,-3.403160135884597537e-03,1.108605045419227067e-02,-1.244090836511024145e+00,-5.681535912355206719e-02,-1.989972199429597799e+00,4.779274689575596646e-01,1.576831237645753170e+00,3.203452727042708226e-01
5.640000000000000568e+00,8.075123649053811414e-02,-6.231661734273850374e-03,6.535860878165780652e-03,2.177205821212103618e-04,-1.624983852944308427e-04,8.075254753877811331e-02,1.145572390646688449e-01,-3.399422981110511444e-03,-6.933950324076842975e-03,7.165965920502337383e-03,-3.095598025173451617e-04,-4.257568486654150774e-06,-3.399546452425461496e-03,1.107427526998905343e-02,-1.243009699612313890e+00,-5.689743055124774074e-02,-1.989886155375595767e+00,4.779304785970919234e-01,1.576829068983018445e+00,3.214264271839808451e-01
5.653333333333333321e+00,8.130775236398632422e-02,-6.383492730997975852e-03,6.697761809146499795e-03,2.117988303751866010e-04,-1.641505530250090931e-04,8.130907026905806467e-02,1.153594222391448876e-01,-3.395813265990810237e-03,-6.926399797989812868e-03,7.158534442008424037e-03,-3.091969652224690890e-04,-4.252311905705852269e-06,-3.395936606196414687e-03,1.106251253265990754e-02,-1.241933016459106698e+00,-5.698051937437131897e-02,-1.989799010563886972e+00,4.779333815381869854e-01,1.576826902337881364e+00,3.225031278178311922e-01
5.666666666666666963e+00,8.250683995017761563e-02,-2.422678487889920462e-03,2.470098659461882236e-03,4.579653171696092175e-04,-1.671772903163894067e-04,8.250817500825601003e-02,1.167355388075050349e-01,-3.392207383887235750e-03,-6.918851003975934333e-03,7.151116796220158278e-03,-3.088333720064895260e-04,-4.247036599291931225e-06,-3.392330593122938609e-03,1.105076216944888071e-02,-1.240848913094253492e+00,-5.706563261078478888e-02,-1.989709707073098244e+00,4.779362055225919725e-01,1.576824713663841138e+00,3.235872487547517551e-01
5.680000000000000604e+00,8.312423326229920195e-02,1.589436861416404848e-03,-1.812165016717470854e-03,7.034325925306157560e-04,-1.690377086388922235e-04,8.312557601975789634e-02,1.175833031803627249e-01,-3.388605330729710374e-03,-6.911483663827766577e-03,7.143542706144145882e-03,-3.085017090649344595e-04,-4.242446609126204748e-06,-3.388728409134511566e-03,1.103902742323967928e-02,-1.239748821894917752e+00,-5.709793499062332245e-02,-1.989676772424305407e+00,4.779423117268208898e-01,1.576822484633304100e+00,3.246873577548616829e-01
5.693333333333333357e+00,8.277599526849384326e-02,-5.706559058951425276e-04,4.934938169654124341e-04,5.707978137009974817e-04,-1.688472560503919534e-04,8.277733017288452233e-02,1.170678234490193786e-01,-3.385007102452597394e-03,-6.904300806501506571e-03,7.135809304605444936e-03,-3.082025259919518589e-04,-4.238553239943598783e-06,-3.385130050165052751e-03,1.102730834614219779e-02,-1.238640498784753685e+00,-5.707674249913763376e-02,-1.989700934624528239e+00,4.779516908280547760e-01,1.576820230797189026e+00,3.257956987684584860e-01
5.706666666666666998e+00,8.143743217236357190e-02,-8.905316208059951139e-03,9.389792243297461274e-03,5.884936754760736530e-05,-1.665309005716405285e-04,8.143874338053702644e-02,1.158957649491818565e-01,-3.381412694994256896e-03,-6.897030419352301323e-03,7.128174257997166308e-03,-3.078863556233990550e-04,-4.234291330451611657e-06,-3.381535512152922252e-03,1.101559998496977853e-02,-1.237536818847840392e+00,-5.708435124454958043e-02,-1.989694354706968760e+00,4.779593014655709737e-01,1.576817979500441780e+00,3.268993965040971617e-01
5.720000000000000639e+00,7.908516977347643251e-02,-2.341537450526933253e-02,2.488154953156785504e-02,-8.388430548951345857e-04,-1.620191671467378653e-04,7.908644117399808715e-02,1.169496918929801982e-01,-3.377822104297045769e-03,-6.889404965304990469e-03,7.120890999457341053e-03,-3.075045405998011461e-04,-4.228614407963959820e-06,-3.377944791041365136e-03,1.100389746886948003e-02,-1.236450986418875519e+00,-5.720308879399027546e-02,-1.989569157477058203e+00,4.779600861238049170e-01,1.576815759088434632e+00,3.279852464158374836e-01
5.733333333333333393e+00,7.846831103631496385e-02,-3.809078489430419573e-02,4.056113757888601956e-02,-1.750762367899658112e-03,-1.610638486176929076e-04,7.846957051955238960e-02,1.241529468857043711e-01,-3.374235326309094063e-03,-6.881171316122092207e-03,7.114199214259819826e-03,-3.070110603382580905e-04,-4.220533940113568860e-06,-3.374357882776735096e-03,1.099219622752628002e-02,-1.235396517488562607e+00,-5.751529378739395071e-02,-1.989237403483304023e+00,4.779489015497397908e-01,1.576813598832872643e+00,3.290397322981575279e-01
5.746666666666667034e+00,7.847582374912456804e-02,-4.865217177289982153e-02,5.186849578335962774e-02,-2.430022562147839994e-03,-1.614488435616957189e-04,7.847708131165943846e-02,1.318347941657673772e-01,-3.370652356980752273e-03,-6.872343085727372625e-03,7.108085608279246514e-03,-3.064084616974938058e-04,-4.210106543833802561e-06,-3.370774783310714895e-03,1.098049654270660119e-02,-1.234350273341411786e+00,-5.802317091931818993e-02,-1.988696588315585601e+00,4.779255580515009427e-01,1.576811451314890533e+00,3.300859932384181405e-01
5.760000000000000675e+00,7.579511254510525042e-02,-5.895635500903696757e-02,6.292801069254216895e-02,-3.138295811641773035e-03,-1.562348146668649418e-04,7.579632539387967660e-02,1.376068372739197854e-01,-3.367073192268144055e-03,-6.863103492537714345e-03,7.102376056601134025e-03,-3.057301704583181845e-04,-4.198052319992484627e-06,-3.367195488598540010e-03,1.096880171668561735e-02,-1.233303929024756718e+00,-5.867186654295686310e-02,-1.988005008371807492e+00,4.778931577506724260e-01,1.576809298663643055e+00,3.311323543225737076e-01
5.773333333333333428e+00,7.043947306429089450e-02,-6.898702911277869443e-02,7.372652414716793223e-02,-3.878630777222304409e-03,-1.453855941519333192e-04,7.044059888476396358e-02,1.418924691416936779e-01,-3.363497828131833955e-03,-6.853473982445290602e-03,7.097049596727522669e-03,-3.049802078418650808e-04,-4.184458963329973358e-06,-3.363619994600330898e-03,1.095711212643457437e-02,-1.232293327524155213e+00,-5.945795127641062550e-02,-1.987165968229240187e+00,4.778513138065170196e-01,1.576807215532780582e+00,3.321429719944921644e-01
5.786666666666667069e+00,6.242512842957188834e-02,-7.872880183262896681e-02,8.425133240534909973e-02,-4.653586750872211984e-03,-1.288801688778308269e-04,6.242612539604465438e-02,1.453000396463643429e-01,-3.359926260535495146e-03,-6.843475966456402659e-03,7.092085198574071825e-03,-3.041626089363980157e-04,-4.169414240084989842e-06,-3.360048297279760732e-03,1.094542813599717369e-02,-1.231354134549964563e+00,-6.037777833124780003e-02,-1.986182947907277896e+00,4.777995987294874070e-01,1.576805277058191734e+00,3.330821799796224170e-01
5.800000000000000711e+00,5.432792208203740536e-02,-9.260402478300583384e-02,9.924578248786684875e-02,-5.743343193204788685e-03,-1.120410484798702039e-04,5.432878937957238280e-02,1.560812921687729782e-01,-3.356358485447685780e-03,-6.833130732564640653e-03,7.087461868884759042e-03,-3.032814028269825712e-04,-4.153005487950167662e-06,-3.356480392606275842e-03,1.093375009394110565e-02,-1.230521799504237013e+00,-6.142749568901617607e-02,-1.985059596808539828e+00,4.777375509061423386e-01,1.576803558655940130e+00,3.339145283182363144e-01
5.813333333333333464e+00,4.799678440196473994e-02,-1.066183103551656408e-01,1.144464882878649808e-01,-6.892134418215041872e-03,-9.881694707620828039e-05,4.799755044234656209e-02,1.706470926427898493e-01,-3.352794498841848991e-03,-6.822300638384515281e-03,7.083308516934394561e-03,-3.023118388854051375e-04,-4.134702169977799713e-06,-3.352916276551987096e-03,1.092207551701144565e-02,-1.229797427209809779e+00,-6.266221601945609621e-02,-1.983736319708701679e+00,4.776609729968996909e-01,1.576802064775293388e+00,3.346389121766306651e-01
5.826666666666667105e+00,4.180956273659870714e-02,-1.143467467547107791e-01,1.229530885527839873e-01,-7.668444446527489418e-03,-8.589069843876388863e-05,4.181023010133928797e-02,1.781785278108694581e-01,-3.349234296694980628e-03,-6.811000444253423325e-03,7.079609675581188810e-03,-3.012568880160770846e-04,-4.114568696422793437e-06,-3.349355945094334430e-03,1.091040459715186296e-02,-1.229157470084450310e+00,-6.408379349085846499e-02,-1.982210366531530044e+00,4.775690778713235218e-01,1.576800747215998832e+00,3.352788795158621049e-01
5.840000000000000746e+00,3.578279390496534595e-02,-1.158008851203074924e-01,1.247387892312003671e-01,-8.031391398174493948e-03,-7.330381686019977442e-05,3.578336539040583714e-02,1.777497587426245806e-01,-3.345677874988517431e-03,-6.799459542984553906e-03,7.076147666633225697e-03,-3.001583461195167502e-04,-4.093501948077005181e-06,-3.345799394213422318e-03,1.089874128951102972e-02,-1.228600009247962310e+00,-6.560841678092144136e-02,-1.980570992017492982e+00,4.774668319453696519e-01,1.576799602006686563e+00,3.358363492505467285e-01
5.853333333333333499e+00,2.992800122714323746e-02,-1.109957772172599499e-01,1.197745796186683448e-01,-7.935968609443367142e-03,-6.108955863244566493e-05,2.992847976731427551e-02,1.688798240502132897e-01,-3.342125229707892942e-03,-6.787892561709973904e-03,7.072719730641274793e-03,-2.990551438477595525e-04,-4.072336572846779745e-06,-3.342246619896460658e-03,1.088708932175015687e-02,-1.228122905329229519e+00,-6.715242858252556957e-02,-1.978907808161076920e+00,4.773597467267274297e-01,1.576798624622461453e+00,3.363134607890856387e-01
5.866666666666667140e+00,2.485036328645902695e-02,-1.076528739490527353e-01,1.163644682459537699e-01,-7.919934726784922177e-03,-5.046235941026593172e-05,2.485076133167887086e-02,1.625658621802668902e-01,-3.338576356843425685e-03,-6.776509237429007015e-03,7.069128832626336845e-03,-2.979851106088560186e-04,-4.051882998901135124e-06,-3.338697618131991618e-03,1.087545241895362426e-02,-1.227723865312867702e+00,-6.863237227875584878e-02,-1.977310813766161246e+00,4.772539338119350383e-01,1.576797810095013297e+00,3.367125071859833341e-01
5.880000000000000782e+00,1.969908286478254042e-02,-1.084599796314752729e-01,1.174318733068656501e-01,-8.209477644467541579e-03,-3.960852964168280402e-05,1.969939937892455084e-02,1.624725495080764359e-01,-3.335031252388542811e-03,-6.765260687710661358e-03,7.065421471945665388e-03,-2.969393172844725370e-04,-4.031949116356514651e-06,-3.335152384914330526e-03,1.086382975053849266e-02,-1.227392527135714895e+00,-7.006774393140968726e-02,-1.975759287522881769e+00,4.771483346822447125e-01,1.576797137263554305e+00,3.370438506704056536e-01
5.893333333333333535e+00,1.345576706478398415e-02,-1.070540835221507753e-01,1.161041845660919641e-01,-8.335343360388795461e-03,-2.644031098182874620e-05,1.345598491429728961e-02,1.592870312293688528e-01,-3.331489912342000537e-03,-6.754006257543743175e-03,7.061729787669612790e-03,-2.958923936402513277e-04,-4.011990724972491762e-06,-3.331610916242233600e-03,1.085221879888831689e-02,-1.227129872697517721e+00,-7.151387699316291702e-02,-1.974193529212123543e+00,4.770388749803187167e-01,1.576796609149825557e+00,3.373065093287914706e-01
5.906666666666667176e+00,6.127348434013017708e-03,-1.034393386670761500e-01,1.123706784292841515e-01,-8.282571806349498314e-03,-1.097599077577511363e-05,6.127450578839675407e-03,1.532010356367322079e-01,-3.327952332707440064e-03,-6.742820733487420171e-03,7.057983781585175365e-03,-2.948577779045002956e-04,-3.992295356525232819e-06,-3.328073208118453863e-03,1.084062090288415853e-02,-1.226950462469987180e+00,-7.294126477345841408e-02,-1.972645473417909079e+00,4.769277370688467244e-01,1.576796256612345459e+00,3.374859224609823016e-01
5.920000000000000817e+00,-2.281767718697015612e-03,-9.762134672499107879e-02,1.062229578566452337e-01,-8.037290593768623564e-03,6.765211801677801663e-06,-2.281798289971700977e-03,1.445276972259315063e-01,-3.324418509491167129e-03,-6.731778841100322097e-03,7.054113885678781060e-03,-2.938488245973758239e-04,-3.973148570146634029e-06,-3.324539256549297050e-03,1.082903743136128666e-02,-1.226868764490866903e+00,-7.432045595568625984e-02,-1.971147197705518606e+00,4.768173027780955309e-01,1.576796110265801687e+00,3.375676218020333685e-01
5.933333333333333570e+00,-1.329950546266350439e-02,-8.874844265593123671e-02,9.672214195554641736e-02,-7.526572696923129920e-03,2.999105732593451788e-05,-1.329970995127162381e-02,1.328226943887487466e-01,-3.320888438704372447e-03,-6.720956449264736676e-03,7.050049819388615191e-03,-2.928790236982337092e-04,-3.954838715181097086e-06,-3.321009057545953880e-03,1.081746980558157163e-02,-1.226899188060449619e+00,-7.562207391201969386e-02,-1.969730891600763423e+00,4.767101389035119929e-01,1.576796200468625564e+00,3.375371978248336013e-01
5.946666666666667211e+00,-2.354638798064957045e-02,-8.135211954209500829e-02,8.879250063187162090e-02,-7.098135193722620619e-03,5.156538986484059784e-05,-2.354675436316400541e-02,1.251460895619375402e-01,-3.317362116362687630e-03,-6.710461888057572821e-03,7.045691385259011952e-03,-2.919676067349996629e-04,-3.937777102613893021e-06,-3.317482607123611871e-03,1.080592007635182081e-02,-1.227076514799951834e+00,-7.680538648076540298e-02,-1.968441263041356137e+00,4.766097846008863215e-01,1.576796600349389621e+00,3.373598683588165947e-01
5.959999999999999964e+00,-2.981586059219176743e-02,-7.855022632448935282e-02,8.584659848617773314e-02,-7.009382152228491730e-03,6.472878967247592240e-05,-2.981632625225678554e-02,1.239633454263063123e-01,-3.313839538485296998e-03,-6.700247061182995623e-03,7.041084327254587549e-03,-2.911057882357681592e-04,-3.921774831994184751e-06,-3.313959901301455346e-03,1.079438742397761768e-02,-1.227390466639693756e+00,-7.789008140799325020e-02,-1.967257363032931083e+00,4.765151427983034260e-01,1.576797287887920618e+00,3.370459116339743488e-01
5.973333333333333606e+00,-3.211858091193204451e-02,-8.033284382066339935e-02,8.789833205038034836e-02,-7.283993384991009450e-03,6.952758668760637435e-05,-3.211908330170296089e-02,1.276549361333512433e-01,-3.310320701096713947e-03,-6.690149480674811855e-03,7.036380450101020756e-03,-2.902644243620855491e-04,-3.906207024506613834e-06,-3.310440936103997700e-03,1.078286886419302718e-02,-1.227788011447589644e+00,-7.893741775898632795e-02,-1.966112741719782120e+00,4.764216843696069681e-01,1.576798150938449439e+00,3.366483606172776533e-01
5.986666666666667247e+00,-3.046186604594066510e-02,-8.668736688633713050e-02,9.495739048036264118e-02,-7.944956962293296676e-03,6.601304871003187765e-05,-3.046234257620658581e-02,1.358330294207295563e-01,-3.306805600224116404e-03,-6.680005090455853889e-03,7.031732388085742969e-03,-2.894142145639655439e-04,-3.890445572807266217e-06,-3.306925707558860950e-03,1.077136133561193941e-02,-1.228216259193082083e+00,-8.000852234326183421e-02,-1.964940763959110326e+00,4.763245644578071314e-01,1.576799077972938612e+00,3.362201061732550400e-01
6.000000000000000000e+00,-2.921743041600371668e-02,-9.436687238056892801e-02,1.034956149091784960e-01,-8.756219025645340867e-03,6.338979758517254823e-05,-2.921788756367253367e-02,1.462889862293416110e-01,-3.303294231900899547e-03,-6.669653695284605277e-03,7.027288601781478405e-03,-2.885266622456583718e-04,-3.873879594884499511e-06,-3.303414211698108005e-03,1.075986182002724306e-02,-1.228622417407027934e+00,-8.116435390174636666e-02,-1.963674665419372189e+00,4.762186316983099132e-01,1.576799958146921199e+00,3.358139416055720972e-01
6.013333333333333641e+00,-3.059860896399553901e-02,-9.898747881929736980e-02,1.087130925033587409e-01,-9.338788287246534495e-03,6.626307381787406711e-05,-3.059908829663893909e-02,1.535475622640446181e-01,-3.299786592164011267e-03,-6.659054655188789695e-03,7.023086118054688853e-03,-2.875946623190905882e-04,-3.856356707743202605e-06,-3.299906444559130847e-03,1.074836951264486994e-02,-1.229011983145908093e+00,-8.242257886682047285e-02,-1.962294723887249903e+00,4.761018821113012223e-01,1.576800803344221791e+00,3.354243697713896744e-01
6.026666666666667282e+00,-3.135054170652712413e-02,-1.015976891886851141e-01,1.117408387300341394e-01,-9.749329819310238732e-03,6.778490887229274774e-05,-3.135103328894895541e-02,1.576987738343872125e-01,-3.296282677052175814e-03,-6.648317670353787179e-03,7.019022554429987792e-03,-2.866378681121162231e-04,-3.838298068714607325e-06,-3.296402402181097813e-03,1.073688640852844128e-02,-1.229419964598761350e+00,-8.374241191774434157e-02,-1.960845215987205181e+00,4.759773649341378920e-01,1.576801686851872830e+00,3.350163819274345478e-01
6.040000000000000036e+00,-3.147910760220168358e-02,-1.022022412156774751e-01,1.125717733470061876e-01,-9.975698355934139658e-03,6.797444998404744330e-05,-3.147960156665046555e-02,1.587423099631530277e-01,-3.292782482612111039e-03,-6.637512765490072297e-03,7.015032650638630685e-03,-2.856688063190837568e-04,-3.819972023588746879e-06,-3.292902080609394488e-03,1.072541377527872451e-02,-1.229837971821515108e+00,-8.509704777359328176e-02,-1.959355338137471314e+00,4.758473738698802968e-01,1.576802590650657976e+00,3.345983681502486817e-01
6.053333333333333677e+00,-3.099038055977472797e-02,-1.008060812738886536e-01,1.111984247701986728e-01,-1.000530843497884903e-02,6.685111552803127476e-05,-3.099086710844504988e-02,1.566777070629228052e-01,-3.289286004892311155e-03,-6.626707849944679651e-03,7.011053402682598801e-03,-2.846995687937337038e-04,-3.801637730838081097e-06,-3.289405475893403263e-03,1.071395285819031276e-02,-1.230257693256211038e+00,-8.645974432313563440e-02,-1.957854381159511270e+00,4.757143645584678282e-01,1.576803496976658003e+00,3.341786401293598274e-01
6.066666666666667318e+00,-3.984709775387359348e-02,-1.066666059970585168e-01,1.178455991223353178e-01,-1.081706905810391264e-02,8.534643212325621021e-05,-3.984772539251298790e-02,1.689911203371911586e-01,-3.285793239946599442e-03,-6.615969727846060522e-03,7.007023135300549654e-03,-2.837419904055948905e-04,-3.783548975899719835e-06,-3.285912584085171062e-03,1.070250490383923420e-02,-1.230670898330341378e+00,-8.780382540678743908e-02,-1.956371735495908704e+00,4.755809604460012885e-01,1.576804388324864803e+00,3.337654285679141353e-01
6.080000000000000071e+00,-4.907103459682941177e-02,-1.138532383361633982e-01,1.259895477843464562e-01,-1.179575702968361194e-02,1.045337039908015230e-04,-4.907180950136220271e-02,1.838235179890624071e-01,-3.282305279028729927e-03,-6.605057791232216147e-03,7.003163716009286333e-03,-2.827534923288688162e-04,-3.764792650073900404e-06,-3.282424496758640231e-03,1.069106602222132628e-02,-1.231202192967059794e+00,-8.922604682008161703e-02,-1.954800460840944165e+00,4.754367328585598074e-01,1.576805526277293090e+00,3.332341255626807275e-01
6.093333333333333712e+00,-4.428388732104302644e-02,-1.101583830779210849e-01,1.220961086715063593e-01,-1.158988787397975846e-02,9.432443123271532187e-05,-4.428458681648169554e-02,1.763486626511961697e-01,-3.278821022699496268e-03,-6.593933643403548928e-03,6.999509809045179054e-03,-2.817274273825276509e-04,-3.745225337858926196e-06,-3.278940114154860197e-03,1.067963475038783035e-02,-1.231856473428350807e+00,-9.074408999789707053e-02,-1.953120600203819501e+00,4.752794560981641325e-01,1.576806920060013439e+00,3.325798347693291745e-01
6.106666666666667354e+00,-2.557681215169495606e-02,-9.559905322648017123e-02,1.061075226880048572e-01,-1.012597197093840010e-02,5.509678169178563713e-05,-2.557721422385681939e-02,1.476783359199737022e-01,-3.275340467102871855e-03,-6.582950561633271747e-03,6.995735909498090876e-03,-2.807262596822290845e-04,-3.726186260433195230e-06,-3.275459432416916172e-03,1.066821774236628197e-02,-1.232446925259297998e+00,-9.221286843893583551e-02,-1.951492652088199442e+00,4.751249242598443168e-01,1.576808177719096093e+00,3.319893736117762728e-01
6.120000000000000107e+00,8.146167423869230678e-03,-7.020491538766046591e-02,7.799154196446671239e-02,-7.347936255180996350e-03,-1.296731610237536402e-05,8.146620701573549506e-03,1.058212198497930773e-01,-3.271863608385938704e-03,-6.572467924295111175e-03,6.991512670878385904e-03,-2.798131752914656545e-04,-3.709031939358453656e-06,-3.271982447693666529e-03,1.065682193821504246e-02,-1.232787949421320528e+00,-9.348752248195557613e-02,-1.950077885119026133e+00,4.749899113002316042e-01,1.576808912342851698e+00,3.316483440887916245e-01
6.133333333333333748e+00,4.814616742386923498e-02,-3.770728041375817630e-02,4.186839124036662724e-02,-3.657257132901220540e-03,-1.015620238319781536e-04,4.814662070157355034e-02,8.845528558784647444e-02,-3.252917988030290530e-03,-6.562880864452669272e-03,6.986479503640730115e-03,-2.790573413840036210e-04,-3.695248572910259099e-06,-3.253032212121365063e-03,1.063597112446172666e-02,-1.232679333855668968e+00,-9.442358802045758281e-02,-1.949037997892833163e+00,4.748919388168291178e-01,1.576808739445303864e+00,3.317569656981458337e-01
6.146666666666667389e+00,8.234811366659230969e-02,-1.254671496325593209e-02,1.384950968357776327e-02,-7.560713018954459035e-04,-1.711014695928568421e-04,8.234942824730276389e-02,1.179511341678189384e-01,-3.265148595628541983e-03,-6.554508204873243926e-03,6.980346669668957560e-03,-2.785143253518640449e-04,-3.686030390248618005e-06,-3.265267191314702444e-03,1.063426379374550999e-02,-1.232037384956684134e+00,-9.492635175930752567e-02,-1.948479752676294918e+00,4.748431753883903816e-01,1.576807385284986651e+00,3.323989206408333175e-01
6.160000000000000142e+00,1.006039378066343332e-01,1.787367693312375818e-03,-2.124542709164057869e-03,9.013139505182444578e-04,-2.101451635109978066e-04,1.006055395631903632e-01,1.423066821545043159e-01,-3.261681461259158255e-03,-6.547135031808259953e-03,6.973312819576360511e-03,-2.781460011833658541e-04,-3.680559072627431760e-06,-3.261799931013165121e-03,1.062296344216469117e-02,-1.230939410107796173e+00,-9.509364129215081007e-02,-1.948295092547180474e+00,4.748330944376983886e-01,1.576805103932058749e+00,3.334969130174640917e-01
6.173333333333333783e+00,1.040842888810260269e-01,5.360418214860751193e-03,-6.105212596402784415e-03,1.306286503409808883e-03,-2.183344011511706450e-04,1.040859422918697236e-01,1.474285736663029367e-01,-3.258218008505231467e-03,-6.540356653266687914e-03,6.965749055259706779e-03,-2.778811685097970496e-04,-3.677305385529905379e-06,-3.258336352460755592e-03,1.061168680728392238e-02,-1.229598024270374346e+00,-9.506980972290657306e-02,-1.948323419783302590e+00,4.748451119570384904e-01,1.576802301996545808e+00,3.348383202116398394e-01
6.186666666666667425e+00,9.275670065685416577e-02,-1.753363616161537778e-03,1.826496782627461688e-03,4.663652704217873912e-04,-1.951361818579421946e-04,9.275817163138241894e-02,1.312042296204836700e-01,-3.254758233456556127e-03,-6.533734124802847987e-03,6.958057234963899162e-03,-2.776427279185256225e-04,-3.674614554860511362e-06,-3.254876451747712451e-03,1.060042513110676619e-02,-1.228210233751960700e+00,-9.499833748004160583e-02,-1.948404822617921361e+00,4.748625291104171531e-01,1.576799390871197026e+00,3.362261327755313722e-01
6.200000000000000178e+00,7.836751879918216201e-02,-1.672346254647264635e-02,1.850446080996336062e-02,-1.233133406901947655e-03,-1.650993955528776017e-04,7.836876014608902541e-02,1.136079562125636294e-01,-3.251302132208699902e-03,-6.526823708032036819e-03,6.950643566526970574e-03,-2.773527407295972580e-04,-3.670816127065990031e-06,-3.251420224968271100e-03,1.058916950268294979e-02,-1.226973477743202645e+00,-9.502171566159045568e-02,-1.948380469327486431e+00,4.748687473140229542e-01,1.576796789055438630e+00,3.374629083972831012e-01
6.213333333333333819e+00,7.383609363224892530e-02,-2.455263749734916748e-02,2.722945740742809331e-02,-2.108132669104393394e-03,-1.558557659629616410e-04,7.383726160725197218e-02,1.106908026788021027e-01,-3.247849700860783173e-03,-6.519315221028776364e-03,6.943792017395367111e-03,-2.769567173235287783e-04,-3.664744260056806979e-06,-3.247967668221996007e-03,1.057791371863086791e-02,-1.225928577492546800e+00,-9.524469516221012455e-02,-1.948133743183353639e+00,4.748523055352640299e-01,1.576794587730164565e+00,3.385078251992310605e-01
6.226666666666667460e+00,7.387972083002655732e-02,-2.053016041081045379e-02,2.276039104743578928e-02,-1.686536190234640305e-03,-1.564281263278138379e-04,7.388088764097691663e-02,1.088989920511057724e-01,-3.244400935515479034e-03,-6.511506875103822978e-03,6.937229402117495169e-03,-2.765070704429106740e-04,-3.657522762878784306e-06,-3.244518777611560267e-03,1.056666374160989373e-02,-1.224944096244116709e+00,-9.557206366217485538e-02,-1.947770683751254506e+00,4.748241970996760486e-01,1.576792509653285101e+00,3.394923220206611525e-01
6.240000000000000213e+00,7.853340149755333455e-02,-4.671506909858128692e-03,5.098553386084470410e-03,4.463509852892894139e-05,-1.670030930408555512e-04,7.853463943533482705e-02,1.112790764150146522e-01,-3.240955832279901472e-03,-6.503865922156126800e-03,6.930527935903540993e-03,-2.760858790535891671e-04,-3.650908884100800833e-06,-3.241073549244077867e-03,1.055542886877981583e-02,-1.223959033299716337e+00,-9.584579913431889864e-02,-1.947467211870621995e+00,4.748017099504728833e-01,1.576790423944934183e+00,3.404774005225408295e-01
6.253333333333333854e+00,8.784089858205203216e-02,2.301206265935281867e-02,-2.574608701641429784e-02,3.079834261332180332e-03,-1.878059921992232084e-04,8.784228011290819149e-02,1.289737427300600425e-01,-3.237514387265605365e-03,-6.496868631072683087e-03,6.923252008165015070e-03,-2.757767250129994352e-04,-3.646690097447446988e-06,-3.237631979230659596e-03,1.054421863957085911e-02,-1.222911921279749015e+00,-9.590808589311716759e-02,-1.947399231158807531e+00,4.748023050851197802e-01,1.576788197237027234e+00,3.415245290483452933e-01
6.266666666666667496e+00,1.060085861101404126e-01,5.788287232682125943e-02,-6.458368118674452651e-02,6.912610068466282578e-03,-2.280144650256644219e-04,1.060102487594395820e-01,1.733358246990459595e-01,-3.234076596587698305e-03,-6.491036351158108175e-03,6.914924872297945058e-03,-2.756710870217560228e-04,-3.646820651237447919e-06,-3.234194063686857135e-03,1.053304369227076390e-02,-1.221740709298654970e+00,-9.560125839099242739e-02,-1.947742512319026398e+00,4.748433695419373990e-01,1.576785693157130908e+00,3.426957594498505344e-01
6.280000000000000249e+00,1.212336378757897237e-01,8.485095680656386252e-02,-9.454705129318009826e-02,9.800214242574014495e-03,-2.622301135031058551e-04,1.212355338211625055e-01,2.136131839483643158e-01,-3.230642456366616955e-03,-6.486758694527416935e-03,6.905189460884031405e-03,-2.758374904265892269e-04,-3.652761416006455875e-06,-3.230759798731774879e-03,1.052191232968140849e-02,-1.220327261483853176e+00,-9.482948675996816235e-02,-1.948603628068183102e+00,4.749355376761834613e-01,1.576782652964263676e+00,3.441092294333096824e-01
6.293333333333333890e+00,1.234015042508415233e-01,1.010503687137322970e-01,-1.124303942253878363e-01,1.137283087210948229e-02,-2.683377761174674425e-04,1.234034288007020003e-01,2.311655712713410471e-01,-3.227211962725462513e-03,-6.483753089388422097e-03,6.894302162613552554e-03,-2.762267615290525669e-04,-3.663455577118668316e-06,-3.227329180488958116e-03,1.051081927205759110e-02,-1.218710812978842650e+00,-9.369814066921389184e-02,-1.949864255418758852e+00,4.750662071994176117e-01,1.576779156562750472e+00,3.457257032175919953e-01
6.306666666666666643e+00,1.124130129149648050e-01,1.065299393252916171e-01,-1.183303528338596061e-01,1.168444927518987042e-02,-2.456148567289920129e-04,1.124147619799452102e-01,2.253021332335451432e-01,-3.223785111791777069e-03,-6.481542100312154275e-03,6.882697478006516434e-03,-2.767555469436189242e-04,-3.677117248468420030e-06,-3.223902205086393025e-03,1.049975502575191920e-02,-1.217065459588831500e+00,-9.235080241969750858e-02,-1.951363327341764098e+00,4.752178449443791308e-01,1.576775578725735372e+00,3.473710822682680721e-01
6.320000000000000284e+00,8.815486060671282043e-02,1.013181505581683267e-01,-1.123436324767041888e-01,1.080511133311340237e-02,-1.933579591500752669e-04,8.815623031763457351e-02,1.963314737916837249e-01,-3.220361899697987695e-03,-6.479606997398690282e-03,6.870848992072353667e-03,-2.773329766858623202e-04,-3.691803843075547320e-06,-3.220478868656506677e-03,1.048870892104754315e-02,-1.215566619416631911e+00,-9.093040322869372361e-02,-1.952941065379548924e+00,4.753736376013817377e-01,1.576772303860979108e+00,3.488699457613337884e-01
6.333333333333333925e+00,5.796441145308967036e-02,9.829959850813509148e-02,-1.087995986282722510e-01,1.012270934791209553e-02,-1.275920796751563592e-04,5.796531243628869762e-02,1.682928985244310227e-01,-3.216942322580074176e-03,-6.477415421597410017e-03,6.859244909453110495e-03,-2.778653528752172974e-04,-3.705517053642637393e-06,-3.217059167333502501e-03,1.047766967173153867e-02,-1.214391221275209043e+00,-8.957949455458491528e-02,-1.954438980479238364e+00,4.755177057524897499e-01,1.576769725754857632e+00,3.500453621655688075e-01
6.346666666666666679e+00,3.654118719830978801e-02,1.024958845528466944e-01,-1.132497019229029012e-01,1.021600552594304975e-02,-8.078733940938977827e-05,3.654175655852411747e-02,1.615729957809828587e-01,-3.213526376578457189e-03,-6.475077568556031338e-03,6.847784685141355965e-03,-2.783719601451295489e-04,-3.718671030661369059e-06,-3.213643097258689352e-03,1.046663953325551073e-02,-1.213618362455834543e+00,-8.826883324114298546e-02,-1.955889641794281930e+00,4.756526752104619504e-01,1.576768024527128276e+00,3.508182329980527037e-01
6.360000000000000320e+00,2.383556500026400710e-02,1.035077961123549856e-01,-1.141803851935888625e-01,1.005112263473047218e-02,-5.293665402099503810e-05,2.383593799570842692e-02,1.580770008145333250e-01,-3.210114057837110124e-03,-6.472950482460326782e-03,6.836139935744611762e-03,-2.789158191447427271e-04,-3.732611817852671265e-06,-3.210230654576484710e-03,1.045562615322161680e-02,-1.213131146626523771e+00,-8.690222144710491037e-02,-1.957399637819920546e+00,4.757888886174743703e-01,1.576766947362602700e+00,3.513054564188329287e-01
6.373333333333333961e+00,1.988059109549178069e-02,1.013145565515866237e-01,-1.115893797373631174e-01,9.647082026560421797e-03,-4.423983232317331562e-05,1.988090293288976435e-02,1.536241692961662630e-01,-3.206705362504447265e-03,-6.470876745488407522e-03,6.824455119277317294e-03,-2.794691977152652385e-04,-3.746750179445257345e-06,-3.206821835433970591e-03,1.044462618608595419e-02,-1.212813339093187004e+00,-8.552211749894000903e-02,-1.958922042955835163e+00,4.759229035859373624e-01,1.576766241540548563e+00,3.516232689254423782e-01
6.386666666666666714e+00,2.471464805980477103e-02,9.590696365508025178e-02,-1.054874299090590439e-01,9.023894029723882396e-03,-5.485165114401278696e-05,2.471503422895263147e-02,1.470674129920600814e-01,-3.203300286732435609e-03,-6.468697025177494453e-03,6.812877145470075391e-03,-2.800038906256574478e-04,-3.760486332105017482e-06,-3.203416635984002170e-03,1.043363615397387666e-02,-1.212548264545247223e+00,-8.417125674491865439e-02,-1.960409901352333284e+00,4.760515313462914122e-01,1.576765651676117486e+00,3.518883476312142378e-01
6.400000000000000355e+00,2.524915641725684542e-02,8.826420720516175988e-02,-9.695052333544938727e-02,8.192045582877607521e-03,-5.597378076428112287e-05,2.524955060014750369e-02,1.361328274067714894e-01,-3.199898826678371222e-03,-6.466253274543198870e-03,6.801552438505886755e-03,-2.804917840482090696e-04,-3.773221744829413637e-06,-3.200015052382987335e-03,1.042265252701356400e-02,-1.212218735904449840e+00,-8.289249722951774757e-02,-1.961816400417787376e+00,4.761718499333542631e-01,1.576764920320768759e+00,3.522178814209335762e-01
6.413333333333333997e+00,1.989813268473224900e-02,8.275180490644895581e-02,-9.077434553761282165e-02,7.538620719932964155e-03,-4.413242408697231657e-05,1.989844429910104379e-02,1.262400869096279299e-01,-3.196500978502214707e-03,-6.463439332553555516e-03,6.790580060619166858e-03,-2.809138549180190125e-04,-3.784550896224203598e-06,-3.196617080791330778e-03,1.041167286024497797e-02,-1.211882080485553015e+00,-8.171564113344897962e-02,-1.963109074062260095e+00,4.762810772077927801e-01,1.576764174003692176e+00,3.525545420956022191e-01
6.426666666666666750e+00,2.100719061225675074e-02,8.057172034494311519e-02,-8.827910885064582658e-02,7.246953117808531582e-03,-4.658474172616208450e-05,2.100751914499902201e-02,1.233699379771464461e-01,-3.193106738369699826e-03,-6.460362311752732012e-03,6.779861863195790761e-03,-2.812889379892880015e-04,-3.794875165219480095e-06,-3.193222717373433994e-03,1.040069939553183234e-02,-1.211616772049756596e+00,-8.061228373469653263e-02,-1.964319398669428285e+00,4.763815921507252860e-01,1.576763585571370641e+00,3.528198546862570950e-01
6.440000000000000391e+00,2.860460912109544576e-02,8.172992467155136553e-02,-8.945333726350661319e-02,7.299953786775018050e-03,-6.343812741399292867e-05,2.860505429431929592e-02,1.279509526272969711e-01,-3.189716102447892609e-03,-6.457183772287766743e-03,6.769248745823297497e-03,-2.816456514658227661e-04,-3.804804626472702012e-06,-3.189831958298139369e-03,1.038973562405945579e-02,-1.211336676174926463e+00,-7.953799413009710051e-02,-1.965496453454103509e+00,4.764782181922959658e-01,1.576762964441480896e+00,3.530999549415239080e-01
6.453333333333334032e+00,4.271922247322196969e-02,8.622831273389806872e-02,-9.428174816296241989e-02,7.680386637810801553e-03,-9.482471608199475178e-05,4.271988415145431400e-02,1.415389972935464369e-01,-3.186329066910964514e-03,-6.454063628630102301e-03,6.758592535836882575e-03,-2.820124394453671357e-04,-3.814945018554283251e-06,-3.186444799738286093e-03,1.037878506098398150e-02,-1.210955281386645099e+00,-7.844826180114328196e-02,-1.966689164617617003e+00,4.765755509094531384e-01,1.576762118599781992e+00,3.534813556654481381e-01
6.466666666666666785e+00,6.423376773993723365e-02,9.116414044299855912e-02,-9.957955226319782638e-02,8.133194006693099040e-03,-1.427896625454065497e-04,6.423475877221881958e-02,1.629270944867098891e-01,-3.182945627934863353e-03,-6.451162770575447070e-03,6.747743582573129117e-03,-2.824180335534443032e-04,-3.825907556542773591e-06,-3.183061237870266069e-03,1.036785131289421139e-02,-1.210385691753668835e+00,-7.729855096469151476e-02,-1.967946254593123223e+00,4.766779560646239311e-01,1.576760854270234269e+00,3.540509541208010091e-01
6.480000000000000426e+00,8.147780559983890114e-02,9.384504895712070249e-02,-1.023927336867285071e-01,8.347820148577026270e-03,-1.815415791282292747e-04,8.147905916536431203e-02,1.806608814105082061e-01,-3.179565781701754190e-03,-6.448504104755503619e-03,6.736679958994962192e-03,-2.828666467395990480e-04,-3.837780586657402182e-06,-3.179681268875356182e-03,1.035693496451416118e-02,-1.209529241517136366e+00,-7.608302909211817067e-02,-1.969273981956632502e+00,4.767863986513800612e-01,1.576758950408066795e+00,3.549074175710971168e-01
6.493333333333334068e+00,8.772583058404809231e-02,9.584239594077459401e-02,-1.044345431372650790e-01,8.414147771972531331e-03,-1.960501538178304295e-04,8.772717725089294871e-02,1.885604782514606892e-01,-3.176189524395578445e-03,-6.445979065007989561e-03,6.725502023924523343e-03,-2.833390145409175886e-04,-3.850151861328754421e-06,-3.176304888937941939e-03,1.034603363823720541e-02,-1.208442870775805256e+00,-7.483176177268990870e-02,-1.970639218405788817e+00,4.768977029200276441e-01,1.576756529853678757e+00,3.559938050266353571e-01
6.506666666666666821e+00,8.293561845572136604e-02,9.719235548276985992e-02,-1.057481425098565214e-01,8.338797747297408205e-03,-1.859450517494562244e-04,8.293688937556052687e-02,1.856217610085993674e-01,-3.172816852206050697e-03,-6.443554644387283759e-03,6.714240121931780436e-03,-2.838293133020641790e-04,-3.862895638473418103e-06,-3.172932094247293833e-03,1.033514662322518318e-02,-1.207273193034684722e+00,-7.355386316014644876e-02,-1.972031678980952440e+00,4.770098915569871423e-01,1.576753915851627497e+00,3.571635007233138204e-01
6.520000000000000462e+00,6.706275352506278764e-02,9.793161042891326828e-02,-1.063771633897137719e-01,8.128319037840257139e-03,-1.508436638797664060e-04,6.706378044159727603e-02,1.731119784813177631e-01,-3.169447761325994151e-03,-6.441199286685517222e-03,6.702923371894708993e-03,-2.843319519927334227e-04,-3.875892141458336937e-06,-3.169562880996235066e-03,1.032427322527439476e-02,-1.206167384788608521e+00,-7.225796508704274146e-02,-1.973441654214417085e+00,4.771210755269512660e-01,1.576751436584270749e+00,3.582693259149878351e-01
6.533333333333334103e+00,4.767262193465082731e-02,9.916653639334654935e-02,-1.075348639427275987e-01,7.926097502246504806e-03,-1.075841172910794015e-04,4.767335250193087404e-02,1.612637929613736365e-01,-3.166082247952228812e-03,-6.438883033888842533e-03,6.691579528767199747e-03,-2.848415985985397469e-04,-3.889028226566892954e-06,-3.166197245382029735e-03,1.031341277037885022e-02,-1.205273214741607646e+00,-7.095221028132403518e-02,-1.974860016392946616e+00,4.772294531141225704e-01,1.576749425335418842e+00,3.591635096542091787e-01
6.546666666666666856e+00,3.562075928551290682e-02,1.008418941903149457e-01,-1.091735342548124932e-01,7.804697895859675702e-03,-8.063754074530811661e-05,3.562130597884395622e-02,1.571196485133252996e-01,-3.162720308286459669e-03,-6.436630388052755336e-03,6.680185531913629404e-03,-2.853626766192718378e-04,-3.902399224653407828e-06,-3.162835183605050560e-03,1.030256583217098107e-02,-1.204637579782478873e+00,-6.962998979607926131e-02,-1.976293814578849561e+00,4.773351344141527619e-01,1.576747990880521755e+00,3.597991543542349291e-01
6.560000000000000497e+00,2.874822429509704680e-02,1.018329312484778648e-01,-1.100720417348698688e-01,7.663667079884869428e-03,-6.525578558518233918e-05,2.874866620695573291e-02,1.555554001588154156e-01,-3.159361938533500336e-03,-6.434463247662947083e-03,6.668720649184223248e-03,-2.858991620495743291e-04,-3.916091277922362224e-06,-3.159476691870999332e-03,1.029173293834148573e-02,-1.204162636325338598e+00,-6.828543120687502466e-02,-1.977749461702247080e+00,4.774391970527642748e-01,1.576746915713311381e+00,3.602741051006193018e-01
6.573333333333334139e+00,2.707696827007389714e-02,1.021324063052403558e-01,-1.102269564570485805e-01,7.507020904753058596e-03,-6.155408251726778599e-05,2.707738452960709724e-02,1.552537164222327348e-01,-3.156007134903493494e-03,-6.432347850217290386e-03,6.657216238323826474e-03,-2.864450288275754986e-04,-3.929977403061002406e-06,-3.156121766388686467e-03,1.028091332271087975e-02,-1.203779326668070748e+00,-6.692765879022877229e-02,-1.979217088925378620e+00,4.775413792804958923e-01,1.576746045636170379e+00,3.606574206500452462e-01
6.586666666666666892e+00,3.063061136534054804e-02,1.017365883935337084e-01,-1.096387843847139582e-01,7.339171151830354949e-03,-6.963414115389234427e-05,3.063108124131653717e-02,1.558889419813003496e-01,-3.152655893608802273e-03,-6.430249895641004798e-03,6.645704310538569359e-03,-2.869941257483965558e-04,-3.943927560090543238e-06,-3.152770403371363273e-03,1.027010618670330493e-02,-1.203418300424469845e+00,-6.556589337282536789e-02,-1.980686781678139274e+00,4.776414728925590936e-01,1.576745224915070409e+00,3.610184524437731746e-01
6.600000000000000533e+00,3.419633215941018933e-02,1.013391262652002661e-01,-1.090507539447420904e-01,7.173189264956619966e-03,-7.776714100940044789e-05,3.419685571835247989e-02,1.566906513300922177e-01,-3.149308210867118873e-03,-6.428134840093857605e-03,6.634217261512809216e-03,-2.875402282525030273e-04,-3.957809700860792645e-06,-3.149422599035389680e-03,1.025931070573720370e-02,-1.203009892272931980e+00,-6.420940552757814501e-02,-1.982148632136602195e+00,4.777393285079170049e-01,1.576744296459855477e+00,3.614268668603242141e-01
6.613333333333334174e+00,3.427920656278298644e-02,1.014056873696131261e-01,-1.089580305510202685e-01,7.014101139868386854e-03,-7.804825268581222465e-05,3.427973095694314409e-02,1.566982243544743636e-01,-3.145964082899688208e-03,-6.426002582994527756e-03,6.622755227992271898e-03,-2.880833079776934369e-04,-3.971622892784409942e-06,-3.146078349603342872e-03,1.024852685830567739e-02,-1.202553941177473273e+00,-6.285821717737549719e-02,-1.983602642189198795e+00,4.778349710314495624e-01,1.576743259564642230e+00,3.618828249365688698e-01
6.626666666666666927e+00,3.436238797596680161e-02,1.014726261241491040e-01,-1.088653490685643072e-01,6.854677531240890680e-03,-7.833071978209314430e-05,3.436291320648702380e-02,1.567065229387663017e-01,-3.142623505931307903e-03,-6.423876110326798283e-03,6.611296591983339965e-03,-2.886275148723527195e-04,-3.985454915422792510e-06,-3.142737651299576385e-03,1.023775517772905659e-02,-1.202096885089969591e+00,-6.150614134578047398e-02,-1.985055415929878997e+00,4.779284923799811402e-01,1.576742218921273420e+00,3.623398880159949265e-01
6.640000000000000568e+00,3.444587791468149696e-02,1.015399433762181475e-01,-1.087727084195975885e-01,6.694916538708193046e-03,-7.861455043183128888e-05,3.444640398280447713e-02,1.567155497650054574e-01,-3.139286476191660569e-03,-6.421755411115892542e-03,6.599841327916688982e-03,-2.891728512937064011e-04,-3.999305802082631089e-06,-3.139400500353772827e-03,1.022699565500381769e-02,-1.201638719916956699e+00,-6.015317299745870372e-02,-1.986506953917459795e+00,4.780198880803978589e-01,1.576741174511676391e+00,3.627980601920812731e-01
6.653333333333333321e+00,3.452967790433992407e-02,1.016076399719019752e-01,-1.086801075347394036e-01,6.534816255265582692e-03,-7.889975284483752771e-05,3.453020481117517748e-02,1.567253075401749685e-01,-3.135952989914425615e-03,-6.419640474235155381e-03,6.588389410294492876e-03,-2.897193195838809743e-04,-4.013175586958794838e-06,-3.136066892998723432e-03,1.021624828115258281e-02,-1.201179441544760973e+00,-5.879930708577596477e-02,-1.987957256696387676e+00,4.781091536342474413e-01,1.576740126317670132e+00,3.632573455785186312e-01
6.666666666666666963e+00,3.484316870313014514e-02,1.023502241466923701e-01,-1.093078067494418493e-01,6.416149587127219570e-03,-7.971793737251913294e-05,3.484369991061841976e-02,1.577753724713126526e-01,-3.132623043336835167e-03,-6.417531288505529119e-03,6.576940813596721114e-03,-2.902669220845588427e-04,-4.027064300693439236e-06,-3.132736825471660325e-03,1.020551304722679131e-02,-1.200719045839369725e+00,-5.744453855281728138e-02,-1.989406324796850978e+00,4.781962845176508381e-01,1.576739074320965273e+00,3.637177483093343433e-01
6.680000000000000604e+00,3.515868091831407527e-02,1.030945718443517095e-01,-1.099337027204993489e-01,6.293897651459140659e-03,-8.054335765481702200e-05,3.515921644471771412e-02,1.588264232343320204e-01,-3.129296632699674063e-03,-6.415461305832259598e-03,6.565463821916139864e-03,-2.908217481976116403e-04,-4.041101136387226234e-06,-3.129410294014256522e-03,1.019479076719829840e-02,-1.200254470256661321e+00,-5.607986889752814008e-02,-1.990863762220176802e+00,4.782818331788125654e-01,1.576738011415133478e+00,3.641823309748093429e-01
6.693333333333333357e+00,3.513044429852808792e-02,1.028275534981904910e-01,-1.094792439144038343e-01,6.108636936009947255e-03,-8.057277968394276177e-05,3.513097895390893816e-02,1.583188755093767885e-01,-3.125973754248612124e-03,-6.413430626216687358e-03,6.553958187457631368e-03,-2.913838432574422654e-04,-4.055286980886307902e-06,-3.126087294870849576e-03,1.018408145082830632e-02,-1.199785687844417081e+00,-5.470527460626994909e-02,-1.992329544923116869e+00,4.783657518141652965e-01,1.576736937503698144e+00,3.646511205274056699e-01
6.706666666666666998e+00,3.475502532710227077e-02,1.015463726818462004e-01,-1.079481269574136398e-01,5.866872465685154039e-03,-7.979448703591004402e-05,3.475555388704967830e-02,1.562522025112804969e-01,-3.122654404233315972e-03,-6.411388976830689757e-03,6.542471485027512301e-03,-2.919440665172245986e-04,-4.069427859576535411e-06,-3.122767824291106109e-03,1.017338385472343378e-02,-1.199317281920436740e+00,-5.333424055962732169e-02,-1.993789268175308882e+00,4.784472003066455592e-01,1.576735863199969501e+00,3.651195335801245001e-01
6.720000000000000639e+00,3.402902987202946483e-02,9.924823244977906689e-02,-1.053439877444504597e-01,5.575005877061251815e-03,-7.819694243352906537e-05,3.402954707839293130e-02,1.526258141730664486e-01,-3.119338578906116766e-03,-6.409286024382065960e-03,6.531051584073743754e-03,-2.924932200381036296e-04,-4.083328702719768444e-06,-3.119451878528245459e-03,1.016269670342564123e-02,-1.198853881582742087e+00,-5.198028892386918898e-02,-1.995228576534741061e+00,4.785254252728545765e-01,1.576734799273475929e+00,3.655829409652850970e-01
6.733333333333333393e+00,3.092862307797531948e-02,1.008038803379792681e-01,-1.068294712848447264e-01,5.474374944851105075e-03,-7.121434103515435318e-05,3.092909327914997869e-02,1.533529282905354840e-01,-3.116026274526007001e-03,-6.407071645831763362e-03,6.519746390300618089e-03,-2.930220984036502330e-04,-4.096794401498016214e-06,-3.116139453839039675e-03,1.015201869786719856e-02,-1.198400161184448365e+00,-5.065697915787215067e-02,-1.996633163038000314e+00,4.785997586845489593e-01,1.576733756647576534e+00,3.660366682596638555e-01
6.746666666666667034e+00,2.805175154428949519e-02,1.030413971128448514e-01,-1.090288436715341897e-01,5.401621583072865711e-03,-6.473123792370614170e-05,2.805217820001798534e-02,1.552669489738457975e-01,-3.112717487352867352e-03,-6.404936405477457129e-03,6.508374669111027799e-03,-2.935655123974534320e-04,-4.110563220471874502e-06,-3.112830546484701699e-03,1.014135459224931729e-02,-1.197987779543408626e+00,-4.931292742003234864e-02,-1.998057555988465017e+00,4.786727503504804027e-01,1.576732807123029545e+00,3.664490561700524118e-01
6.760000000000000675e+00,2.872477214675064200e-02,9.948855507218819227e-02,-1.051079855782187794e-01,5.066083735985856332e-03,-6.628555983774830971e-05,2.872520861576099982e-02,1.504047238811336840e-01,-3.109412213651907564e-03,-6.402914319284747080e-03,6.496903673426146497e-03,-2.941297498368911079e-04,-4.124768687052693394e-06,-3.109525152731329456e-03,1.013070527827219548e-02,-1.197613756189484846e+00,-4.793904212519439767e-02,-1.999511273904085451e+00,4.787447719715878236e-01,1.576731944039857503e+00,3.668230852127192243e-01
6.773333333333333428e+00,3.295549708538263872e-02,9.012730983797841156e-02,-9.508518109589357559e-02,4.503517780366180813e-03,-7.592890178549941901e-05,3.295599669342820504e-02,1.391279036946505288e-01,-3.106110449692778275e-03,-6.400718422762352589e-03,6.485607145582328315e-03,-2.946622223696238052e-04,-4.138296256339657475e-06,-3.106223268846353136e-03,1.012006346060729221e-02,-1.197230759227528196e+00,-4.661252805756532780e-02,-2.000912713711795021e+00,4.788123197547342613e-01,1.576731060232392956e+00,3.672060879942629086e-01
6.786666666666667069e+00,4.074666302215123465e-02,7.493852758266064673e-02,-7.897298174268982396e-02,3.743573560195413100e-03,-9.371082139507325105e-05,4.074727895343292078e-02,1.232362332102725222e-01,-3.102812191748682835e-03,-6.398066276693814558e-03,6.474755846934243664e-03,-2.951109133011442509e-04,-4.150043517725521269e-06,-3.102924891103420180e-03,1.010942181380715225e-02,-1.196791352599723135e+00,-4.541083059305872638e-02,-2.002180516126407017e+00,4.788723666584724370e-01,1.576730047847036076e+00,3.676455012835084801e-01
6.800000000000000711e+00,4.948012357150190915e-02,5.887386312665202764e-02,-6.199859248881481322e-02,3.006247681902648582e-03,-1.137312063067305552e-04,4.948086957919529960e-02,1.105244170892864253e-01,-3.099517436096377310e-03,-6.394688778411872221e-03,6.464608949285466366e-03,-2.954260315393142378e-04,-4.158955375643813568e-06,-3.099630015779730741e-03,1.009877328433198690e-02,-1.196248063759427716e+00,-4.441165022528981154e-02,-2.003233489216309504e+00,4.789222809726085828e-01,1.576728798369417817e+00,3.681887983362210903e-01
6.813333333333333464e+00,5.582855474410611946e-02,4.664622646142826956e-02,-4.910207140638828821e-02,2.464482786136295428e-03,-1.284069325018525535e-04,5.582939472290215921e-02,1.040515394560486556e-01,-3.096226179017058655e-03,-6.390566135032749173e-03,6.455187453642707851e-03,-2.956035387011723969e-04,-4.164946612039699403e-06,-3.096338639156037686e-03,1.008811721317351764e-02,-1.195588328778474319e+00,-4.362666538360127078e-02,-2.004060137116160156e+00,4.789623642750338028e-01,1.576727281953333559e+00,3.688485432639438955e-01
6.826666666666667105e+00,6.073867756534161860e-02,3.564893363821072803e-02,-3.752499503369819550e-02,1.992472408372125952e-03,-1.398603741952623200e-04,6.073958966952536925e-02,1.003067591673256487e-01,-3.092938416795032452e-03,-6.385892668442139097e-03,6.446306651024968914e-03,-2.956789143793159269e-04,-4.168769511370129521e-06,-3.093050757517534777e-03,1.007745846181595274e-02,-1.194843948048552873e+00,-4.300471569744868106e-02,-2.004714831401578579e+00,4.789952240455157551e-01,1.576725569860900400e+00,3.695929351935824947e-01
6.840000000000000746e+00,6.420792458242909062e-02,2.588863205209907328e-02,-2.726471635745306155e-02,1.581397108066658064e-03,-1.480641866911593010e-04,6.420888702154112226e-02,9.829317127413306210e-02,-3.089654145720377443e-03,-6.380735980750618097e-03,6.437902650972660012e-03,-2.956644284526355193e-04,-4.170684750004483021e-06,-3.089766367152524396e-03,1.006679869631174618e-02,-1.194034099014348316e+00,-4.252939658227239406e-02,-2.005215164668694428e+00,4.790217903442939296e-01,1.576723705055910862e+00,3.704027963891762809e-01
6.853333333333333499e+00,6.623653961693563852e-02,1.737276929337841155e-02,-1.832153044602925773e-02,1.224549107792828606e-03,-1.529928035578134032e-04,6.623753072068745695e-02,9.702424529219985661e-02,-3.086373362085392813e-03,-6.375160485102338015e-03,6.429914282549908933e-03,-2.955718284907149496e-04,-4.170941982017950522e-06,-3.086485464354193908e-03,1.005613952002278044e-02,-1.193177993353249366e+00,-4.218421482157763691e-02,-2.005578694220127023e+00,4.790428756390681109e-01,1.576721730866754712e+00,3.712589148827967200e-01
6.866666666666667140e+00,6.942538785268828616e-02,8.676868171987392117e-03,-9.199122823996945877e-03,8.754546754024598821e-04,-1.606536731156713233e-04,6.942642469576468245e-02,9.899806592570019326e-02,-3.083096062187262731e-03,-6.369227754802420094e-03,6.422282841404669540e-03,-2.954123884597592564e-04,-4.169780783325194307e-06,-3.083208045418839305e-03,1.004548247392247733e-02,-1.192294839491690128e+00,-4.195257789766593248e-02,-2.005822981292740614e+00,4.790592029605051927e-01,1.576719690962707254e+00,3.721420819590726126e-01
6.880000000000000782e+00,7.353291193653824220e-02,-8.829308741937927450e-04,8.235925918202396771e-04,4.998184425147535366e-04,-1.705024337765981117e-04,7.353400788629024798e-02,1.040003664172823583e-01,-3.079822242326279991e-03,-6.362937470959284525e-03,6.415008892581397504e-03,-2.951859959132718814e-04,-4.167199723070780237e-06,-3.079934106647197467e-03,1.003482753387368101e-02,-1.191369167653654193e+00,-4.183688632203930169e-02,-2.005945636263727128e+00,4.790708756895103448e-01,1.576717548913732614e+00,3.730677676216829219e-01
6.893333333333333535e+00,7.583882830898203142e-02,-1.021201755548560922e-02,1.060610733417937171e-02,1.200487130619057590e-04,-1.762126915874642167e-04,7.583995638147088270e-02,1.082591665456857505e-01,-3.076551898807178276e-03,-6.356262077696683832e-03,6.408119060536954237e-03,-2.948875317421162379e-04,-4.163091559483689252e-06,-3.076663644344002080e-03,1.002417399333094435e-02,-1.190388728827833642e+00,-4.184865873369503220e-02,-2.005934655029169456e+00,4.790775399354103570e-01,1.576715275547948991e+00,3.740482210601667745e-01
6.906666666666667176e+00,7.634478003634140308e-02,-1.930119361092461072e-02,2.014296295096367276e-02,-2.675545970997975369e-04,-1.777474119910323177e-04,7.634591346175742532e-02,1.115150310584304000e-01,-3.073285027938688074e-03,-6.349219781166315357e-03,6.401595883450905689e-03,-2.945203465483103855e-04,-4.157528311399261156e-06,-3.073396654817983631e-03,1.001352231060281296e-02,-1.189377544450380464e+00,-4.198481896776806721e-02,-2.005793240264713617e+00,4.790791405849179618e-01,1.576712926045394703e+00,3.750594204785864250e-01
6.920000000000000817e+00,7.505468673382148515e-02,-2.814042866477197216e-02,2.942746332085173500e-02,-6.662711515460871666e-04,-1.750729957012978543e-04,7.505579900021537576e-02,1.136877867451522306e-01,-3.070021626033980766e-03,-6.341828630495704999e-03,6.395421924239919065e-03,-2.940877862513957552e-04,-4.150581900397298796e-06,-3.070133134380537143e-03,1.000287294071626303e-02,-1.188359614049895985e+00,-4.224216821591353366e-02,-2.005524667425367280e+00,4.790755731902898162e-01,1.576710556079901515e+00,3.760773659914100620e-01
6.933333333333333570e+00,7.869440568494623367e-02,-3.698882696643886886e-02,3.872574718431621293e-02,-1.041703395756579794e-03,-1.839997640706791341e-04,7.869556939818343755e-02,1.235102341760626887e-01,-3.066761689408892266e-03,-6.334106523442351033e-03,6.389579781293619476e-03,-2.935931901610899786e-04,-4.142324051770174265e-06,-3.066873079348830800e-03,9.992226333327790602e-03,-1.187358884893445099e+00,-4.261737393144393593e-02,-2.005132301247755766e+00,4.790666895749358112e-01,1.576708221773292173e+00,3.770781099780795564e-01
6.946666666666667211e+00,8.347601517433170248e-02,-4.602737412543082829e-02,4.823704268172203380e-02,-1.433499912043576484e-03,-1.956940567775624696e-04,8.347724676884164807e-02,1.355880544561860745e-01,-3.063505214383255293e-03,-6.326061106832536751e-03,6.384061801182561169e-03,-2.930380249459574316e-04,-4.132786839861068984e-06,-3.063616486042253229e-03,9.981582677350931548e-03,-1.186309626150979124e+00,-4.311055829099652570e-02,-2.004615957951964678e+00,4.790528001963259008e-01,1.576705768443104283e+00,3.781273842367220972e-01
6.960000000000000853e+00,8.080110779473792526e-02,-5.504913173312925984e-02,5.776014700438430322e-02,-1.899502662964915566e-03,-1.898068759931441168e-04,8.080229762900194290e-02,1.393847765953619422e-01,-3.060252197282231634e-03,-6.317693545391911414e-03,6.378866454167742006e-03,-2.924225805616131879e-04,-4.121977628557260687e-06,-3.060363350786410308e-03,9.970941995605149197e-03,-1.185196612615321277e+00,-4.372425661266898800e-02,-2.003972797382874926e+00,4.790336868641653645e-01,1.576703159189014158e+00,3.792404141936400741e-01
6.973333333333333606e+00,7.069951736445473367e-02,-6.401168239914982461e-02,6.725423799159715998e-02,-2.441303323107443714e-03,-1.662231522910555368e-04,7.070055711559938838e-02,1.364683338195156470e-01,-3.057002634433203525e-03,-6.309012969833105444e-03,6.373984463061699302e-03,-2.917486354805376436e-04,-4.109935313856283301e-06,-3.057113669908240183e-03,9.960304505607180808e-03,-1.184119264511391378e+00,-4.445824503577755493e-02,-2.003202662089483166e+00,4.790083601619925524e-01,1.576700628430667273e+00,3.803177781620266096e-01
6.986666666666667247e+00,5.320788368958044579e-02,-7.287742220064358234e-02,7.668330179822130388e-02,-3.060412312936049237e-03,-1.248823088629662779e-04,5.320866627570471075e-02,1.298578846815526266e-01,-3.053756522168882270e-03,-6.300030000931045038e-03,6.369405035115072167e-03,-2.910182601967292726e-04,-4.096704633749226332e-06,-3.053867439739565981e-03,9.949670454890841009e-03,-1.183176604279865263e+00,-4.531173413443267961e-02,-2.002305938916261852e+00,4.789758094510179198e-01,1.576698412121969817e+00,3.812604522569014165e-01
7.000000000000000888e+00,2.810639729476700072e-02,-8.408090151130594159e-02,8.861839557957362778e-02,-3.881668927626651285e-03,-6.517028000243965181e-05,2.810681274967833862e-02,1.285217963098773120e-01,-3.050513856825087800e-03,-6.290756439807587697e-03,6.365116171171525394e-03,-2.902337582728620191e-04,-4.082334714716751023e-06,-3.050624656616651720e-03,9.939040111782784098e-03,-1.182467165830670908e+00,-4.628343309710780673e-02,-2.001283494892285741e+00,4.789350039535120729e-01,1.576696747024518785e+00,3.819699011405774947e-01
7.013333333333333641e+00,8.002152123051751303e-03,-9.525945827665835419e-02,1.005640398281003461e-01,-4.711118134496422930e-03,-1.720511836420792959e-05,8.002274125256952572e-03,1.390602612451870279e-01,-3.047274634741192756e-03,-6.281123468913740737e-03,6.361182948988908237e-03,-2.893826246639363831e-04,-4.066562003579576867e-06,-3.047385316879314132e-03,9.928411723518461990e-03,-1.182092413866740577e+00,-4.740451178392524056e-02,-2.000101916284557912e+00,4.788832483678104879e-01,1.576695878087452485e+00,3.823446586439063211e-01
7.026666666666667282e+00,-5.832375825516288026e-04,-1.028062474512669161e-01,1.087027614232110168e-01,-5.317640755655671930e-03,3.315836963944625138e-06,-5.832408201326142252e-04,1.497143029445604234e-01,-3.044038852261898853e-03,-6.271144736001321718e-03,6.357591235364612459e-03,-2.884675768211053537e-04,-4.049442852149809369e-06,-3.044149416870034486e-03,9.917785577589212712e-03,-1.181985718505099925e+00,-4.867463789428061460e-02,-1.998761062420183254e+00,4.788204334593504363e-01,1.576695648685873863e+00,3.824513556322433061e-01
7.040000000000000036e+00,2.296600920963193931e-03,-1.067504854675398462e-01,1.130464447461396876e-01,-5.682772932592862307e-03,-3.517356331630970589e-06,2.296639681829783664e-03,1.556213599333040876e-01,-3.040806505733684162e-03,-6.260945825195651793e-03,6.354219933268900888e-03,-2.875118859511083258e-04,-4.031466286136264898e-06,-3.040916952937955386e-03,9.907164732840976692e-03,-1.181993495006200545e+00,-5.004538786029755215e-02,-1.997311692267873751e+00,4.787495315826082454e-01,1.576695692897033041e+00,3.824435790879747721e-01
7.053333333333333677e+00,1.657973961472710908e-02,-1.071204957396147267e-01,1.136024463892301578e-01,-5.784989871825334945e-03,-3.756985813123333461e-05,1.657998664018464630e-02,1.579986318773392018e-01,-3.037577591508799912e-03,-6.250643457411442228e-03,6.350956891400638682e-03,-2.865371028577534673e-04,-4.013085614484879216e-06,-3.037687921433551708e-03,9.896552036782290188e-03,-1.181962873660587610e+00,-5.146872766653132203e-02,-1.995804406337925219e+00,4.786737612768403594e-01,1.576695645998948514e+00,3.824742009503991902e-01
7.066666666666667318e+00,3.057964480211717781e-02,-1.167392398256909825e-01,1.239886581420754919e-01,-6.425711809372992855e-03,-7.092095717807382681e-05,3.058009570332031329e-02,1.758203321417629028e-01,-3.034352105943050049e-03,-6.240348859793076741e-03,6.347695742703329813e-03,-2.855636645193726508e-04,-3.994731505141402295e-06,-3.034462318712627393e-03,9.885950230744441902e-03,-1.181741810465724685e+00,-5.289700094305960221e-02,-1.994289707052735450e+00,4.785966280785491911e-01,1.576695145067507298e+00,3.826952674389350051e-01
7.080000000000000071e+00,3.691416003477818175e-02,-1.287405606376141320e-01,1.369748123264350748e-01,-7.319805735328323813e-03,-8.603535105340358985e-05,3.691470278345033995e-02,1.952310646795165361e-01,-3.031130045394014871e-03,-6.229782917074100368e-03,6.344701906213501275e-03,-2.845405695546254776e-04,-3.975331142491711489e-06,-3.031240141133206834e-03,9.875352285203059521e-03,-1.181334081868363084e+00,-5.445352414073534320e-02,-1.992636524944174425e+00,4.785109519210908324e-01,1.576694199454744982e+00,3.831030020483128240e-01
7.093333333333333712e+00,4.354346602134294419e-02,-1.269225476050725443e-01,1.352928645611258529e-01,-7.428177786600046600e-03,-1.020269162657816604e-04,4.354410464050833401e-02,1.956036886373399009e-01,-3.027911406226380109e-03,-6.218887032398257020e-03,6.342029848691588256e-03,-2.834573513732507877e-04,-3.954665743322038907e-06,-3.028021385059087578e-03,9.864756622704175248e-03,-1.180841893067899440e+00,-5.617006494923693083e-02,-1.990810194113155296e+00,4.784133545112863040e-01,1.576693052316731070e+00,3.835951980854255261e-01
7.106666666666667354e+00,5.049403660890149081e-02,-1.113220805710729844e-01,1.188709645842275370e-01,-6.641915074073255314e-03,-1.189726752448166166e-04,5.049477543799941320e-02,1.779505861575085279e-01,-3.024696184806163757e-03,-6.208065671629903193e-03,6.339294513555415733e-03,-2.823879949378493848e-04,-3.934293753005135841e-06,-3.024806046857175801e-03,9.854173298795820476e-03,-1.180261313520948097e+00,-5.786236558397117591e-02,-1.989006289252340354e+00,4.783143121407982257e-01,1.576691691957847752e+00,3.841757861472991920e-01
7.120000000000000107e+00,5.780432483825001522e-02,-8.196903085986752269e-02,8.764212248108695091e-02,-4.871719966397243529e-03,-1.369946240601086125e-04,5.780516869596921681e-02,1.452810847083307044e-01,-3.021484377504712882e-03,-6.197724474039212339e-03,6.336112187787179550e-03,-2.814062230589442493e-04,-3.915766943585197168e-06,-3.021594122897486301e-03,9.843612649579959115e-03,-1.179588059699496094e+00,-5.934665999158550420e-02,-1.987421343057883982e+00,4.782257532731439831e-01,1.576690105655511154e+00,3.848490498198060550e-01
7.133333333333333748e+00,6.457457526901359823e-02,-5.257811582581309318e-02,5.624650670665599234e-02,-2.986549148161964269e-03,-1.538346758161155715e-04,6.457551586133120081e-02,1.194861663178919120e-01,-3.018275980696927263e-03,-6.188319115337570508e-03,6.332054071469084278e-03,-2.805944175929830919e-04,-3.900817739932449513e-06,-3.018385609555807036e-03,9.833086609221415933e-03,-1.178817335368319341e+00,-6.043958040305019708e-02,-1.986252781424802771e+00,4.781607970069252644e-01,1.576688279060523890e+00,3.856197854024188132e-01
7.146666666666667389e+00,7.114088957652722756e-02,-3.242079871249464729e-02,3.466664673702452709e-02,-1.641093760601563872e-03,-1.702065088292494086e-04,7.114192346080708274e-02,1.112555894666665823e-01,-3.015070990760371217e-03,-6.179918462891897946e-03,6.327058151749831438e-03,-2.799644869622142096e-04,-3.889694596637127688e-06,-3.015180503208814145e-03,9.822597357804883564e-03,-1.177956341031399123e+00,-6.114062194739444678e-02,-1.985502828002047249e+00,4.781209763516165445e-01,1.576686227931513251e+00,3.864807922805697515e-01
7.160000000000000142e+00,7.861272390232540430e-02,-1.242885142805038624e-02,1.322620583632294101e-02,-2.683145579003271388e-04,-1.888845311208119657e-04,7.861386360012885544e-02,1.126481977139284774e-01,-3.011869404078826307e-03,-6.172249639962767986e-03,6.321384132247143128e-03,-2.794665297742859877e-04,-3.881346010814468173e-06,-3.011978800239845100e-03,9.812138053038075430e-03,-1.177007795837045512e+00,-6.157289926356090959e-02,-1.985040606045553657e+00,4.780990951014754131e-01,1.576683958511395645e+00,3.874293512600472944e-01
7.173333333333333783e+00,8.699833827518341223e-02,7.401166537340225955e-03,-8.058919974561488259e-03,1.112488454618724412e-03,-2.099231621698939847e-04,8.699959625797618057e-02,1.235258910806135979e-01,-3.008671217037406365e-03,-6.165337745338117514e-03,6.315009286461226168e-03,-2.791049120434152542e-04,-3.875861666724489396e-06,-3.008780497034901913e-03,9.801709491103059724e-03,-1.175959626185014484e+00,-6.173861728260154891e-02,-1.984864256634402579e+00,4.780955175740366769e-01,1.576681440050981209e+00,3.884775361080490264e-01
7.186666666666667425e+00,9.630787994365266891e-02,2.707199389778796803e-02,-2.917261158341168809e-02,2.482497115864347372e-03,-2.333873103601253425e-04,9.630926862994514115e-02,1.419184073509893174e-01,-3.005476426026554293e-03,-6.159207585135551000e-03,6.307910669729466235e-03,-2.788840438725515014e-04,-3.873331768211585313e-06,-3.005585589983983397e-03,9.791312460177366631e-03,-1.174799648341345426e+00,-6.163993506210374562e-02,-1.984971708900730158e+00,4.781103507534316677e-01,1.576678641075485388e+00,3.896375307248218789e-01
7.200000000000000178e+00,1.105966470828125409e-01,5.515687643178830701e-02,-5.929414810703671074e-02,4.412118103503149223e-03,-2.693302055169407845e-04,1.105982366690958368e-01,1.761851430814844743e-01,-3.002285027439821619e-03,-6.153883690770189929e-03,6.300065074251293140e-03,-2.788083883240588534e-04,-3.873847132851437891e-06,-3.002394075480641078e-03,9.780947761535705928e-03,-1.173515543275430062e+00,-6.127897514346658525e-02,-1.985360677055175715e+00,4.781434507149766588e-01,1.576675529244680796e+00,3.909216543065543448e-01
7.213333333333333819e+00,1.244412455354416691e-01,8.333315434027434299e-02,-8.944862802244037125e-02,6.269250011118558848e-03,-3.045747647847192249e-04,1.244430278671820878e-01,2.143748089306448390e-01,-2.999097017675644850e-03,-6.149763299645449877e-03,6.291097018651381489e-03,-2.789501003688243941e-04,-3.878918198196856792e-06,-2.999205949922423287e-03,9.770626274488937793e-03,-1.172040921314325912e+00,-6.054355012437628858e-02,-1.986151265696602941e+00,4.782022789563566967e-01,1.576671938175273624e+00,3.923962974621422184e-01
7.226666666666667460e+00,1.310319258460261316e-01,9.888346066242861832e-02,-1.059829971169538032e-01,7.175480520898600868e-03,-3.222120805271708123e-04,1.310337958848552808e-01,2.353744826159227810e-01,-2.995912393134680940e-03,-6.146916021807058428e-03,6.280938834094307310e-03,-2.793221973749204778e-04,-3.888811868968389263e-06,-2.996021209710875155e-03,9.760350372090224186e-03,-1.170381704707186721e+00,-5.943244139983949736e-02,-1.987343914070235584e+00,4.782858689565050447e-01,1.576667877178409505e+00,3.940555378337045056e-01
7.240000000000000213e+00,1.302754936584464285e-01,1.018137460296860419e-01,-1.089554848121273845e-01,7.190645653097514287e-03,-3.217218704943721331e-04,1.302773463911098550e-01,2.371350599801189951e-01,-2.992731150222915915e-03,-6.144800937825767306e-03,6.270098605282381499e-03,-2.798270630868238129e-04,-3.901475398304654618e-06,-2.992839851251094530e-03,9.750105825321375708e-03,-1.168634612362573044e+00,-5.811399525767368957e-02,-1.988757020698461719e+00,4.783815420301169574e-01,1.576663581017335503e+00,3.958026551121691661e-01
7.253333333333333854e+00,1.220658600759832874e-01,9.211949920319251195e-02,-9.843796272432424332e-02,6.392370351303479012e-03,-3.025421880523704332e-04,1.220675904489244706e-01,2.191290930099015766e-01,-2.989553285349444423e-03,-6.142827928062200016e-03,6.259132494302210858e-03,-2.803578297472242298e-04,-3.914666662829802135e-06,-2.989661870952176059e-03,9.739876658402576992e-03,-1.166897605780460534e+00,-5.675647864394450792e-02,-1.990209760495956770e+00,4.784774173054917590e-01,1.576659291392395801e+00,3.975396863973839068e-01
7.266666666666667496e+00,1.162012383238928415e-01,8.558810405874156535e-02,-9.133683121534966198e-02,5.836890049347845215e-03,-2.890102618838304572e-04,1.162028804616914851e-01,2.066584871734311324e-01,-2.986378794927357916e-03,-6.140397412980114211e-03,6.248608175578596047e-03,-2.808054013287986095e-04,-3.926102404960829517e-06,-2.986487265226767107e-03,9.729646247479375315e-03,-1.165270060979447520e+00,-5.552821865456847306e-02,-1.991522266665614493e+00,4.785626489101759695e-01,1.576655257496555329e+00,3.991672542700364090e-01
7.280000000000000249e+00,1.153036209505692855e-01,8.749178522690249926e-02,-9.324328980628614205e-02,5.820182514126571310e-03,-2.878429388732602371e-04,1.153052452672097550e-01,2.073000374929745426e-01,-2.983207675373300560e-03,-6.137664020148925204e-03,6.238380431521584057e-03,-2.811976757581824415e-04,-3.936369040502540884e-06,-2.983316030492400017e-03,9.719418718867616977e-03,-1.163720711135128871e+00,-5.438704393378523960e-02,-1.992740091081819154e+00,4.786404741108341021e-01,1.576651404026396364e+00,4.007166260095256227e-01
7.293333333333333890e+00,1.107809641380374244e-01,8.467525065734549106e-02,-9.012203741459845485e-02,5.509866743179721305e-03,-2.774967681573192345e-04,1.107825200788689207e-01,1.996684855153778027e-01,-2.980039923107469235e-03,-6.135021526892270316e-03,6.228076194656484432e-03,-2.816063468324969676e-04,-3.946966517176520028e-06,-2.980148163167939401e-03,9.709204959869113805e-03,-1.162183329522454622e+00,-5.322048679742641397e-02,-1.993983334945903074e+00,4.787180765443559416e-01,1.576647566120544575e+00,4.022540292797551764e-01
7.306666666666667531e+00,1.025970527006951072e-01,7.714037720790301034e-02,-8.200087005625675274e-02,4.931190038759649362e-03,-2.577598349614269131e-04,1.025984898189140904e-01,1.837165449737246103e-01,-2.976875534554501712e-03,-6.132250473965150661e-03,6.217903826120974031e-03,-2.819913662119866160e-04,-3.957058229531185134e-06,-2.976983659679355299e-03,9.698998830471660532e-03,-1.160706250000614226e+00,-5.209148345532854663e-02,-1.995184962111431037e+00,4.787915414342651665e-01,1.576643866163635721e+00,4.037311295474732553e-01
7.320000000000000284e+00,9.072101964123271967e-02,6.488836683127478799e-02,-6.890380364945987435e-02,4.105385215244270782e-03,-2.284521920381836686e-04,9.072228759258696429e-02,1.594866061973229943e-01,-2.973714506142588476e-03,-6.129135091661908064e-03,6.208069046766961918e-03,-2.823131882063734110e-04,-3.965819969753425767e-06,-2.973822516453950016e-03,9.688794199932317802e-03,-1.159338289297938251e+00,-5.106294509255659975e-02,-1.996278307045514566e+00,4.788572906347821068e-01,1.576640429365836482e+00,4.050991094117253333e-01
7.333333333333333925e+00,7.274728447958583866e-02,5.304196276815836136e-02,-5.626800755647562435e-02,3.294847636334263547e-03,-1.834825030205746593e-04,7.274829994529966037e-02,1.287435851587757640e-01,-2.970556834304360905e-03,-6.125469070194622390e-03,6.198769334382348006e-03,-2.825338474767846719e-04,-3.972462193413406339e-06,-2.970664729923466751e-03,9.678585154332191090e-03,-1.158128675702721821e+00,-5.019776686813948174e-02,-1.997197024427507461e+00,4.789120291043187372e-01,1.576637383336609410e+00,4.063087399129599042e-01
7.346666666666667567e+00,5.715664307191752058e-02,4.437517984937619508e-02,-4.703173951291485938e-02,2.694553657859196944e-03,-1.442862914626334681e-04,5.715744059170491803e-02,1.035484302559386977e-01,-2.967402515474226732e-03,-6.121283591988824213e-03,6.189976279593167874e-03,-2.826587953652648366e-04,-3.977101597385512832e-06,-2.967510296523645508e-03,9.668372459531580920e-03,-1.157158711909660687e+00,-4.949054069789715626e-02,-1.997947264528260547e+00,4.789559604061364162e-01,1.576634936903236195e+00,4.072787172455640814e-01
7.360000000000000320e+00,5.059126185587556335e-02,3.512765098787046236e-02,-3.721331673024935727e-02,2.148483284859581746e-03,-1.277696915474679611e-04,5.059196730602210507e-02,8.799112480002896364e-02,-2.964251546093255030e-03,-6.116727167673197130e-03,6.181549238085004561e-03,-2.827150583586401922e-04,-3.980304080108965081e-06,-2.964359212694223089e-03,9.658160210105511817e-03,-1.156396623335368412e+00,-4.889887163323880515e-02,-1.998574354388432672e+00,4.789918877882413106e-01,1.576633013086016888e+00,4.080408164534534698e-01
7.373333333333333961e+00,5.306459987578784898e-02,2.527408045010241799e-02,-2.678356921637243052e-02,1.652682467917300762e-03,-1.341342987826919743e-04,5.306533847270790416e-02,8.361022653429932283e-02,-2.961103922604735317e-03,-6.111782414932154239e-03,6.173505417868874190e-03,-2.826993228000063141e-04,-3.982002383384752875e-06,-2.961211474878044925e-03,9.647947866505052206e-03,-1.155722073177290143e+00,-4.843050295340045608e-02,-1.999070531944836082e+00,4.790205342320392745e-01,1.576631309490129418e+00,4.087153760175339379e-01
7.386666666666666714e+00,6.457983437284252337e-02,1.478923375610875952e-02,-1.571254398014013121e-02,1.202264617815270061e-03,-1.635414002605455584e-04,6.458073059993565956e-02,9.385256220192794707e-02,-2.957959641454621647e-03,-6.106432440012188323e-03,6.165861476174150368e-03,-2.826083821299008036e-04,-3.982130899693459014e-06,-2.958067079522397336e-03,9.637734916994074655e-03,-1.155014545178946195e+00,-4.809351521406579621e-02,-1.999427646201054287e+00,4.790425699982781005e-01,1.576629521032812065e+00,4.094229138638367793e-01
7.400000000000000355e+00,7.882093394100607442e-02,1.305937965766388535e-04,-2.454410858503439205e-04,5.699027722516459378e-04,-2.000337769232223310e-04,7.882202440253451015e-02,1.114723878680018571e-01,-2.954818699094641232e-03,-6.100661037490962002e-03,6.158633305136440583e-03,-2.824391775089196699e-04,-3.980626836153078330e-06,-2.954926023077675268e-03,9.627520883501579710e-03,-1.154153480720641722e+00,-4.789632543065103221e-02,-1.999637146787456077e+00,4.790586001931824711e-01,1.576627340480808215e+00,4.102839902718358189e-01
7.413333333333333997e+00,8.697094537432487060e-02,-1.416518711699279141e-02,1.484399400346684064e-02,-8.868727493844851320e-05,-2.212096996688545536e-04,8.697214518813088657e-02,1.246962423697180189e-01,-2.951681091979629912e-03,-6.094315540050132540e-03,6.151967043450667916e-03,-2.821636123679915897e-04,-3.976906532088264612e-06,-2.951788301999602737e-03,9.617301491265706909e-03,-1.153102534934761669e+00,-4.789458418003000872e-02,-1.999640419335267483e+00,4.790661988968123453e-01,1.576624673363782314e+00,4.113349505972028197e-01
7.426666666666666750e+00,9.095062049960687955e-02,-2.229157311245097070e-02,2.342789156939443368e-02,-4.748980481280380868e-04,-2.319196595560890520e-04,9.095187176501558224e-02,1.326284961722894729e-01,-2.948546816566643969e-03,-6.087429767756002974e-03,6.145830489904025029e-03,-2.817878716423471985e-04,-3.971100492883294919e-06,-2.948653912744791938e-03,9.607077702864183846e-03,-1.151942922329770580e+00,-4.808345334158969919e-02,-1.999442499415221342e+00,4.790650163998133593e-01,1.576621723901119765e+00,4.124945791997109978e-01
7.440000000000000391e+00,9.079389057287447218e-02,-2.422004253667187773e-02,2.547450099671508955e-02,-5.831896568578734483e-04,-2.321370946698872624e-04,9.079513641339223562e-02,1.331286671645218189e-01,-2.945415869319401025e-03,-6.080249191306563716e-03,6.139988981599397988e-03,-2.813570615041172118e-04,-3.964148499235875533e-06,-2.945522851776516404e-03,9.596856357508636373e-03,-1.150730247389775807e+00,-4.838067431642256722e-02,-1.999130127527629419e+00,4.790586844258384325e-01,1.576618631638992518e+00,4.137072708232443219e-01
7.453333333333334032e+00,8.653916097812001940e-02,-1.992249219116329004e-02,2.094599664217130369e-02,-4.030347994896825502e-04,-2.218448252287591731e-04,8.654034563102797062e-02,1.257541646521165846e-01,-2.942288246703839150e-03,-6.073006418991333533e-03,6.134220165707304773e-03,-2.809139240955715877e-04,-3.956939830906947009e-06,-2.942395115559826024e-03,9.586643909072954661e-03,-1.149519662182137525e+00,-4.870360821691166464e-02,-1.998790467514339975e+00,4.790509085637468800e-01,1.576615536477730117e+00,4.149178726420896801e-01
7.466666666666666785e+00,8.173027310560178338e-02,-1.549230280841840286e-02,1.627357786916842214e-02,-2.157307119514978065e-04,-2.100353598009542663e-04,8.173138948101492385e-02,1.177488386608448595e-01,-2.939163945188560945e-03,-6.065930866141489020e-03,6.128304947281115744e-03,-2.805005777291036395e-04,-3.950349275250175651e-06,-2.939270700564655669e-03,9.576446727619708152e-03,-1.148365806702429159e+00,-4.896924144612713192e-02,-1.998511187559111058e+00,4.790455347664202002e-01,1.576612578546726873e+00,4.160717439171701670e-01
7.480000000000000426e+00,7.965946028762553588e-02,-1.520047120131576453e-02,1.597165373260315754e-02,-2.198770270252111390e-04,-2.051872589521178450e-04,7.966054594274402101e-02,1.147940359453672871e-01,-2.936042961247053995e-03,-6.059028448784253840e-03,6.122237780670225504e-03,-2.801180879741238527e-04,-3.944398212496480483e-06,-2.936149603264048835e-03,9.566264979121493622e-03,-1.147276069727687808e+00,-4.917580548357269876e-02,-1.998294206520855543e+00,4.790426583569273866e-01,1.576609778075262369e+00,4.171614957769169685e-01
7.493333333333334068e+00,7.845507104950524835e-02,-1.507283409308528971e-02,1.584205915555991773e-02,-2.261174115598883186e-04,-2.025499292773181290e-04,7.845613788708391545e-02,1.130876521419718755e-01,-2.932925291357690867e-03,-6.052144997923836200e-03,6.116165867108946941e-03,-2.797381541221888313e-04,-3.938498947420043805e-06,-2.933031820135933998e-03,9.556094356961121472e-03,-1.146213943590519424e+00,-4.937847843292342276e-02,-1.998081251137754144e+00,4.790397266632338003e-01,1.576607042245143475e+00,4.182236363894871189e-01
7.506666666666666821e+00,7.811473787754184828e-02,-1.511383982047978525e-02,1.588967036497532931e-02,-2.348808364144906475e-04,-2.021387649625117186e-04,7.811579765691721577e-02,1.126276872033152160e-01,-2.929810932000620483e-03,-6.045274341714090838e-03,6.110095086842015633e-03,-2.793596440193724106e-04,-3.932627948621814085e-06,-2.929917347660015992e-03,9.545934677887562766e-03,-1.145167875976526028e+00,-4.957944955416460076e-02,-1.997870023682346785e+00,4.790367117644129813e-01,1.576604341579419533e+00,4.192697182279814250e-01
7.520000000000000462e+00,7.863613092920310188e-02,-1.532782806176313274e-02,1.611925167229943251e-02,-2.465945385591399291e-04,-2.039686470765849236e-04,7.863719526945690819e-02,1.134121887938100148e-01,-2.926699879661320836e-03,-6.038410167223062786e-03,6.104031450478331067e-03,-2.789814003758550598e-04,-3.926761205530482357e-06,-2.926806182322216898e-03,9.535785754291557781e-03,-1.144126346138158778e+00,-4.978096741843751616e-02,-1.997658161410813760e+00,4.790335800199274630e-01,1.576601646395886291e+00,4.203112621967401985e-01
7.533333333333334103e+00,7.858241961809872556e-02,-1.542707123920893271e-02,1.622828089555964845e-02,-2.565323000311494641e-04,-2.043043902148994155e-04,7.858348074742436962e-02,1.133667468721114846e-01,-2.923592130827046276e-03,-6.031546032570833660e-03,6.097981087371806552e-03,-2.786022430005807848e-04,-3.920874275920027685e-06,-2.923698320609346979e-03,9.525647394555027472e-03,-1.143077864392435972e+00,-4.998533845926100838e-02,-1.997443238055183201e+00,4.790302920927467234e-01,1.576598926813925772e+00,4.213597581336663289e-01
7.546666666666666856e+00,7.795516840237912137e-02,-1.540868175387046998e-02,1.621358317027954410e-02,-2.644046054571481605e-04,-2.031361852011873137e-04,7.795621864262808343e-02,1.124926630159375357e-01,-2.920487681990380224e-03,-6.024686224608721830e-03,6.091939891848863198e-03,-2.782229594924245930e-04,-3.914983501829283341e-06,-2.920593759013545565e-03,9.515519707247763886e-03,-1.142030098797528037e+00,-5.019103274245040325e-02,-1.997226860976575757e+00,4.790268716620795786e-01,1.576596202755389697e+00,4.224075378769653888e-01
7.560000000000000497e+00,7.818847240641851881e-02,-1.556543889994092648e-02,1.638323623922662009e-02,-2.754456100148176606e-04,-2.042163815825209631e-04,7.818952330662824746e-02,1.128620824927473870e-01,-2.917386529647458815e-03,-6.017835113492520094e-03,6.085903681746884786e-03,-2.778443522073459349e-04,-3.909105495303322186e-06,-2.917492494031392880e-03,9.505402803560776548e-03,-1.140990696552163008e+00,-5.039648183250200475e-02,-1.997010679867638805e+00,4.790233462673403331e-01,1.576593494272920282e+00,4.234469541255339031e-01
7.573333333333334139e+00,7.927997140289012867e-02,-1.590166346543566908e-02,1.674199987734488818e-02,-2.900984154363202457e-04,-2.075595218990158213e-04,7.928103437147814014e-02,1.144730578588749464e-01,-2.914288670297970896e-03,-6.010986195918555097e-03,6.079878642639702235e-03,-2.774652301114066688e-04,-3.903215618272781740e-06,-2.914394522162133683e-03,9.495296489862678491e-03,-1.139948183586743991e+00,-5.060402101783445517e-02,-1.996792236717782387e+00,4.790196736592067239e-01,1.576590771387832213e+00,4.244894811029555903e-01
7.586666666666666892e+00,8.122723570952716798e-02,-1.642176588753324271e-02,1.729474032023763444e-02,-3.088245909215508642e-04,-2.131803100770754953e-04,8.122832201092540505e-02,1.173236010945949426e-01,-2.911194100445158028e-03,-6.004132847694965136e-03,6.073871070828573693e-03,-2.770843808086453919e-04,-3.897288834764367493e-06,-2.911299839908565446e-03,9.485200568732567172e-03,-1.138891117301372269e+00,-5.081604319737342834e-02,-1.996569010052751114e+00,4.790158056803344166e-01,1.576588003927540171e+00,4.255465615612421537e-01
7.600000000000000533e+00,8.488535727633135519e-02,-1.731113315252645612e-02,1.823702962907469000e-02,-3.357861104921454625e-04,-2.233624856611404882e-04,8.488648939386479741e-02,1.226526281225697596e-01,-2.908102816594926310e-03,-5.997268330044658313e-03,6.067887367083635297e-03,-2.767005717423387523e-04,-3.891299741098919185e-06,-2.908208443777926533e-03,9.475114839152852866e-03,-1.137808087491912090e+00,-5.103500007587369325e-02,-1.996338413515147847e+00,4.790116880191219728e-01,1.576585161523405887e+00,4.266296058547212056e-01
7.613333333333334174e+00,8.796358679921245649e-02,-1.809427102326622433e-02,1.906820621759819021e-02,-3.619085637015320451e-04,-2.320782508995857039e-04,8.796475668116444935e-02,1.271478469770618291e-01,-2.905014815259399086e-03,-5.990379144198865191e-03,6.061940366987705886e-03,-2.763113329722344247e-04,-3.885197434438936170e-06,-2.905120330280563934e-03,9.465038909689795985e-03,-1.136676282728227960e+00,-5.126581518457395958e-02,-1.996095253120093505e+00,4.790072108709821919e-01,1.576582183356930678e+00,4.277614257133062203e-01
7.626666666666666927e+00,8.846535135726671384e-02,-1.834094099858866317e-02,1.933454442423189826e-02,-3.777593240395973732e-04,-2.340061493276768061e-04,8.846652469692256604e-02,1.279173818075831082e-01,-2.901930092952476059e-03,-5.983469364044147198e-03,6.056026158300475970e-03,-2.759174147755061313e-04,-3.878997576034493022e-06,-2.902035495931265530e-03,9.454972882610572157e-03,-1.135503434904238773e+00,-5.150707213155092390e-02,-1.995841010370525526e+00,4.790023854234659595e-01,1.576579088980252230e+00,4.289342891357215137e-01
7.640000000000000568e+00,8.639867790012138726e-02,-1.803667100701907000e-02,1.902005230607532391e-02,-3.818024182890797391e-04,-2.290982872576149195e-04,8.639982086462079380e-02,1.249677667968048800e-01,-2.898848646192497824e-03,-5.976558757576189151e-03,6.050125886685187027e-03,-2.755224406847389673e-04,-3.872775064195366213e-06,-2.898953937247483736e-03,9.444917302180111385e-03,-1.134323896886141991e+00,-5.175161801153205232e-02,-1.995583216444869024e+00,4.789973486324790031e-01,1.576575968898261237e+00,4.301138427983470791e-01
7.653333333333334210e+00,8.177148277281168220e-02,-1.716732759443157647e-02,1.810906775072735134e-02,-3.725042870741731996e-04,-2.173083976751109814e-04,8.177256199359003719e-02,1.183054045417127886e-01,-2.895770471500469512e-03,-5.969667489337915356e-03,6.044220336125061266e-03,-2.751301040326836755e-04,-3.866606077540524211e-06,-2.895875650751111863e-03,9.434872725050435019e-03,-1.133171914514140344e+00,-5.199210695829226125e-02,-1.995329615747454710e+00,4.789922579335685882e-01,1.576572914254430913e+00,4.312658404098752563e-01
7.666666666666666963e+00,7.487578030311350941e-02,-1.578235846006701554e-02,1.665305877067454338e-02,-3.498826457542864509e-04,-1.993577485462278461e-04,7.487676655838806927e-02,1.083488902231986711e-01,-2.892695565402281233e-03,-5.962816182797592290e-03,6.038289870255120206e-03,-2.747441792352312007e-04,-3.860568301927713719e-06,-2.892800632967151842e-03,9.424839722311614126e-03,-1.132081628077169277e+00,-5.222100465955126225e-02,-1.995088161510778280e+00,4.789872912097408175e-01,1.576570016809128560e+00,4.323561412364562706e-01
7.680000000000000604e+00,6.970165781246442926e-02,-1.474758083520479046e-02,1.556544868526081246e-02,-3.334101863082111219e-04,-1.859063167934847877e-04,6.970257421319131508e-02,1.008795817325125049e-01,-2.889623924427375812e-03,-5.956023671132459896e-03,6.032316572153195722e-03,-2.743681102947981287e-04,-3.854732466557209136e-06,-2.889728880425490587e-03,9.414818816294960591e-03,-1.131083284339794659e+00,-5.243143610568568036e-02,-1.994866120727169179e+00,4.789826261077974046e-01,1.576567358705814215e+00,4.333544981239012550e-01
7.693333333333334245e+00,6.795066666589630322e-02,-1.444915673564475984e-02,1.525446532288744252e-02,-3.330824041794631799e-04,-1.815719109197768647e-04,6.795155825438770059e-02,9.836832886882042326e-02,-2.886555545108748788e-03,-5.949277057908375355e-03,6.026312725245119850e-03,-2.739995337766032435e-04,-3.849049655002545478e-06,-2.886660389658235459e-03,9.404809634124400644e-03,-1.130153928902295046e+00,-5.262807051682161230e-02,-1.994658581411365761e+00,4.789781806386468332e-01,1.576564879954923448e+00,4.342838657800771607e-01
7.706666666666666998e+00,6.961407768105493110e-02,-1.490256721848498209e-02,1.573729045157752637e-02,-3.506076827643513625e-04,-1.864048072409987768e-04,6.961498898989867956e-02,1.008080998551496160e-01,-2.883490423982948414e-03,-5.942549241339190047e-03,6.020304115099683884e-03,-2.736334895465653005e-04,-3.843417639259882890e-06,-2.883595157201934711e-03,9.394811399827436224e-03,-1.129247920013416451e+00,-5.282072593996334220e-02,-1.994455188540393831e+00,4.789737395399242814e-01,1.576562458996111360e+00,4.351898865568024632e-01
7.720000000000000639e+00,7.468311496875050526e-02,-1.612327066990887001e-02,1.703108835763409226e-02,-3.877236991915306019e-04,-2.004547643067504327e-04,7.468409002037453004e-02,1.081919096010748038e-01,-2.880428557590519745e-03,-5.935812628572456617e-03,6.014316976192368713e-03,-2.732649308705425995e-04,-3.837732589495601587e-06,-2.880533179596689308e-03,9.384823321534160878e-03,-1.128319732311002355e+00,-5.301942683620985974e-02,-1.994245358001039525e+00,4.789690647708209070e-01,1.576559973598681275e+00,4.361180864100009380e-01
7.733333333333333393e+00,8.087698305891842521e-02,-1.761776030156357586e-02,1.861528193735909054e-02,-4.334670017866335467e-04,-2.176340666767296456e-04,8.087803592990515378e-02,1.172155814833119314e-01,-2.877369942474672371e-03,-5.929039284630288620e-03,6.008377850369228668e-03,-2.728887516454392426e-04,-3.831889629601903380e-06,-2.877474453386597020e-03,9.374844596119912346e-03,-1.127323957444752445e+00,-5.323440377847532545e-02,-1.994018276822937752e+00,4.789638951214985063e-01,1.576557300868490330e+00,4.371138742769393737e-01
7.746666666666667034e+00,8.478761576871898797e-02,-1.862268659287625444e-02,1.968338597651813487e-02,-4.687836140716657640e-04,-2.287369969458858982e-04,8.478871637870676048e-02,1.229332275303157418e-01,-2.874314575183056775e-03,-5.922219552653373853e-03,6.002495882035496777e-03,-2.725031912493847130e-04,-3.825852807004537226e-06,-2.874418975118864239e-03,9.364874937323346138e-03,-1.126245597670633813e+00,-5.346930724916276745e-02,-1.993770073063773074e+00,4.789581155614746066e-01,1.576554399080934310e+00,4.381922480893383209e-01
7.760000000000000675e+00,8.698826198420442357e-02,-1.925597819373482331e-02,2.035951924390193638e-02,-4.958231281777376832e-04,-2.352676550808939038e-04,8.698938791823267180e-02,1.261733539417325412e-01,-2.871262452267320242e-03,-5.915371510024414192e-03,5.996653844339672190e-03,-2.721115605677226768e-04,-3.819690391537733376e-06,-2.871366741345138252e-03,9.354914844880990454e-03,-1.125115096127050851e+00,-5.371760973706773967e-02,-1.993507627917419534e+00,4.789518651132871341e-01,1.576551349254308398e+00,4.393227643077208810e-01
7.773333333333333428e+00,8.748414814304901477e-02,-1.950846291814718400e-02,2.063348956818224222e-02,-5.135464178576850097e-04,-2.371966459994910255e-04,8.748527728928170988e-02,1.269401076415906937e-01,-2.868213570281774594e-03,-5.908508766662379230e-03,5.990838768479278542e-03,-2.717163517687026797e-04,-3.813453727907756274e-06,-2.868317748619730878e-03,9.344964692586261654e-03,-1.123955252633928037e+00,-5.397435611298417868e-02,-1.993236167660834113e+00,4.789452541382446249e-01,1.576548212352240519e+00,4.404826228132971977e-01
7.786666666666667069e+00,8.628075911410509891e-02,-1.937060589868792176e-02,2.049467196984688239e-02,-5.208491693528385967e-04,-2.344937580079991754e-04,8.628186967688586395e-02,1.252378083945060727e-01,-2.865167925786060721e-03,-5.901645134690713945e-03,5.985037504254719920e-03,-2.713200920601011035e-04,-3.807194776328515218e-06,-2.865271993500950742e-03,9.335024860702610672e-03,-1.122788797325354082e+00,-5.423446895189298900e-02,-1.992961054466591664e+00,4.789384068526731930e-01,1.576545049730293968e+00,4.416490931771543949e-01
7.800000000000000711e+00,8.621084414447094391e-02,-1.949116529353485047e-02,2.062922615379855426e-02,-5.350955273651820943e-04,-2.348701638649164066e-04,8.621195070601098132e-02,1.251823553064075889e-01,-2.862125515342039961e-03,-5.894794674707437565e-03,5.979236677224886165e-03,-2.709253519466159332e-04,-3.800966272393679901e-06,-2.862229472551103271e-03,9.325095737418171923e-03,-1.121638387203832465e+00,-5.449274369720891187e-02,-1.992687792173660322e+00,4.789314621970817143e-01,1.576541923146853819e+00,4.427995181061796792e-01
7.813333333333333464e+00,8.727072521401685323e-02,-1.987647839152116222e-02,2.104423199931640745e-02,-5.570367153956027944e-04,-2.383457168158531166e-04,8.727184214583008637e-02,1.267708763998253996e-01,-2.859086335515126365e-03,-5.887948078383331563e-03,5.973445116627118523e-03,-2.705304316696910405e-04,-3.794733355100277095e-06,-2.859190182336046604e-03,9.315177047284239897e-03,-1.120488909281906142e+00,-5.475262590112262018e-02,-1.992412735824943049e+00,4.789243275900503249e-01,1.576538791544669138e+00,4.439490107822599008e-01
7.826666666666667105e+00,8.663409343827424558e-02,-1.986669417345376595e-02,2.104113975143473772e-02,-5.679956844881629396e-04,-2.371744996098756495e-04,8.663519910304454119e-02,1.258924852394201210e-01,-2.856050382875174876e-03,-5.881095865624352825e-03,5.967671806685892477e-03,-2.701336015533684076e-04,-3.788460626985568069e-06,-2.856154119425191595e-03,9.305268509373094271e-03,-1.119325299612385916e+00,-5.501764561300959144e-02,-1.992132146064952147e+00,4.789169004338451607e-01,1.576535613601778074e+00,4.451126353442043104e-01
7.840000000000000746e+00,8.430650258361696570e-02,-1.945233289701040966e-02,2.060933406471427906e-02,-5.668252278089156880e-04,-2.313271642618212431e-04,8.430757566040825157e-02,1.225514846929231932e-01,-2.853017653994704972e-03,-5.874252222578313365e-03,5.961903260308432095e-03,-2.697374538631613916e-04,-3.782201205559942991e-06,-2.853121280391057724e-03,9.295370516199493588e-03,-1.118170178366542089e+00,-5.528253486865564170e-02,-1.991851597534933127e+00,4.789093271580520117e-01,1.576532451275117097e+00,4.462677713322449335e-01
7.853333333333333499e+00,8.029331126379014860e-02,-1.862433220616275739e-02,1.973863739752830179e-02,-5.524046846337688855e-04,-2.207759874012740927e-04,8.029433073512495800e-02,1.167519971191686018e-01,-2.849988145452009292e-03,-5.867431603171713306e-03,5.956125748894258720e-03,-2.693446274886213132e-04,-3.776009046774220224e-06,-2.850091661811049448e-03,9.285483468892857459e-03,-1.117046091665427454e+00,-5.554189930728226088e-02,-1.991576806414070200e+00,4.789017694883477283e-01,1.576529366912927443e+00,4.473918723410506004e-01
7.866666666666667140e+00,7.403617490061772943e-02,-1.723908564206482266e-02,1.827624559305038310e-02,-5.195418442650024098e-04,-2.039364301161726524e-04,7.403711293763202972e-02,1.076771471882587983e-01,-2.846961853826268651e-03,-5.860648755001029997e-03,5.950325277892076770e-03,-2.689578126338076913e-04,-3.769939037390201975e-06,-2.847065260265235764e-03,9.275607778091131406e-03,-1.115975514181910100e+00,-5.579022373669761947e-02,-1.991313624582103259e+00,4.788944040925526835e-01,1.576526423233095109e+00,4.484624634175187197e-01
7.880000000000000782e+00,6.891785844877724998e-02,-1.610352905619559169e-02,1.707733333436199999e-02,-4.924535081335085869e-04,-1.901507447440111580e-04,6.891872992971302680e-02,1.002531803881077238e-01,-2.843938775701992938e-03,-5.853923589187459697e-03,5.944482967291886411e-03,-2.685806393576406492e-04,-3.764065151568019019e-06,-2.844042072337682470e-03,9.265744003244485646e-03,-1.114988365183235075e+00,-5.602007821192511727e-02,-1.991069941307529234e+00,4.788874768679622917e-01,1.576523704080694088e+00,4.494496249233539409e-01
7.893333333333333535e+00,6.718454759418172884e-02,-1.577079507086464813e-02,1.672908771505171588e-02,-4.891678176355292564e-04,-1.856934313381041358e-04,6.718539535997829215e-02,9.775732660655578332e-02,-2.840918907667244753e-03,-5.847247101260943936e-03,5.938607371390958178e-03,-2.682114609489083534e-04,-3.758353495530997179e-06,-2.841022094616008076e-03,9.255891878678491544e-03,-1.114069460403918299e+00,-5.623479193267444387e-02,-1.990842243529737710e+00,4.788809108211871113e-01,1.576521168737430756e+00,4.503685413224167711e-01
7.906666666666667176e+00,6.882720133671013651e-02,-1.625612591389159062e-02,1.724863987003270871e-02,-5.115866586588368537e-04,-1.906109112425653925e-04,6.882806771761613984e-02,1.001826422595649552e-01,-2.837902246312751231e-03,-5.840590386344324259e-03,5.932725903208702078e-03,-2.678450030901835532e-04,-3.752696222214524369e-06,-2.838005323691383808e-03,9.246050568161422872e-03,-1.113173666435995912e+00,-5.644506920028602437e-02,-1.990619189026870295e+00,4.788743885836188596e-01,1.576518692825013446e+00,4.512643465938830367e-01
7.920000000000000817e+00,7.383673556935735349e-02,-1.757474089210596391e-02,1.865310112457771452e-02,-5.616432440528650646e-04,-2.049490947529610441e-04,7.383766238469714749e-02,1.075222351526842895e-01,-2.834888788234124490e-03,-5.833924067974116667e-03,5.926866401713581922e-03,-2.674759092644585223e-04,-3.746984005736919698e-06,-2.834991756158533605e-03,9.236219219773713490e-03,-1.112255970418173145e+00,-5.666181754580446039e-02,-1.990389207161936458e+00,4.788675674281699379e-01,1.576516151346196715e+00,4.521820541634511414e-01
7.933333333333333570e+00,8.051910716537621915e-02,-1.932755456833793253e-02,2.051980826355865109e-02,-6.278158761239637344e-04,-2.240497052635619427e-04,8.052011473360608240e-02,1.173110256678052410e-01,-2.831878530028753005e-03,-5.827218473334561111e-03,5.921056965934035077e-03,-2.670987726718365707e-04,-3.741106682220163293e-06,-2.831981388615734119e-03,9.226396971426778851e-03,-1.111271480610581897e+00,-5.689614742436566175e-02,-1.990140499146942021e+00,4.788600788515826601e-01,1.576513418691599888e+00,4.531665563285804943e-01
7.946666666666667211e+00,8.494225992269102687e-02,-2.054876743183609022e-02,2.182366108425011150e-02,-6.787858388470621252e-04,-2.369395565487613709e-04,8.494331955480216578e-02,1.238127456056912351e-01,-2.828871468300242498e-03,-5.820458508690506960e-03,5.915311857757732383e-03,-2.667108479217361605e-04,-3.735008537564254993e-06,-2.828974217665258806e-03,9.216583377856612733e-03,-1.110197892515043527e+00,-5.715384815194335388e-02,-1.989866901703427837e+00,4.788517079732343973e-01,1.576510431362196485e+00,4.542401578583619148e-01
7.960000000000000853e+00,8.683260642024656639e-02,-2.115717956227915544e-02,2.247772747442448871e-02,-7.107720071301896992e-04,-2.427979088292981139e-04,8.683368633620297539e-02,1.266231781609638840e-01,-2.825867599653086870e-03,-5.813663428176241155e-03,5.909612786379803140e-03,-2.663156513271758286e-04,-3.728761530652491274e-06,-2.825970239912933835e-03,9.206778978475839079e-03,-1.109065329049407467e+00,-5.742783171770105000e-02,-1.989575919555637729e+00,4.788426574953832393e-01,1.576507272168109708e+00,4.553727354524257365e-01
7.973333333333333606e+00,8.619846023106936261e-02,-2.113895346421568872e-02,2.246642140013845740e-02,-7.219896781147183782e-04,-2.415833928311527734e-04,8.619952911639570947e-02,1.257485922061057082e-01,-2.822866920697109094e-03,-5.806855084816486823e-03,5.903939014078929404e-03,-2.659171700862827947e-04,-3.722447077691981576e-06,-2.822969451967693999e-03,9.196984388085589768e-03,-1.107907560963804272e+00,-5.770992744519798379e-02,-1.989276216522645413e+00,4.788331805352883386e-01,1.576504034862658443e+00,4.565305179369083532e-01
7.986666666666667247e+00,8.304835672673217817e-02,-2.048001196844565983e-02,2.177383293964234301e-02,-7.105844779056312999e-04,-2.332544420609073430e-04,8.304938374190669326e-02,1.211953783110855665e-01,-2.819869428046128945e-03,-5.800055611870913452e-03,5.898269557111479600e-03,-2.655194389600268323e-04,-3.716147384036361245e-06,-2.819971850442470895e-03,9.187200230749164101e-03,-1.106758248160723213e+00,-5.799178015805406261e-02,-1.988976664237310343e+00,4.788235540062468765e-01,1.576500813750754126e+00,4.576798449917935940e-01
8.000000000000000000e+00,7.934676059205438003e-02,-1.966591542814347462e-02,2.091547663690863923e-02,-6.925439540786150483e-04,-2.233058190297567531e-04,7.934773931269220593e-02,1.158305099085765871e-01,-2.816875118315742554e-03,-5.793287526770107831e-03,5.892583088879632669e-03,-2.651265589141971191e-04,-3.709945815888460174e-06,-2.816977431953748834e-03,9.177427143129116352e-03,-1.105650936737700096e+00,-5.826484698429990061e-02,-1.988686346464781707e+00,4.788140795465416488e-01,1.576497703691526198e+00,4.587871701083523490e-01
8.013333333333333641e+00,7.732920846817101235e-02,-1.926730591604637263e-02,2.049830816624173199e-02,-6.882272988771711902e-04,-2.180634260831319684e-04,7.733015984155862388e-02,1.129233856508398415e-01,-2.813883988125986946e-03,-5.786556229764538983e-03,5.886874501906724788e-03,-2.647395110262351636e-04,-3.703862158310755603e-06,-2.813986193122008928e-03,9.167665271072714811e-03,-1.104592979929805985e+00,-5.852705919000866785e-02,-1.988407473442956208e+00,4.788048456271538633e-01,1.576494726280605718e+00,4.598451399658549654e-01
8.026666666666667282e+00,7.615320753780306651e-02,-1.907708844493172240e-02,2.030251041532473918e-02,-6.909005308824309405e-04,-2.151755193146802196e-04,7.615414201435667663e-02,1.112448436602178625e-01,-2.810896034101340035e-03,-5.779847023096973402e-03,5.881157707514628186e-03,-2.643556176535888369e-04,-3.697841854943817452e-06,-2.810998130569508646e-03,9.157914181857840924e-03,-1.103561923816896773e+00,-5.878395660222279773e-02,-1.988134162667406279e+00,4.787956692631687439e-01,1.576491818768257502e+00,4.608762087637425786e-01
8.040000000000000924e+00,7.581615217200252110e-02,-1.909953598385145251e-02,2.033292214379930560e-02,-7.011351298253356776e-04,-2.146546111202309666e-04,7.581708005772053172e-02,1.107929430217630684e-01,-2.807911252868944274e-03,-5.773152524721325562e-03,5.875439684116745553e-03,-2.639735347478300298e-04,-3.691857537013731871e-06,-2.808013240925166798e-03,9.148173652563037356e-03,-1.102546547716392489e+00,-5.903831778148838083e-02,-1.987863462528535186e+00,4.787864572560902587e-01,1.576488949761333025e+00,4.618915973239339223e-01
8.053333333333334565e+00,7.631548265722543078e-02,-1.933881525527314862e-02,2.059427032698476698e-02,-7.194990926907364514e-04,-2.165127664971860922e-04,7.631641411692006993e-02,1.115657934107558841e-01,-2.804929641060383005e-03,-5.766465229794626168e-03,5.869727519877798727e-03,-2.635918970730344313e-04,-3.685881462267559527e-06,-2.805031520819234458e-03,9.138443456193974523e-03,-1.101535665687432441e+00,-5.929297826127299942e-02,-1.987592356899951174e+00,4.787771087876926401e-01,1.576486087699851879e+00,4.629024917247033244e-01
8.066666666666666430e+00,7.768513401213321401e-02,-1.612226784366528609e-02,1.715541499006768486e-02,-5.079137914837675511e-04,-2.209020767652926159e-04,7.768607951027582670e-02,1.123594657971077049e-01,-2.801951195309015930e-03,-5.759777526620268873e-03,5.864028397644993618e-03,-2.632093211074604255e-04,-3.679885575813557352e-06,-2.802052966886403595e-03,9.128723362165873725e-03,-1.100518125918669377e+00,-5.955082913134335243e-02,-1.987317766628924787e+00,4.787675154664565724e-01,1.576483200862965006e+00,4.639200439129287368e-01
8.080000000000000071e+00,7.850595196452690716e-02,-1.276242705152703417e-02,1.356123413394704456e-02,-2.883084607007221781e-04,-2.237438052569508439e-04,7.850690474546360986e-02,1.125763669031386166e-01,-2.798975912253531817e-03,-5.753210843678857600e-03,5.858227523914738555e-03,-2.628478898962782750e-04,-3.674317453405961942e-06,-2.799077575763586623e-03,9.119016870262163302e-03,-1.099482324131840993e+00,-5.976579270259207988e-02,-1.987089027762390492e+00,4.787607432825700116e-01,1.576480255501941485e+00,4.649558583063990724e-01
8.093333333333333712e+00,7.801896709589177525e-02,-1.458918171207921124e-02,1.552085083067633424e-02,-4.140195941117849501e-04,-2.227931686817183799e-04,7.801991135664004817e-02,1.123744983408793974e-01,-2.796003788535283974e-03,-5.746770723804583980e-03,5.852319710652587048e-03,-2.625086004099941306e-04,-3.669196853461897945e-06,-2.796105344093025025e-03,9.109324138306541807e-03,-1.098435578105647181e+00,-5.993595839661258751e-02,-1.986908211307271133e+00,4.787568991697606080e-01,1.576477272251205264e+00,4.660026170363384956e-01
8.106666666666667354e+00,7.620620387889513736e-02,-2.160007258755125906e-02,2.303646052033535979e-02,-8.903403456952104032e-04,-2.179687392484415658e-04,7.620712377756888589e-02,1.123075825110502191e-01,-2.793034820800066598e-03,-5.740273339829737864e-03,5.846478690881617979e-03,-2.621580266586320818e-04,-3.663846627866007566e-06,-2.793136268519624821e-03,9.099639832341055098e-03,-1.097395325211035555e+00,-6.013048081944027956e-02,-1.986701266629528728e+00,4.787513789085058313e-01,1.576474301675622414e+00,4.670428825210937163e-01
8.120000000000000995e+00,7.305117255767455686e-02,-3.379155798679006617e-02,3.611173487653515646e-02,-1.726228129025734331e-03,-2.091959751755901730e-04,7.305205222817497124e-02,1.145514144839616527e-01,-2.790069005696338422e-03,-5.733538262952642128e-03,5.840874874886381463e-03,-2.617633805348518194e-04,-3.657603633300254842e-06,-2.790170345692288834e-03,9.089958711501519573e-03,-1.096379242492650619e+00,-6.041848178727438068e-02,-1.986394113822590901e+00,4.787395077038967273e-01,1.576471395425765643e+00,4.680589775047945267e-01
8.133333333333334636e+00,7.736478309262978525e-02,-4.725736536977508812e-02,5.056121675923921227e-02,-2.615338723527415535e-03,-2.219385183969722149e-04,7.736571185718230104e-02,1.294887929874633248e-01,-2.787106339876110894e-03,-5.726395415045715254e-03,5.835668726915432813e-03,-2.612937863859521315e-04,-3.649844453335049366e-06,-2.787207572263028510e-03,9.080275849586387851e-03,-1.095405226858548353e+00,-6.086903589376513324e-02,-1.985912624024237072e+00,4.787164913288428636e-01,1.576468606146097073e+00,4.690330048678368335e-01
8.146666666666666501e+00,8.251610725246182054e-02,-5.728733556287420731e-02,6.135153279729453624e-02,-3.296422827595075176e-03,-2.372164758264439476e-04,8.251709462516493288e-02,1.437871723383687406e-01,-2.784146819995392264e-03,-5.718817800012043762e-03,5.830885306466804252e-03,-2.607444199833608423e-04,-3.640473122956677798e-06,-2.784247944887408011e-03,9.070590472863512138e-03,-1.094373696417313191e+00,-6.149913409869567360e-02,-1.985238474467447167e+00,4.786816201458625741e-01,1.576465646965852230e+00,4.700645476925990884e-01
8.160000000000000142e+00,7.640502865803852628e-02,-6.538163523331425031e-02,7.010463723666564284e-02,-3.950975099773076753e-03,-2.199327903954451059e-04,7.640594065947386992e-02,1.445014641269516675e-01,-2.781190442713743494e-03,-5.710930618002318937e-03,5.826405826188985060e-03,-2.601381335605168488e-04,-3.629953198469593190e-06,-2.781291460225432388e-03,9.060906183464381355e-03,-1.093273481653946888e+00,-6.226296523953411821e-02,-1.984420454030149994e+00,4.786376678414945296e-01,1.576462484079508286e+00,4.711647756209345062e-01
8.173333333333333783e+00,5.908945866813584968e-02,-7.147919411217269758e-02,7.675095565148215560e-02,-4.569620820957010637e-03,-1.700032154087646155e-04,5.909016346330282776e-02,1.341793809185867492e-01,-2.778237204694278262e-03,-5.702803449660009960e-03,5.822164077928349002e-03,-2.594876636115017732e-04,-3.618543405359275766e-06,-2.778338114939771231e-03,9.051224962604281082e-03,-1.092254747938506299e+00,-6.313472037597822606e-02,-1.983485725533661093e+00,4.785849881734973721e-01,1.576459551642303225e+00,4.721835214963943095e-01
8.186666666666667425e+00,3.062975119935208018e-02,-7.553767582180775930e-02,8.123836989976596090e-02,-5.141781769345200176e-03,-8.745146653965929506e-05,3.063011854660936673e-02,1.191991803695304081e-01,-2.775287102603662959e-03,-5.694503334899625457e-03,5.818096350300727693e-03,-2.588052676051333378e-04,-3.606491795871136219e-06,-2.775387905695758661e-03,9.041548709974931222e-03,-1.091466888489597942e+00,-6.408777629747408611e-02,-1.982462379458308055e+00,4.785240598958844238e-01,1.576457284932764935e+00,4.729713903425718513e-01
8.200000000000001066e+00,8.135032258543631323e-04,-8.282609446807438769e-02,8.922179400297669538e-02,-5.972937329933702098e-03,-7.337469694362227942e-07,8.135182449463887466e-04,1.218921245621021610e-01,-2.772340133112116689e-03,-5.686095033258009579e-03,5.814141234486758236e-03,-2.581027614048103658e-04,-3.594036334320094284e-06,-2.772440829164946052e-03,9.031879258450451614e-03,-1.091058491806939923e+00,-6.509494530843173976e-02,-1.981379201192977835e+00,4.784555028056263204e-01,1.576456118913211135e+00,4.733797919231932383e-01
8.213333333333334707e+00,-2.146452097476883591e-02,-9.139553494164844027e-02,9.860531084744215968e-02,-6.875657289187537061e-03,6.409127489192180014e-05,-2.146476915456090734e-02,1.380032314149764183e-01,-2.769396292892523093e-03,-5.677486223028438417e-03,5.810385237936976921e-03,-2.573635028850773665e-04,-3.580839996075724230e-06,-2.769496882019772954e-03,9.022213920515857397e-03,-1.091047645097261931e+00,-6.619929323467266258e-02,-1.980189577272938095e+00,4.783758636412271947e-01,1.576456109129917849e+00,4.733906388331257098e-01
8.226666666666666572e+00,-4.150711079543736859e-02,-9.501309378578548515e-02,1.026736698482078464e-01,-7.425614210800682985e-03,1.222778678083349122e-04,-4.150759634773164286e-02,1.518889264241498060e-01,-2.766455578622650791e-03,-5.668646347948946840e-03,5.806856467678311873e-03,-2.565820880038316432e-04,-3.566792033726784439e-06,-2.766556060938452077e-03,9.012551772446572573e-03,-1.091333838710259130e+00,-6.741790036722816737e-02,-1.978874839794972251e+00,4.782841882107047304e-01,1.576456963680249679e+00,4.731044419110648214e-01
8.240000000000000213e+00,-5.933013240030096669e-02,-9.370623302016148348e-02,1.014287097685219324e-01,-7.596217524654217366e-03,1.738039208399696947e-04,-5.933083009267119123e-02,1.617608914748656923e-01,-2.763517986982488850e-03,-5.659720475511331728e-03,5.803418029297180425e-03,-2.557848584805455516e-04,-3.552421953045836744e-06,-2.763618362600084311e-03,9.002896940190949215e-03,-1.091887266854198124e+00,-6.868474161770521391e-02,-1.977505857530329481e+00,4.781851800212275627e-01,1.576458594051820761e+00,4.725510072930951821e-01
8.253333333333333854e+00,-7.496001822056576336e-02,-8.750014949161238897e-02,9.486819833892545795e-02,-7.360105128815601014e-03,2.187075741396692162e-04,-7.496090335562624607e-02,1.671783824576536237e-01,-2.760583514656911319e-03,-5.650847124099911412e-03,5.799939755998018143e-03,-2.549968591498696924e-04,-3.538233316113803539e-06,-2.760683783689543702e-03,8.993253393814043539e-03,-1.092678335286202174e+00,-6.993415805797420504e-02,-1.976153474733415960e+00,4.780838971208987154e-01,1.576460911437432166e+00,4.717599295585261920e-01
8.266666666666667496e+00,-9.969765439983632738e-02,-8.399898098425319370e-02,9.122689342949817648e-02,-7.378034403118266527e-03,2.896466393807951736e-04,-9.969883724467297481e-02,1.879153389662170381e-01,-2.757652158333456782e-03,-5.642164509878089262e-03,5.796292368337674361e-03,-2.542429606018359323e-04,-3.524726809533973437e-06,-2.757752320893924747e-03,8.983625146467827741e-03,-1.093677802195809790e+00,-7.110082671786255304e-02,-1.974888565422230347e+00,4.779857623858476678e-01,1.576463827538420404e+00,4.707604508471177063e-01
8.280000000000001137e+00,-1.258126189883060908e-01,-8.388315711273164332e-02,9.124930567997154018e-02,-7.667030960085055753e-03,3.640117453061873396e-04,-1.258141192949100429e-01,2.169786704107577735e-01,-2.754723914703660625e-03,-5.633596868246382172e-03,5.792547286990412658e-03,-2.535094205819987678e-04,-3.511624512952948862e-06,-2.754823970905206920e-03,8.974010032347866719e-03,-1.095007104254474228e+00,-7.222081313098582811e-02,-1.973672206843170462e+00,4.778873885938059729e-01,1.576467689493611601e+00,4.694311330171885288e-01
8.293333333333333002e+00,-1.382134631657902790e-01,-7.987502396370230184e-02,8.702106919397087359e-02,-7.537815164881629844e-03,3.983111419178131016e-04,-1.382151198563349170e-01,2.285083018257145770e-01,-2.751798780461278682e-03,-5.625047164474761274e-03,5.788795479539032840e-03,-2.527787395241176682e-04,-3.498571715443432595e-06,-2.751898730417146055e-03,8.964405233381421770e-03,-1.096684605840985149e+00,-7.333925522582207535e-02,-1.972455549434104283e+00,4.777851615143382524e-01,1.576472542983548664e+00,4.677536114265898881e-01
8.306666666666666643e+00,-1.369631914290719288e-01,-7.190642885574977106e-02,7.844803396952898522e-02,-6.965259951914831368e-03,3.932228613476943251e-04,-1.369648413025955636e-01,2.211144083373347280e-01,-2.748876752305839943e-03,-5.616627218282932432e-03,5.784932586223590079e-03,-2.520709923228281468e-04,-3.485972741579246303e-06,-2.748976596128382965e-03,8.954814012524988168e-03,-1.098527452016528905e+00,-7.440425554533813823e-02,-1.971295268511517929e+00,4.776846573121398265e-01,1.576477853798774476e+00,4.659107431618387807e-01
8.320000000000000284e+00,-1.221148118621027956e-01,-5.989484326385163815e-02,6.542313300811665455e-02,-5.926346511125714540e-03,3.494510415737972194e-04,-1.221162891780418897e-01,1.942350062165195124e-01,-2.745957826938205670e-03,-5.608453921840617085e-03,5.780849929794662501e-03,-2.514070790162747926e-04,-3.474250700907788314e-06,-2.746057564740667090e-03,8.945239819602737036e-03,-1.100353627902249887e+00,-7.536300793008132715e-02,-1.970249294725257450e+00,4.775917871794477243e-01,1.576483096770258996e+00,4.640845452778039615e-01
8.333333333333333925e+00,-1.067885017562163058e-01,-4.798436976466764065e-02,5.247139248334566769e-02,-4.857597101951544386e-03,3.047339071051426932e-04,-1.067897983031965564e-01,1.669948532505942385e-01,-2.743042001064122104e-03,-5.600653835960756055e-03,5.776430187816927742e-03,-2.508095572073543167e-04,-3.463864356234580555e-06,-2.743141632958856491e-03,8.935686430006455766e-03,-1.101981825393744785e+00,-7.616160584026587799e-02,-1.969376986285149123e+00,4.775127692259659717e-01,1.576487756117479933e+00,4.624563280887632466e-01
8.346666666666667567e+00,-1.006057758323884721e-01,-3.875805795868047382e-02,4.243171637475673386e-02,-4.056544020484650903e-03,2.862878533585477576e-04,-1.006070015317731964e-01,1.535007036121084356e-01,-2.740129271392000021e-03,-5.593234029935612028e-03,5.771667556677684274e-03,-2.502795327634643741e-04,-3.454839203165249728e-06,-2.740228797491361945e-03,8.926154119519219554e-03,-1.103405672083827671e+00,-7.680139743712821598e-02,-1.968677367718704607e+00,4.774480012646065141e-01,1.576491819236241376e+00,4.610324641113874300e-01
8.360000000000001208e+00,-9.528489773421794373e-02,-2.930781386159815594e-02,3.213040631735313707e-02,-3.224691424506096957e-03,2.704124046467542403e-04,-9.528606237043812932e-02,1.416348408386847446e-01,-2.737219634634691090e-03,-5.586117999675010992e-03,5.766633858844905092e-03,-2.498031840598713416e-04,-3.446897478553978544e-06,-2.737319055051035122e-03,8.916640668856936833e-03,-1.104747082428259475e+00,-7.731817154324405195e-02,-1.968111611500374503e+00,4.773939140109999535e-01,1.576495636407619472e+00,4.596910374242972885e-01
8.373333333333333073e+00,-9.082310776456256618e-02,-1.963743248577718564e-02,2.157532457577826523e-02,-2.366184532323553202e-03,2.570675619867679234e-04,-9.082422127319478289e-02,1.317371032475348758e-01,-2.734313087506823337e-03,-5.579318970019286894e-03,5.761317190942083499e-03,-2.493827937843917653e-04,-3.440087250616841175e-06,-2.734412402352504046e-03,8.907146501688863530e-03,-1.106017547731382500e+00,-7.770894239473191689e-02,-1.967683206082809777e+00,4.773509181253396960e-01,1.576499241906348381e+00,4.584205565926913195e-01
8.386666666666666714e+00,-8.721838808105682184e-02,-9.750217088362749668e-03,1.077414021420686555e-02,-1.485474983947889828e-03,2.462186370565136407e-04,-8.721946053833225243e-02,1.242082831627033257e-01,-2.731409626728797946e-03,-5.572850611061497261e-03,5.755705157777235570e-03,-2.490207396395049955e-04,-3.434458459405931308e-06,-2.731508836115725813e-03,8.897672054617011134e-03,-1.107228522501576773e+00,-7.797077482787573288e-02,-1.967395535088465985e+00,4.773193689982422327e-01,1.576502669473841323e+00,4.572095669757154646e-01
8.400000000000000355e+00,-8.144332800241767256e-02,3.941801764401994812e-03,-4.193350227070572617e-03,-2.532699311646898735e-04,2.293200166677575400e-04,-8.144433206333456798e-02,1.153231703603264935e-01,-2.728509249022792460e-03,-5.566727066001142532e-03,5.749784835592297583e-03,-2.487195014415632954e-04,-3.430063081566459005e-06,-2.728608353063322056e-03,8.888217780021863412e-03,-1.108391434342657522e+00,-7.810077772238743776e-02,-1.967251879885609789e+00,4.772995626651228562e-01,1.576505952389002374e+00,4.560466408352041867e-01
8.413333333333333997e+00,-7.515467687994850654e-02,1.750323999582698367e-02,-1.901873949867756083e-02,9.688839421792521788e-04,2.110896922067168296e-04,-7.515560554463023013e-02,1.093876120003136609e-01,-2.725611951114537135e-03,-5.561090390695966335e-03,5.743424315881817677e-03,-2.485044393347735081e-04,-3.427418553414440794e-06,-2.725710949921023030e-03,8.878787985975244990e-03,-1.109477345382689606e+00,-7.804822036552883091e-02,-1.967307791221970747e+00,4.772961857327073787e-01,1.576509009989225163e+00,4.549607164076929777e-01
8.426666666666667638e+00,-7.219092734732174277e-02,2.537066789043189788e-02,-2.761131915172038848e-02,1.664868793699192428e-03,2.023035067339256309e-04,-7.219182147291042240e-02,1.087752615632648356e-01,-2.722717729734647207e-03,-5.555950195871517394e-03,5.736614642231518957e-03,-2.483772706298736921e-04,-3.426561815622619633e-06,-2.722816623418555793e-03,8.869383030568531862e-03,-1.110479407741088664e+00,-7.781484383225123480e-02,-1.967561374415286446e+00,4.773091041852697280e-01,1.576511824518454397e+00,4.539586416670977620e-01
8.440000000000001279e+00,-7.253559448180400826e-02,2.753361531132253459e-02,-2.996223906798343301e-02,1.838110070871970840e-03,2.028409168490765617e-04,-7.253649515545793069e-02,1.103730543720502638e-01,-2.719826581616402450e-03,-5.551106507019287761e-03,5.729541476278576795e-03,-2.483022915908961181e-04,-3.426767551495402131e-06,-2.719925370288756028e-03,8.859996919041287708e-03,-1.111441953439053165e+00,-7.747656826037863098e-02,-1.967929525337309471e+00,4.773313024358523116e-01,1.576514521898544352e+00,4.529960840474589467e-01
8.453333333333333144e+00,-7.617502526057681744e-02,2.397927710679808450e-02,-2.606593196810212329e-02,1.496376310604306814e-03,2.125907803588093325e-04,-7.617597381202648177e-02,1.134113589394520616e-01,-2.716938503495747170e-03,-5.546348321361804778e-03,5.722400792838477912e-03,-2.482418170970390747e-04,-3.427268905120683939e-06,-2.717037187268012133e-03,8.850623265649381136e-03,-1.112409094698810552e+00,-7.710945338956110007e-02,-1.968329021858215899e+00,4.773558105701307674e-01,1.576517226444102526e+00,4.520289307787193067e-01
8.466666666666666785e+00,-8.146672616017551494e-02,2.082519843707495918e-02,-2.260832808258874532e-02,1.181042721896235050e-03,2.268555290359122549e-04,-8.146774370955153777e-02,1.192480291256745178e-01,-2.714053492113066568e-03,-5.541461672077918621e-03,5.715391545725090339e-03,-2.481575900006305346e-04,-3.427286270785145916e-06,-2.714152071097153396e-03,8.841255552403890980e-03,-1.113424761702284993e+00,-7.678972969480390987e-02,-1.968676567617790640e+00,4.773757622542720291e-01,1.576520060987840921e+00,4.510132511278923673e-01
8.480000000000000426e+00,-8.457104208705337745e-02,2.146700273039750528e-02,-2.329723569229808985e-02,1.206567067480687240e-03,2.349295000586763653e-04,-8.457210160286947331e-02,1.237328005110364393e-01,-2.711171544211410378e-03,-5.536462706086098251e-03,5.708498813692841622e-03,-2.480524778949444453e-04,-3.426877723811116994e-06,-2.711270018518785463e-03,8.831894249398375071e-03,-1.114510984717753672e+00,-7.651206038230951023e-02,-1.968978011992225108e+00,4.773915094905638590e-01,1.576523085728227969e+00,4.499270145450982028e-01
8.493333333333334068e+00,-8.519397708858693352e-02,2.148457460951199230e-02,-2.330818413541212858e-02,1.196223021920585303e-03,2.360988663533095556e-04,-8.519504752696650807e-02,1.245895458749552848e-01,-2.708292656538713317e-03,-5.531492177821117906e-03,5.701591667325089929e-03,-2.479516541775694805e-04,-3.426556648200573818e-06,-2.708391026279954872e-03,8.822543628852298758e-03,-1.115638598612247456e+00,-7.622583367923763120e-02,-1.969288641801455686e+00,4.774075970514637390e-01,1.576526218121562017e+00,4.487993865237265290e-01
8.506666666666667709e+00,-8.332739698513788595e-02,2.089166584033473259e-02,-2.265702919832664197e-02,1.152102942157635880e-03,2.304050832724674133e-04,-8.332844684447121564e-02,1.218124305775087624e-01,-2.705416825844686457e-03,-5.526526991343594375e-03,5.694691578236543705e-03,-2.478509885714963445e-04,-3.426238866843789310e-06,-2.705515091130816785e-03,8.813202977285630041e-03,-1.116774518306761887e+00,-7.593937268444417299e-02,-1.969599417589927848e+00,4.774235466917557957e-01,1.576529366106447227e+00,4.476634525567004808e-01
8.520000000000001350e+00,-7.896337992126038763e-02,1.970177784270297702e-02,-2.135931669653908654e-02,1.076224541934507010e-03,2.178893253008203795e-04,-7.896437725179589195e-02,1.153957297229072781e-01,-2.702544048883481764e-03,-5.521544627539398675e-03,5.687819503679136801e-03,-2.477464499328618786e-04,-3.425842028725867294e-06,-2.702642209825079078e-03,8.803871595535320282e-03,-1.117885550266563666e+00,-7.566081713990646662e-02,-1.969901511312572184e+00,4.774389080643177685e-01,1.576532438174224282e+00,4.465524065987742652e-01
8.533333333333333215e+00,-7.075071408117705740e-02,2.195135053574717374e-02,-2.381491967883427041e-02,1.316321169024145445e-03,1.948621251826986717e-04,-7.075160940211906724e-02,1.051771678564645401e-01,-2.699674322411915739e-03,-5.516523226831715476e-03,5.680995808571065453e-03,-2.476341212371835354e-04,-3.425285920677367812e-06,-2.699772379121334609e-03,8.794548801724684159e-03,-1.118938395332180313e+00,-7.539812676867052588e-02,-1.970186302201859307e+00,4.774532577248766785e-01,1.576535343365228492e+00,4.454995482354169312e-01
8.546666666666666856e+00,-6.419558837749680946e-02,2.462776179902950724e-02,-2.673084053572066104e-02,1.577887763133823968e-03,1.765025701257699026e-04,-6.419640211359883830e-02,9.780509690905711540e-02,-2.696807643191689863e-03,-5.511589319611598370e-03,5.674102625677690526e-03,-2.475366632168629621e-04,-3.425033772153085465e-06,-2.696905595778620324e-03,8.785238461316296696e-03,-1.119881738186595754e+00,-7.510544209486047507e-02,-1.970503834464243820e+00,4.774708086737970980e-01,1.576537941526897413e+00,4.445561934433888140e-01
8.560000000000000497e+00,-6.339241924177700660e-02,2.217985965529230274e-02,-2.405735429767475592e-02,1.371332930508219368e-03,1.740138000468168975e-04,-6.339322444755955688e-02,9.544586438460861411e-02,-2.693944007987170153e-03,-5.506758951974610738e-03,5.667124926732824974e-03,-2.474569637391788035e-04,-3.425144798008261660e-06,-2.694041856561302239e-03,8.775941067141641849e-03,-1.120737679364962602e+00,-7.477707193754001835e-02,-1.970860245671386846e+00,4.774918471773057504e-01,1.576540294894499539e+00,4.437002414152075858e-01
8.573333333333334139e+00,-6.833587958583862976e-02,1.458516514144879254e-02,-1.577740891904385115e-02,7.016051839793323135e-04,1.872650510947784634e-04,-6.833674988043664245e-02,9.900446866393053380e-02,-2.691083413565387161e-03,-5.501842642104293191e-03,5.660239251926046933e-03,-2.473610789790470221e-04,-3.424924247763527774e-06,-2.691181158237743176e-03,8.766650788427804777e-03,-1.121582911621519685e+00,-7.448134047546961511e-02,-1.971181010395355759e+00,4.775101316163792298e-01,1.576542615078500020e+00,4.428549984225735869e-01
8.586666666666667780e+00,-7.901600796100581581e-02,1.821757197000026772e-03,-1.871484595539620521e-03,-4.304471416856736989e-04,2.161019246126886421e-04,-7.901701751521353345e-02,1.117777786939473383e-01,-2.688225856697812333e-03,-5.496653888736435789e-03,5.653619564770728800e-03,-2.472155609538617682e-04,-3.423686748327270379e-06,-2.688323497578970489e-03,8.757361868461434676e-03,-1.122494056682664443e+00,-7.428687160691715974e-02,-1.971391375847609595e+00,4.775194863521656785e-01,1.576545111945847566e+00,4.419438417575012323e-01
8.600000000000001421e+00,-9.411507898625787183e-02,-9.926885694451886497e-03,1.093310036954519594e-02,-1.509318965884669066e-03,2.567262076917108701e-04,-9.411628583983935870e-02,1.339251397170959090e-01,-2.685371334158581647e-03,-5.491016055213293612e-03,5.647430756283711162e-03,-2.469887068503595628e-04,-3.420781856444676805e-06,-2.685468871358676068e-03,8.748068864043457779e-03,-1.123547603455477883e+00,-7.426258151095721516e-02,-1.971416328975550192e+00,4.775137470569430498e-01,1.576547993304842521e+00,4.408902815239650330e-01
8.613333333333333286e+00,-1.053553877038358871e-01,-1.827939361006909041e-02,2.004022101066354339e-02,-2.284668211310110584e-03,2.865448603937166810e-04,-1.053567436959738784e-01,1.514623704625857603e-01,-2.682519842726271975e-03,-5.484978793099060113e-03,5.641626618990702724e-03,-2.466894010053621855e-04,-3.416390124577617371e-06,-2.682617276354992697e-03,8.738773298304471429e-03,-1.124802471175294638e+00,-7.439493998688329057e-02,-1.971270554303956146e+00,4.774936228040647102e-01,1.576551416320945087e+00,4.396353977127671619e-01
8.626666666666666927e+00,-1.098893657282742214e-01,-2.821533854762209650e-02,3.086853544849369607e-02,-3.152207480342739294e-03,2.980104120886220976e-04,-1.098907852336865471e-01,1.609678676374117767e-01,-2.679671379181236546e-03,-5.478667629537969930e-03,5.636090018873218810e-03,-2.463401643808538211e-04,-3.410971777473292832e-06,-2.679768709349161782e-03,8.729479013269642387e-03,-1.126207209678012688e+00,-7.463866523501749839e-02,-1.971003351357147215e+00,4.774631605612471574e-01,1.576555236919083391e+00,4.382306411301541971e-01
8.640000000000000568e+00,-1.077038139527885519e-01,-3.968976329055791397e-02,4.337557158054712592e-02,-4.115170546638582949e-03,2.912996770426565479e-04,-1.077052100128259582e-01,1.633225667445049878e-01,-2.676825940309157659e-03,-5.472038137396051383e-03,5.630862228600541641e-03,-2.459330640691703707e-04,-3.404362496794988147e-06,-2.676923167125977443e-03,8.720184644472349367e-03,-1.127672401221056386e+00,-7.501486974898563531e-02,-1.970591770884500660e+00,4.774211311281759684e-01,1.576559210391244470e+00,4.367654306603716563e-01
8.653333333333334210e+00,-9.879425337103517335e-02,-5.265808095202258871e-02,5.752173002691314541e-02,-5.179417923306537525e-03,2.666196442101638410e-04,-9.879553777891399158e-02,1.600917960267262130e-01,-2.673983522898382148e-03,-5.465051656194042096e-03,5.625979006730119636e-03,-2.454612285678337003e-04,-3.396419373302705935e-06,-2.674080646473342426e-03,8.710889008821498525e-03,-1.129108452073760205e+00,-7.554406659285994863e-02,-1.970013429930093318e+00,4.773662621875542911e-01,1.576563094386938424e+00,4.353293611935340479e-01
8.666666666666667851e+00,-8.530447777132683929e-02,-7.092162068106053208e-02,7.746786012681047828e-02,-6.700332161700352576e-03,2.299272029411690197e-04,-8.530558938794406687e-02,1.600936927518207542e-01,-2.671144123739921383e-03,-5.457675750079271637e-03,5.621470128113870146e-03,-2.449189378466165579e-04,-3.387023021161894576e-06,-2.671241144183156280e-03,8.701591114990867362e-03,-1.130425708785374184e+00,-7.624617433888669638e-02,-1.969246473529734587e+00,4.772972032819100541e-01,1.576566649315528146e+00,4.340120873564816684e-01
8.679999999999999716e+00,-7.622786187485144915e-02,-8.810150545151890222e-02,9.629462057135404485e-02,-8.220602409769423718e-03,2.052657981593291507e-04,-7.622885724336900259e-02,1.694806043607167967e-01,-2.668307739628783537e-03,-5.449774009127938967e-03,5.617461935086609515e-03,-2.442819101986515307e-04,-3.375672396277451526e-06,-2.668404657049983086e-03,8.692286810538222067e-03,-1.131563101822325113e+00,-7.719179594796754529e-02,-1.968213568728043761e+00,4.772078655197540265e-01,1.576569715011567396e+00,4.328746794979756451e-01
8.693333333333333357e+00,-7.393740686428582065e-02,-9.721275854629855828e-02,1.063774831402163196e-01,-9.142372034960880717e-03,1.987776678157239150e-04,-7.393837447873984059e-02,1.782799348687005847e-01,-2.665474367363529495e-03,-5.441407022214406197e-03,5.613896891949465839e-03,-2.435612122466679352e-04,-3.362593692379789445e-06,-2.665571181871939643e-03,8.682977910526416127e-03,-1.132579473313989560e+00,-7.836648268732115952e-02,-1.966929640453759065e+00,4.770982574876239113e-01,1.576572451888876181e+00,4.318582947347309187e-01
8.706666666666666998e+00,-7.844191776785727765e-02,-9.830107675484123231e-02,1.077264992525677478e-01,-9.426612002065050400e-03,2.103301697119114083e-04,-7.844294710563143314e-02,1.834759820758799231e-01,-2.662644003746272858e-03,-5.432811889385380510e-03,5.610553345759328181e-03,-2.427994551963408298e-04,-3.348663162761056356e-06,-2.662740715451139550e-03,8.673671533350463606e-03,-1.133565305405513257e+00,-7.966265280127160509e-02,-1.965511274011889409e+00,4.769763591938245284e-01,1.576575102257780081e+00,4.308724497416811516e-01
8.720000000000000639e+00,-8.974705233841974439e-02,-9.141569388569238674e-02,1.003469324234464721e-01,-9.028512250308713682e-03,2.397716184130828463e-04,-8.974823384705522822e-02,1.860569438139358656e-01,-2.659816645582679939e-03,-5.424203962874685203e-03,5.607230648175143273e-03,-2.420352074157250399e-04,-3.334674711918950152e-06,-2.659913254592805032e-03,8.664374151920119574e-03,-1.134611197642418023e+00,-8.097333382466942453e-02,-1.964074920688521741e+00,4.768506710337971910e-01,1.576577906660043382e+00,4.298265437802726296e-01
8.733333333333334281e+00,-1.056290605171679303e-01,-8.858320621866638822e-02,9.739250170204498402e-02,-9.012400334741666949e-03,2.811026616005671708e-04,-1.056304562207080328e-01,1.993210422845416996e-01,-2.656992289679749319e-03,-5.415793108078936768e-03,5.603734166826690455e-03,-2.413058748143015464e-04,-3.321398946543041575e-06,-2.657088796105266937e-03,8.655092146054413002e-03,-1.135807825006930116e+00,-8.219220974314511707e-02,-1.962736961589542473e+00,4.767302908704595943e-01,1.576581103614955737e+00,4.286299006623117691e-01
8.746666666666667922e+00,-1.169327035457480846e-01,-9.111960648323363943e-02,1.003218442985406439e-01,-9.462162165015237242e-03,3.100267013388512279e-04,-1.169342544649960569e-01,2.140181319054879350e-01,-2.654170932851140918e-03,-5.407472763906628899e-03,5.600163172919891963e-03,-2.405923749151384072e-04,-3.308442384941656655e-06,-2.654267336800408827e-03,8.645822304927157365e-03,-1.137216212480492317e+00,-8.337331915939394378e-02,-1.961438394900181903e+00,4.766101255326629094e-01,1.576584851650443930e+00,4.272214945793688656e-01
8.759999999999999787e+00,-1.213548854003217436e-01,-8.768896804223005881e-02,9.668432445960743749e-02,-9.297422448424371919e-03,3.205429258384368896e-04,-1.213565010676355832e-01,2.158197560150088012e-01,-2.651352571911846923e-03,-5.399099436433907329e-03,5.596650641249922842e-03,-2.398691526455110079e-04,-3.295277126724727168e-06,-2.651448873492778802e-03,8.636560240238934372e-03,-1.138775315194435755e+00,-8.458824724583724475e-02,-1.960100770309534779e+00,4.764839633704625044e-01,1.576588985339794746e+00,4.256623711865024084e-01
8.773333333333333428e+00,-1.189516932340307642e-01,-7.827332543422081679e-02,8.642646584794604070e-02,-8.483500691405335484e-03,3.130424337198158967e-04,-1.189532826372708962e-01,2.048602060588376461e-01,-2.648537203680412233e-03,-5.390832251700672373e-03,5.593049335519406640e-03,-2.391645018837706971e-04,-3.282486492839353787e-06,-2.648633403002254028e-03,8.627310814615853085e-03,-1.140393380333106776e+00,-8.575743348640019192e-02,-1.958811645983406624e+00,4.763599977378167871e-01,1.576593259245472112e+00,4.240442845056007215e-01
8.786666666666667069e+00,-1.097741550101171831e-01,-6.285100374443455817e-02,6.949534958416864194e-02,-6.991424107544333237e-03,2.879038324330062044e-04,-1.097756265184718222e-01,1.814658878987598367e-01,-2.645724824978934464e-03,-5.382834615965670366e-03,5.589208705026216251e-03,-2.385073463924136661e-04,-3.270668528454478974e-06,-2.645820922150488030e-03,8.618079084362939221e-03,-1.141979402909560459e+00,-8.680107782552326512e-02,-1.957659293105433962e+00,4.762468843952647468e-01,1.576597433144588223e+00,4.224582407371038073e-01
8.800000000000000711e+00,-9.834623241406545424e-02,-4.293282584820748427e-02,4.754688860152043312e-02,-4.988715796919876780e-03,2.571088776366427546e-04,-9.834755438510414671e-02,1.532093679408922382e-01,-2.642915432632619854e-03,-5.375283514670314844e-03,5.584966238306954267e-03,-2.379289012774954415e-04,-3.260470375021640166e-06,-2.643011427763131138e-03,8.608870595506667653e-03,-1.143443058309695282e+00,-8.763909120878254910e-02,-1.956732688444311696e+00,4.761536654071640839e-01,1.576601271862354103e+00,4.209945657168576716e-01
8.813333333333334352e+00,-9.153637733223934925e-02,-2.702565812712513435e-02,2.999051268678934110e-02,-3.378447968882506477e-03,2.385715047219738268e-04,-9.153761095380788526e-02,1.356441317186365403e-01,-2.640109023471559624e-03,-5.368332264023223388e-03,5.580181632199199271e-03,-2.374561094691252094e-04,-3.252452291047092103e-06,-2.640204916668054125e-03,8.599690226134326654e-03,-1.144754341408549481e+00,-8.821152888675865000e-02,-1.956098729929624858e+00,4.760871491965383839e-01,1.576604699980722835e+00,4.196832649917228153e-01
8.826666666666667993e+00,-8.825621349801257565e-02,-1.785448666678199001e-02,1.986051333320520626e-02,-2.447367542713002348e-03,2.293584947342250857e-04,-8.825740595029576974e-02,1.276628130008227169e-01,-2.637305594327177261e-03,-5.361883732585948081e-03,5.574945294874567026e-03,-2.370715889270513799e-04,-3.246257451738898681e-06,-2.637401385698456835e-03,8.590535055875815965e-03,-1.145974826439646099e+00,-8.857187099512042749e-02,-1.955698856427134258e+00,4.760421032236199501e-01,1.576607880934119521e+00,4.184627635123385758e-01
8.839999999999999858e+00,-8.847289444429178029e-02,-1.542289211982344165e-02,1.717760212511734372e-02,-2.210206116271685572e-03,2.292871334186835468e-04,-8.847409299114018799e-02,1.272516851822804718e-01,-2.634505142035337144e-03,-5.355736949169909167e-03,5.569442767509258374e-03,-2.367396866205240258e-04,-3.241149397759102158e-06,-2.634600831689315470e-03,8.581398841639062761e-03,-1.147151575952952918e+00,-8.880993081734400718e-02,-1.955434049582691625e+00,4.760094716563836315e-01,1.576610939047382587e+00,4.172859980996679319e-01
8.853333333333333499e+00,-9.215722117247604483e-02,-1.973755746381408716e-02,2.195795832047948634e-02,-2.675838341971651345e-03,2.381862216610899951e-04,-9.215847318059187943e-02,1.336603065422205805e-01,-2.631707663434568190e-03,-5.349676408689774121e-03,5.563872611873854623e-03,-2.364222530681914236e-04,-3.236338502965452335e-06,-2.631803251479603034e-03,8.572274823800477006e-03,-1.148331214545543544e+00,-8.901556937894161692e-02,-1.955205014887690051e+00,4.759800022415001663e-01,1.576613996209161428e+00,4.161063435264527044e-01
8.866666666666667140e+00,-9.873856484367003750e-02,-2.701112553234640695e-02,3.001928854963245227e-02,-3.466073976568894831e-03,2.544565946708939258e-04,-9.873991038665566600e-02,1.454018950876236338e-01,-2.628913155367840204e-03,-5.343483352591604785e-03,5.558436196585248013e-03,-2.360806032912776686e-04,-3.231022679184292201e-06,-2.629008641911401156e-03,8.563156112053636054e-03,-1.149559977494509999e+00,-8.927873681179265830e-02,-1.954912242110083742e+00,4.759443243969405657e-01,1.576617172025450486e+00,4.148775638840449531e-01
8.880000000000000782e+00,-1.029983886305573110e-01,-2.980486401869273522e-02,3.312857404139193940e-02,-3.793357931655292649e-03,2.646035573180614115e-04,-1.029997965881982447e-01,1.523742697253394063e-01,-2.626121614680787530e-03,-5.337066266523748936e-03,5.553217640462460025e-03,-2.356985787455023740e-04,-3.224865972484280974e-06,-2.626216999830788268e-03,8.554039816407579822e-03,-1.150876491692425674e+00,-8.963888515222384612e-02,-1.954511984929421908e+00,4.758981100772530226e-01,1.576620564780045974e+00,4.135610317455560292e-01
8.893333333333334423e+00,-1.028923410172174480e-01,-2.818049121215910821e-02,3.134436376264804203e-02,-3.641625343823232802e-03,2.634899245097645313e-04,-1.028937517509102145e-01,1.515384376193386062e-01,-2.623333038221709046e-03,-5.330569624854675226e-03,5.548083856189212071e-03,-2.353017452740857607e-04,-3.218398204829497899e-06,-2.623428322085619158e-03,8.544930465527102170e-03,-1.152249803540833062e+00,-9.003628333913971105e-02,-1.954070270608869953e+00,4.758475319714974283e-01,1.576624092827477064e+00,4.121877011243801903e-01
8.906666666666668064e+00,-9.844315446731148611e-02,-2.212163114321899840e-02,2.464051387763861040e-02,-3.001411624154367783e-03,2.513115446535339097e-04,-9.844450794433579066e-02,1.431361901256917035e-01,-2.620547422844232699e-03,-5.324132023559968729e-03,5.542907306870681339e-03,-2.349145998756796416e-04,-3.212127951623955369e-06,-2.620642605529521774e-03,8.535832406107210502e-03,-1.153621701421062573e+00,-9.041202322196850716e-02,-1.953652345758701392e+00,4.757989769669133118e-01,1.576627606026470119e+00,4.108157844343680587e-01
8.919999999999999929e+00,-8.967059012551119312e-02,-1.161203511152256694e-02,1.299294680108089607e-02,-1.865973878259296389e-03,2.282469714891470860e-04,-8.967182592592257140e-02,1.280196902025140526e-01,-2.617764765402874616e-03,-5.317893627049485872e-03,5.537559181866935631e-03,-2.345618811845362472e-04,-3.206569841651685238e-06,-2.617859847017456332e-03,8.526750050581894183e-03,-1.154934276813960103e+00,-9.070697830387830507e-02,-1.953323805573666139e+00,4.757589581452581484e-01,1.576630956847065335e+00,4.095031909951103444e-01
8.933333333333333570e+00,-7.747912407579601868e-02,1.771981311275868309e-03,-1.851532780809019138e-03,-4.044284284839667030e-04,1.967004551106504298e-04,-7.748019379403978113e-02,1.096036744034764726e-01,-2.614985062757479994e-03,-5.312001211130734646e-03,5.531904725527780897e-03,-2.342694669477118907e-04,-3.202263183954556780e-06,-2.615080043408823940e-03,8.517688049516976279e-03,-1.156129884682300268e+00,-9.086180543869870618e-02,-1.953150566282985112e+00,4.757340784935482070e-01,1.576634000140018088e+00,4.083075666494311307e-01
8.946666666666667211e+00,-6.821014315338967682e-02,1.222270601891887326e-02,-1.344328140817654428e-02,7.345360916611470316e-04,1.727671877721562437e-04,-6.821108631250893950e-02,9.816344367509689806e-02,-2.612208311770558566e-03,-5.306559495010354510e-03,5.525847854204180010e-03,-2.340558057412067683e-04,-3.199593481717499799e-06,-2.612303191565246152e-03,8.508649761756694255e-03,-1.157162939669977630e+00,-9.083817902121493759e-02,-1.953175253386729260e+00,4.757286861145018086e-01,1.576636622812753075e+00,4.072744973988440265e-01
8.960000000000000853e+00,-6.413074164377767505e-02,1.841023961241337881e-02,-2.030075087323671493e-02,1.394449586600377076e-03,1.620791336588019941e-04,-6.413162980035742866e-02,9.475571820491830721e-02,-2.609434509307284600e-03,-5.301480378053557985e-03,5.519469529575715683e-03,-2.339053435189697439e-04,-3.198238416324272748e-06,-2.609529288352785414e-03,8.499632438546509891e-03,-1.158072408245356177e+00,-9.067520960762953663e-02,-1.953354497138838353e+00,4.757384799290571564e-01,1.576638926375256489e+00,4.063650162480105799e-01
8.973333333333334494e+00,-6.523305761483644272e-02,2.031590037011586289e-02,-2.240426143098397244e-02,1.575378802920671898e-03,1.645051432486362446e-04,-6.523396278865900566e-02,9.709797796722605123e-02,-2.606663652237273254e-03,-5.296621765683351413e-03,5.512900210876914286e-03,-2.337930220708273055e-04,-3.197676964106221931e-06,-2.606758330640168708e-03,8.490631581711764048e-03,-1.158927484800606589e+00,-9.042973974613088828e-02,-1.953625173817148175e+00,4.757570725902118269e-01,1.576641087430371790e+00,4.055099278506726357e-01
8.986666666666666359e+00,-7.151233882714784496e-02,1.792000875970101853e-02,-1.973650510849380910e-02,1.280041973478655533e-03,1.799267487276113621e-04,-7.151333351091598844e-02,1.045968388781727682e-01,-2.603895737432360136e-03,-5.291834782041426877e-03,5.506276613156835253e-03,-2.336925829107272534e-04,-3.197362397511227528e-06,-2.603990315300563907e-03,8.481642442419551689e-03,-1.159797258902137695e+00,-9.015886107452919518e-02,-1.953923897302894730e+00,4.757780776409172852e-01,1.576643280832281668e+00,4.046401416801570505e-01
9.000000000000000000e+00,-7.890858671175382533e-02,1.571854772071197906e-02,-1.728451885625716111e-02,9.982927391027518905e-04,1.980322413182192362e-04,-7.890968708898075945e-02,1.140182744696190548e-01,-2.601130761767933564e-03,-5.286968292512739254e-03,5.499737639256707666e-03,-2.335773477915026319e-04,-3.196738657340603140e-06,-2.601225239208027062e-03,8.472660173058969846e-03,-1.160750756753166302e+00,-8.991992762440004228e-02,-1.954187050704341289e+00,4.757951448672304018e-01,1.576645679855598559e+00,4.036866305666784172e-01
9.013333333333333641e+00,-8.286427624133314851e-02,1.636347938088309265e-02,-1.798879725013515993e-02,1.030902059092315450e-03,2.073974640676485193e-04,-8.286543464577218743e-02,1.196897430557493924e-01,-2.598368722124266839e-03,-5.282029744892557943e-03,5.493276482325448740e-03,-2.334486223838361241e-04,-3.195832822822097796e-06,-2.598463099242387386e-03,8.463684995560620886e-03,-1.161802871242656243e+00,-8.971034698812374586e-02,-1.954417510955757997e+00,4.758084554370851649e-01,1.576648320285483074e+00,4.026345014054921734e-01
9.026666666666667282e+00,-8.515345521249853555e-02,1.667478720810776360e-02,-1.832577187899869439e-02,1.041394879270142546e-03,2.125458788361853763e-04,-8.515464855004853395e-02,1.229529878724028025e-01,-2.595609615382965529e-03,-5.277118438700600933e-03,5.486801837374599700e-03,-2.333239400460485058e-04,-3.195010667145226080e-06,-2.595703892286138625e-03,8.454720081686963387e-03,-1.162907728259207296e+00,-8.949216726304509706e-02,-1.954657361585759867e+00,4.758222007978729629e-01,1.576651085585003997e+00,4.015296289435483779e-01
9.040000000000000924e+00,-8.577162407180322079e-02,1.666131415328243881e-02,-1.830557349966609182e-02,1.031053962912869323e-03,2.135086124016018986e-04,-8.577282897241568504e-02,1.238044900418157762e-01,-2.592853438430076096e-03,-5.272222732971343362e-03,5.480324389099067162e-03,-2.332012471044642155e-04,-3.194229446723539922e-06,-2.592947615224439062e-03,8.445765049363113466e-03,-1.164043107662040555e+00,-8.926983676693689418e-02,-1.954901705210813079e+00,4.758360860629298195e-01,1.576653919530055070e+00,4.003942336295476245e-01
9.053333333333334565e+00,-8.471412691100181636e-02,1.633229932794044367e-02,-1.793877173969985958e-02,1.001200259013544170e-03,2.103184899656662123e-04,-8.471531971759221902e-02,1.222405778039336727e-01,-2.590100188154309535e-03,-5.267331306748612718e-03,5.473854536294009421e-03,-2.330785449045080782e-04,-3.193447478899713587e-06,-2.590194264945999691e-03,8.436819525188286872e-03,-1.165186729316331160e+00,-8.904768591155987068e-02,-1.955145779524142036e+00,4.758498334491019222e-01,1.576656766311553604e+00,3.992505959099155177e-01
9.066666666666666430e+00,-8.477265989368180932e-02,1.621501804543691583e-02,-1.780476792800335731e-02,9.847100300355454174e-04,2.098992643040694251e-04,-8.477385632490172518e-02,1.222863887126169058e-01,-2.587349861448373645e-03,-5.262433198444771421e-03,5.467402355639805478e-03,-2.329538967704714025e-04,-3.192624288050893711e-06,-2.587443838343528313e-03,8.427883145816543464e-03,-1.166316251008477911e+00,-8.882992192052086011e-02,-1.955384963147338118e+00,4.758631827858890162e-01,1.576659570558086365e+00,3.981210583136807202e-01
9.080000000000000071e+00,-8.595030143571311121e-02,1.630329902051212698e-02,-1.789651277821910705e-02,9.807126496447641020e-04,2.122288062698815493e-04,-8.595151740106120319e-02,1.239443715034105609e-01,-2.584602455206752580e-03,-5.257535781333366742e-03,5.460961054264412695e-03,-2.328286057173833967e-04,-3.191787059098061263e-06,-2.584696332311953171e-03,8.418956138207747339e-03,-1.167446553140393695e+00,-8.861372167991499182e-02,-1.955622360053044906e+00,4.758763122529563461e-01,1.576662369214943737e+00,3.969907402293486598e-01
9.093333333333333712e+00,-8.544996502753382517e-02,1.608066885578915764e-02,-1.764694192502452158e-02,9.578535891348926093e-04,2.104220944470490439e-04,-8.545117672647310758e-02,1.231850817195673242e-01,-2.581857966329259568e-03,-5.252646184048082034e-03,5.454524058968956979e-03,-2.327039324967472567e-04,-3.190962154064891365e-06,-2.581951743750199313e-03,8.410038722411302542e-03,-1.168592557159536582e+00,-8.839634435964160986e-02,-1.955860980223421253e+00,4.758893884216184311e-01,1.576665198932360568e+00,3.958447199973345043e-01
9.106666666666667354e+00,-8.326706760276417207e-02,1.555640516471880688e-02,-1.706663416974612407e-02,9.174216070689640784e-04,2.045126984294791644e-04,-8.326825094875343891e-02,1.200048390466386533e-01,-2.579116391718372370e-03,-5.247753631090645854e-03,5.448101278899830646e-03,-2.325779726657373203e-04,-3.190109729711565478e-06,-2.579210069560300411e-03,8.401130540165179655e-03,-1.169731890026570298e+00,-8.818193544156427421e-02,-1.956096272782421597e+00,4.759021598028070343e-01,1.576668004560286107e+00,3.947053709743149064e-01
9.120000000000000995e+00,-7.939724934844048787e-02,1.473942218237915894e-02,-1.616574021818802109e-02,8.606372667332684275e-04,1.945331636935478819e-04,-7.939837998139029351e-02,1.144001145563093014e-01,-2.576377728278345103e-03,-5.242847720948073942e-03,5.441702286777427844e-03,-2.324488865026452800e-04,-3.189191213337494446e-06,-2.576471306647842852e-03,8.392231243924011194e-03,-1.170842117594607101e+00,-8.797451670603484430e-02,-1.956323827904684842e+00,4.759143920909014724e-01,1.576670731396265346e+00,3.935951276283313760e-01
9.133333333333334636e+00,-7.327551006751320539e-02,1.353790480813244976e-02,-1.484391224611752817e-02,7.827890514511907363e-04,1.791486085028183507e-04,-7.327655533383616027e-02,1.055604821300778068e-01,-2.573641972919205045e-03,-5.237918434405131052e-03,5.435336310584126807e-03,-2.323149006002722672e-04,-3.188169341861168959e-06,-2.573735451921077555e-03,8.383340497280716147e-03,-1.171900747585919556e+00,-8.777799107693651237e-02,-1.956539371107594016e+00,4.759258672544577351e-01,1.576673325171781492e+00,3.925364825619128695e-01
9.146666666666666501e+00,-6.826568713381134246e-02,1.255687382236570643e-02,-1.376478306636228464e-02,7.194333651847540810e-04,1.665680100308126826e-04,-6.826666248783677671e-02,9.832716262256005479e-02,-2.570909122551867654e-03,-5.232952697669102093e-03,5.429015399311509782e-03,-2.321736999570944704e-04,-3.186995424897531848e-06,-2.571002502292252245e-03,8.374457863593851026e-03,-1.172877754386819626e+00,-8.759748567949454667e-02,-1.956737289937542146e+00,4.759363044418103428e-01,1.576675713819894575e+00,3.915594618241282632e-01
9.160000000000000142e+00,-6.661763707089819742e-02,1.218473335870472532e-02,-1.335375017894457374e-02,6.922324170198592731e-04,1.622093834351806519e-04,-6.661859049716735426e-02,9.593352926483435239e-02,-2.568179174091689276e-03,-5.227958272224775271e-03,5.422732408897346090e-03,-2.320266551478766814e-04,-3.185697988072888620e-06,-2.568272454676723271e-03,8.365583581776548164e-03,-1.173787963548603708e+00,-8.743006069519632106e-02,-1.956920820378426962e+00,4.759458968866794315e-01,1.576677934726695263e+00,3.906492396576237702e-01
9.173333333333333783e+00,-6.833867590776915302e-02,1.240646352639062679e-02,-1.359372013293765752e-02,6.991395373603826336e-04,1.660177041422477575e-04,-6.833965585102126650e-02,9.838551269835524304e-02,-2.565452124458467154e-03,-5.222956089229402465e-03,5.416468051048894949e-03,-2.318774685710067729e-04,-3.184354549823353864e-06,-2.565545305992067426e-03,8.356718319925777669e-03,-1.174676198709549091e+00,-8.726759758374713627e-02,-1.957098870380812983e+00,4.759551266522397128e-01,1.576680097518474710e+00,3.897609917843283256e-01
9.186666666666667425e+00,-7.343607073569752286e-02,1.320701294475056138e-02,-1.446760065190234347e-02,7.381268350195417660e-04,1.779374381018893753e-04,-7.343712609977202932e-02,1.056890776163477430e-01,-2.562727970573330794e-03,-5.217966436704912780e-03,5.410203617603137616e-03,-2.317297310394650367e-04,-3.183040425014382890e-06,-2.562821053160746487e-03,8.347862727679575615e-03,-1.175587381054985947e+00,-8.710217807006204183e-02,-1.957280119982585553e+00,4.759644485127378921e-01,1.576682311087862942e+00,3.888497963729813378e-01
9.200000000000001066e+00,-8.022996040244653737e-02,1.427949214372978629e-02,-1.563863983547069542e-02,7.908447789150849574e-04,1.938476047622818949e-04,-8.023111616908536192e-02,1.154253547192298363e-01,-2.560006709360962418e-03,-5.213009050441197445e-03,5.403920897737890527e-03,-2.315869376836587890e-04,-3.181829047349538087e-06,-2.560099693107442675e-03,8.339017439324244302e-03,-1.176566528664795275e+00,-8.692608456413219997e-02,-1.957473021324610984e+00,4.759742902038714973e-01,1.576684683587037838e+00,3.878706346916511727e-01
9.213333333333334707e+00,-8.478419615049517799e-02,1.494210153289345783e-02,-1.635995207905551266e-02,8.190694829792186452e-04,2.042594977903902447e-04,-8.478542043982441323e-02,1.219366821881426727e-01,-2.557288337750485141e-03,-5.208093209881692331e-03,5.397611310120176142e-03,-2.314507344758354179e-04,-3.180755141940494468e-06,-2.557381222760835016e-03,8.330182750610580847e-03,-1.177636261470161205e+00,-8.673569133554925870e-02,-1.957681536522417165e+00,4.759848348009239061e-01,1.576687268221768079e+00,3.868008864760632548e-01
9.226666666666666572e+00,-8.681178815231876955e-02,1.515820505232088472e-02,-1.659188420284691060e-02,8.217002305457091205e-04,2.085397805348982066e-04,-8.681304465450810637e-02,1.248141489027046330e-01,-2.554572852672354344e-03,-5.203204869307143099e-03,5.391287778008457821e-03,-2.313186382174592381e-04,-3.179766728145239085e-06,-2.554665639052267068e-03,8.321358196085124753e-03,-1.178766717418834542e+00,-8.653646331511088974e-02,-1.957899669216804472e+00,4.759957557273635231e-01,1.576689991681738512e+00,3.856704142035320970e-01
9.240000000000000213e+00,-8.630615429843679909e-02,1.494153840542062663e-02,-1.635001404271135481e-02,8.005679269101476699e-04,2.067394557037708074e-04,-8.630740628605734766e-02,1.240523148874611292e-01,-2.551860251062798568e-03,-5.198328708524879715e-03,5.384964408957415571e-03,-2.311879384548909400e-04,-3.178806950998591674e-06,-2.551952938916191016e-03,8.312543266576719395e-03,-1.179924207927532054e+00,-8.633435391441324214e-02,-1.958120894339509199e+00,4.760067117304376261e-01,1.576692772212145321e+00,3.845129069414721101e-01
9.253333333333333854e+00,-8.326063206159761698e-02,1.430614829127042041e-02,-1.565025366057974307e-02,7.575188618489001827e-04,1.989111313511905514e-04,-8.326184238192642362e-02,1.196456307901213600e-01,-2.549150529859378622e-03,-5.193449904562719155e-03,5.378654862293164030e-03,-2.310560109664017148e-04,-3.177820653732510436e-06,-2.549243119291055848e-03,8.303737467114153184e-03,-1.181074956651511298e+00,-8.613513340234080218e-02,-1.958338894526745255e+00,4.760173859694631915e-01,1.576695528738221164e+00,3.833621415243246844e-01
9.266666666666667496e+00,-7.825207801558642373e-02,1.756937769227428364e-02,-1.925041334259358292e-02,1.106392365381224938e-03,1.864475893485228227e-04,-7.825321764779614997e-02,1.136990505638240528e-01,-2.546443686003208029e-03,-5.188554187638416693e-03,5.372372297263616758e-03,-2.309203277182092506e-04,-3.176754585609842252e-06,-2.546536177117975086e-03,8.294940318974278193e-03,-1.182185098412332547e+00,-8.594438475845711523e-02,-1.958547564575553013e+00,4.760274862209543656e-01,1.576698180886639378e+00,3.822519836258990722e-01
9.280000000000001137e+00,-7.494059378882468592e-02,2.112604461975549006e-02,-2.316893935562909165e-02,1.468499228435798335e-03,1.780904695213174935e-04,-7.494168716955951215e-02,1.105334645778450198e-01,-2.543739716439397114e-03,-5.183774883324332450e-03,5.365993667576507420e-03,-2.308045117889179210e-04,-3.176106098567998970e-06,-2.543832109341614967e-03,8.286156191943044175e-03,-1.183228459452540404e+00,-8.571012638922681504e-02,-1.958804236753454164e+00,4.760422381191595775e-01,1.576700666854497612e+00,3.812086073905951444e-01
9.293333333333334778e+00,-7.456186762488373199e-02,1.885860109490137410e-02,-2.066479359187271478e-02,1.246385908099996703e-03,1.767727582561028792e-04,-7.456295755286646010e-02,1.091025755820298759e-01,-2.541038618116164827e-03,-5.179122764594978889e-03,5.359508951695790557e-03,-2.307104854901709245e-04,-3.175915999520384503e-06,-2.541130912910194439e-03,8.277385444928628613e-03,-1.184227667369724735e+00,-8.542844579429687002e-02,-1.959113155944862461e+00,4.760618181088718259e-01,1.576703041394091009e+00,3.802093848950010013e-01
9.306666666666666643e+00,-7.709950729176803796e-02,1.075643633261678250e-02,-1.173342781271526948e-02,4.456247481973271067e-04,1.823849606383714562e-04,-7.710063665584952763e-02,1.101927778662223911e-01,-2.538340387983950563e-03,-5.174396841019390791e-03,5.353103630800326584e-03,-2.306026362601798496e-04,-3.175434014845990305e-06,-2.538432584773708811e-03,8.268621452357211021e-03,-1.185221825604723112e+00,-8.517699777969811592e-02,-1.959388686526087442e+00,4.760784365876462587e-01,1.576705398364200761e+00,3.792152121276295418e-01
9.320000000000000284e+00,-8.253449550866980011e-02,-3.189754690238695133e-03,3.631771610115677382e-03,-9.329606483482840622e-04,1.948068743773969074e-04,-8.253570725685405174e-02,1.168261896432531838e-01,-2.535645022997634612e-03,-5.169399772714022845e-03,5.346959995260469611e-03,-2.304459649646872776e-04,-3.173921882204666645e-06,-2.535737121887038370e-03,8.259857689547010426e-03,-1.186249819035279929e+00,-8.503357862859672878e-02,-1.959545132230257058e+00,4.760843782509556199e-01,1.576707830163675439e+00,3.781872036388849168e-01
9.333333333333333925e+00,-9.415515578128884344e-02,-1.616271744860329346e-02,1.793359578301908369e-02,-2.265678803589769950e-03,2.215902748373810684e-04,-9.415654185485540506e-02,1.353465087469453432e-01,-2.532952520114761796e-03,-5.163946663418794714e-03,5.341248945473608956e-03,-2.302076605031899703e-04,-3.170686568854108600e-06,-2.533044521207727939e-03,8.251088054065410307e-03,-1.187350278975395579e+00,-8.507610869113335639e-02,-1.959496708608788884e+00,4.760719387756444654e-01,1.576710427588666974e+00,3.770867275421267983e-01
9.346666666666667567e+00,-1.037981948154955980e-01,-2.527285672612581552e-02,2.798578528359955964e-02,-3.220940207869460621e-03,2.434634290518582472e-04,-1.037997271073524408e-01,1.515942076394061755e-01,-2.530262876295097385e-03,-5.158085875806239784e-03,5.335925844786260086e-03,-2.298962937565818265e-04,-3.165907418889446490e-06,-2.530354779696430967e-03,8.242314140239516765e-03,-1.188605681052479435e+00,-8.529161159044829077e-02,-1.959257593998348534e+00,4.760417297249297519e-01,1.576713382125664253e+00,3.758313069840619747e-01
9.360000000000001208e+00,-1.040652029657109651e-01,-3.585614268158215240e-02,3.965816874029438194e-02,-4.262188766672287375e-03,2.433178730573936342e-04,-1.040667432158133288e-01,1.566400724091583929e-01,-2.527576088504623897e-03,-5.151950400246185779e-03,5.330867731591304448e-03,-2.295354731929322156e-04,-3.160081345487952831e-06,-2.527667894316909525e-03,8.233540312953296220e-03,-1.189989656983352795e+00,-8.562858301346309986e-02,-1.958884450194567250e+00,4.759987838554913253e-01,1.576716628304717815e+00,3.744473106226307024e-01
9.373333333333333073e+00,-9.495028642596697876e-02,-4.785449528464650465e-02,5.289434944466480520e-02,-5.391904320978297208e-03,2.214397295003321360e-04,-9.495169487949886578e-02,1.521458768509537096e-01,-2.524892153709323850e-03,-5.145504684412660623e-03,5.326107220181341972e-03,-2.291189401466553477e-04,-3.153074841222291980e-06,-2.524983862036478399e-03,8.224765400921955558e-03,-1.191377193022895575e+00,-8.610666491588414573e-02,-1.958355674611363284e+00,4.759419546719358962e-01,1.576719872543025147e+00,3.730597540464200002e-01
9.386666666666666714e+00,-7.646318572222424170e-02,-6.121914628541979403e-02,6.765055813945894392e-02,-6.616000202850638549e-03,1.781189924640419432e-04,-7.646432152414972538e-02,1.416389646619017062e-01,-2.522211068880064744e-03,-5.138719126059232423e-03,5.321671288540663625e-03,-2.286415191665724933e-04,-3.144777156460776268e-06,-2.522302679825561000e-03,8.215988429784422051e-03,-1.192643196841908448e+00,-8.674472485301265579e-02,-1.957650416618767819e+00,4.758700626143230750e-01,1.576722825072751633e+00,3.717937314480268540e-01
9.400000000000000355e+00,-6.066725779492999904e-02,-8.247261500001314138e-02,9.115951228454936828e-02,-8.690548414210472541e-03,1.413927985950938124e-04,-6.066815960688135695e-02,1.501615006817761389e-01,-2.519532830990378613e-03,-5.131570126977624824e-03,5.317581196253140519e-03,-2.280991334000503912e-04,-3.135100925533151894e-06,-2.519624344658577542e-03,8.207208618951047224e-03,-1.193662705984871453e+00,-8.756098013681823389e-02,-1.956748409176908288e+00,4.757818492782850406e-01,1.576725199992651483e+00,3.707742071610380385e-01
9.413333333333333997e+00,-5.107577979649174926e-02,-1.027173089860978078e-01,1.136397690701979324e-01,-1.079234517758424425e-02,1.191600786887778287e-04,-5.107653940760430167e-02,1.697023268930221707e-01,-2.516857437017794297e-03,-5.123871036903260290e-03,5.314008252909285801e-03,-2.274589048782971190e-04,-3.123349849420975488e-06,-2.516948853510392325e-03,8.198419866839333145e-03,-1.194471602755470485e+00,-8.866061500348498825e-02,-1.955532949013114363e+00,4.756659752994290002e-01,1.576727085229966185e+00,3.699652983662797823e-01
9.426666666666667638e+00,-3.744946772147586533e-02,-1.109759889393549109e-01,1.229348076722739658e-01,-1.171940468956078792e-02,8.768192010967055942e-05,-3.745002415092030940e-02,1.742726488420084929e-01,-2.514184883941616988e-03,-5.115687383754785600e-03,5.310890722315164680e-03,-2.267326927052337737e-04,-3.109774201703885410e-06,-2.514276203362975082e-03,8.189624259681026197e-03,-1.195152613152757004e+00,-9.003017912329980277e-02,-1.954017752092178428e+00,4.755220773637276466e-01,1.576728674031015132e+00,3.692842778408449433e-01
9.440000000000001279e+00,-1.984321159458053013e-02,-1.072850296488339211e-01,1.190126812694268094e-01,-1.139910289791500747e-02,4.710425810755045068e-05,-1.984350463311151253e-02,1.630691735978610502e-01,-2.511515168746036863e-03,-5.107326553814406367e-03,5.307944344347337307e-03,-2.259750650024372476e-04,-3.095528825713955712e-06,-2.511606391198739630e-03,8.180831688125601159e-03,-1.195651939389043239e+00,-9.150985897582453177e-02,-1.952378621323214825e+00,4.753658186345335324e-01,1.576729843123283459e+00,3.687849441854993415e-01
9.453333333333333144e+00,1.708405936474255427e-03,-9.168794976019875587e-02,1.018398844189743052e-01,-9.755650883260538753e-03,-2.533576149333288790e-06,1.708435801826710398e-03,1.374010637659206502e-01,-2.508848288417020456e-03,-5.099067232584353349e-03,5.304912496978175795e-03,-2.252352745282237834e-04,-3.081657232950618663e-06,-2.508939414004096591e-03,8.172051173723155273e-03,-1.195916515543637537e+00,-9.294032603780877366e-02,-1.950791785572955739e+00,4.752138305958948372e-01,1.576730471180058046e+00,3.685203641237246863e-01
9.466666666666666785e+00,3.204867083979764941e-02,-6.914023022828118259e-02,7.685253738757828745e-02,-7.227191625568856262e-03,-7.244580766794626468e-05,3.204915519141957048e-02,1.131069720980894117e-01,-2.506184239944531100e-03,-5.091195345856114329e-03,5.301533270825942168e-03,-2.245635775581789062e-04,-3.069224862262132092e-06,-2.506275268769009301e-03,8.163292133645460094e-03,-1.195893736797817963e+00,-9.416283203461128792e-02,-1.949433920447369406e+00,4.750837552507847228e-01,1.576730437399042728e+00,3.685431432677490626e-01
9.480000000000000426e+00,5.964537757117534256e-02,-5.461334541396171277e-02,6.071736621641556086e-02,-5.517454798846817450e-03,-1.362121409886227707e-04,5.964627433116764105e-02,1.175369134611108507e-01,-2.503523020322084847e-03,-5.083909644421069629e-03,5.297625802542782480e-03,-2.239946688020744148e-04,-3.058967606328621969e-06,-2.503613952486105632e-03,8.154561283214744466e-03,-1.195466421186620609e+00,-9.508470177098837794e-02,-1.948409219948868287e+00,4.749873926957772774e-01,1.576729471454940246e+00,3.689704653369680898e-01
9.493333333333334068e+00,7.391116375593266563e-02,-5.064040648975914188e-02,5.631861725372321742e-02,-5.025094837572114011e-03,-1.694793413614355596e-04,7.391227218670956556e-02,1.291797268450111114e-01,-2.500864626544974101e-03,-5.077026124435057852e-03,5.293359991910051576e-03,-2.234959318818674490e-04,-3.050195536147271014e-06,-2.500955462151566167e-03,8.145852693940658709e-03,-1.194671149485671657e+00,-9.581287970984142532e-02,-1.947599655065982649e+00,4.749138266317927126e-01,1.576727655293060693e+00,3.697657489947170362e-01
9.506666666666667709e+00,7.486344249758876412e-02,-5.716434299740285468e-02,6.363214975771330773e-02,-5.781827729050455222e-03,-1.720674098862440098e-04,7.486456312535433311e-02,1.362332909634597355e-01,-2.498209055612932161e-03,-5.070262468926944877e-03,5.288994866984531029e-03,-2.230176542359352254e-04,-3.041856465824110956e-06,-2.498299794764680115e-03,8.137157039400015265e-03,-1.193685667302259112e+00,-9.648808512970497020e-02,-1.946848740169266234e+00,4.748468253672917250e-01,1.576725395568509214e+00,3.707512459572064323e-01
9.520000000000001350e+00,6.251526309501206913e-02,-7.411635330765793672e-02,8.261834843513886362e-02,-7.820021737160794129e-03,-1.437145391407814441e-04,6.251619801818016076e-02,1.421148544456240503e-01,-2.495556304528356861e-03,-5.063329398486082766e-03,5.284795094539163074e-03,-2.225090458396472570e-04,-3.032875873998364114e-06,-2.495646947327845311e-03,8.128464690052680103e-03,-1.192687488068957968e+00,-9.725027636967054079e-02,-1.946000311505829972e+00,4.747697343309043028e-01,1.576723101336376942e+00,3.717494401322110065e-01
9.533333333333333215e+00,4.803848885945322111e-02,-9.554814037887568445e-02,1.066684831523078275e-01,-1.044235399714113326e-02,-1.102073696420005449e-04,4.803920729588794652e-02,1.588462438336473714e-01,-2.492906370297198748e-03,-5.055958790096237720e-03,5.281005334327737444e-03,-2.219231591036319173e-04,-3.022261457097386028e-06,-2.492996916846568212e-03,8.119766711515492841e-03,-1.191853951227691111e+00,-9.823849441377285885e-02,-1.944898733526694734e+00,4.746654673744088448e-01,1.576721185142521797e+00,3.725829894391199382e-01
9.546666666666666856e+00,4.241607728570504637e-02,-1.099875975970628222e-01,1.229753857914931831e-01,-1.229239641069149701e-02,-9.720620730889219772e-05,4.241671143200140270e-02,1.759819042268747080e-01,-2.490259249928072904e-03,-5.048069839530544556e-03,5.277698355200755032e-03,-2.212460356143530760e-04,-3.009718916757719853e-06,-2.490349700329907989e-03,8.111060390709424681e-03,-1.191213438042898476e+00,-9.951246961882453945e-02,-1.943476487084663917e+00,4.745262359877804315e-01,1.576719715710926728e+00,3.732235122030651553e-01
9.560000000000000497e+00,3.998994617046511268e-02,-1.176089815542879224e-01,1.317110312276877915e-01,-1.339656532395588906e-02,-9.164782785876697004e-05,3.999054368334364895e-02,1.858967025794359407e-01,-2.487614940432703037e-03,-5.039860630906556338e-03,5.274691989480828624e-03,-2.205126393883816149e-04,-2.995987761877927369e-06,-2.487705294789144261e-03,8.102352207137980544e-03,-1.190647890345755799e+00,-1.009789709201185381e-01,-1.941836815274110783e+00,4.743623373689711542e-01,1.576718419628162948e+00,3.737890683554918603e-01
9.573333333333334139e+00,4.075587821878343120e-02,-1.184350885035516526e-01,1.328571335104962170e-01,-1.371137560150067873e-02,-9.356154895095857721e-05,4.075648648967576670e-02,1.875847314908285213e-01,-2.484973438827253744e-03,-5.031498436051773382e-03,5.271832740465498546e-03,-2.197524295710628905e-04,-2.981690809811254894e-06,-2.485063697239553449e-03,8.093647604586744204e-03,-1.190114691063482999e+00,-1.025470906741756671e-01,-1.940080668191074942e+00,4.741837164979849639e-01,1.576717197657124814e+00,3.743222756046029609e-01
9.586666666666667780e+00,4.470737066686049366e-02,-1.124910206417754771e-01,1.263919214402680902e-01,-1.318937111443685244e-02,-1.029723552227757846e-04,4.470803679746437193e-02,1.811095668105885126e-01,-2.482334742129665983e-03,-5.023135307109516390e-03,5.268981689885432473e-03,-2.189920631030517484e-04,-2.967391341535119409e-06,-2.482424904699964685e-03,8.084951568837641864e-03,-1.189571279353899280e+00,-1.041262251875565426e-01,-1.938309239744268275e+00,4.740008981566314894e-01,1.576715950169805147e+00,3.748656954244653505e-01
9.600000000000001421e+00,5.331030487205793561e-02,-1.066445826940539965e-01,1.199977674738453987e-01,-1.261317703211681240e-02,-1.233201883659851142e-04,5.331109740422050602e-02,1.778080436071507453e-01,-2.479698847360989333e-03,-5.014919661809891238e-03,5.266003997456358832e-03,-2.182574084446109453e-04,-2.953635755531536233e-06,-2.479788914191427551e-03,8.076269050031024965e-03,-1.188975181078341103e+00,-1.056261054627802842e-01,-1.936624014125064797e+00,4.738250398751056025e-01,1.576714577205068579e+00,3.754618025817650917e-01
9.613333333333333286e+00,5.975866102866735086e-02,-1.053412986882173441e-01,1.186997206601543425e-01,-1.258677524265454373e-02,-1.386903121218017543e-04,5.975954766476498925e-02,1.802419489052622115e-01,-2.477065751547158357e-03,-5.006851166105441564e-03,5.262900489302779761e-03,-2.175483016202406361e-04,-2.940420543939836762e-06,-2.477155722738988430e-03,8.067600094305127367e-03,-1.188264377013380280e+00,-1.070480332320342676e-01,-1.935024043892080270e+00,4.736568641813438951e-01,1.576712932935890876e+00,3.761726172138213364e-01
9.626666666666666927e+00,5.921183101401561455e-02,-1.039305604591774651e-01,1.172834355491687713e-01,-1.259136017918458667e-02,-1.376975210107494834e-04,5.921270827516419977e-02,1.781227462079339741e-01,-2.474435451714995793e-03,-4.998827818343265506e-03,5.259764058407778720e-03,-2.168469170187314887e-04,-2.927369623151321321e-06,-2.474525327370358241e-03,8.058941311548035655e-03,-1.187467594866331355e+00,-1.084525838812107068e-01,-1.933441380949944888e+00,4.734890405114420275e-01,1.576711083731729524e+00,3.769694111826846772e-01
9.640000000000000568e+00,5.171174707497344647e-02,-1.023781942985099447e-01,1.157095686240296045e-01,-1.262158582380675312e-02,-1.203138352033952796e-04,5.171251269538583439e-02,1.713989690690279344e-01,-2.471807944895765274e-03,-4.990851949853158942e-03,5.256592714280472478e-03,-2.161536337803582342e-04,-2.914491251448936282e-06,-2.471897725116356526e-03,8.050292784534025109e-03,-1.186678103786144467e+00,-1.098383246873329000e-01,-1.931877601809289358e+00,4.733211557090530874e-01,1.576709247764782162e+00,3.777589139596866374e-01
9.653333333333334210e+00,3.729787800377309948e-02,-1.006547886426173849e-01,1.139439251777999568e-01,-1.267250090996182958e-02,-8.652844830853398156e-05,3.729843078890437980e-02,1.614233842136833519e-01,-2.469183228124727236e-03,-4.982926680646482254e-03,5.253383762052532546e-03,-2.154689668354414778e-04,-2.901796154475277945e-06,-2.469272913010911452e-03,8.041654623593809045e-03,-1.185988613825144755e+00,-1.112033672779797477e-01,-1.930334807560968979e+00,4.731528678980687630e-01,1.576707643580312457e+00,3.784484141289583548e-01
9.666666666666667851e+00,1.466810406141205898e-02,-1.009415242107388061e-01,1.144612919496515169e-01,-1.303763017269649396e-02,-3.321084846331206206e-05,1.466832389032377004e-02,1.545667253025658494e-01,-2.466561298438030292e-03,-4.975055822847629372e-03,5.250133893493380555e-03,-2.147935493619357317e-04,-2.889297173069849123e-06,-2.466650888091503901e-03,8.033026963705438769e-03,-1.185491308785094455e+00,-1.125454311265481344e-01,-1.928815555225265044e+00,4.729839012192691428e-01,1.576706489867667926e+00,3.789457265394768903e-01
9.680000000000001492e+00,-3.252746683906067998e-03,-1.012921694266679939e-01,1.150459887656019170e-01,-1.337808685452825455e-02,9.073328467734324251e-06,-3.252790240023962706e-03,1.539344581754314711e-01,-2.463942152876263947e-03,-4.967193303573758101e-03,5.246884789423589268e-03,-2.141193863041124246e-04,-2.876824900965857523e-06,-2.464031647398279290e-03,8.024408239139267651e-03,-1.185295734064275575e+00,-1.138913181160248200e-01,-1.927289404665936345e+00,4.728100661502998570e-01,1.576706047056354976e+00,3.791413041913478388e-01
9.693333333333333357e+00,-8.721658995568086492e-03,-9.856419960343608400e-02,1.121132752415226752e-01,-1.321701663844399542e-02,2.195432038105762804e-05,-8.721782943586140618e-03,1.503699264248357093e-01,-2.461325788483570420e-03,-4.959337708278166446e-03,5.243637714248183812e-03,-2.134462364757894193e-04,-2.864373060518232705e-06,-2.461415187974935748e-03,8.015798391188636365e-03,-1.185339104020060930e+00,-1.152418803750472343e-01,-1.925755458149061683e+00,4.726316916589059502e-01,1.576706168034068156e+00,3.790979336548141454e-01
9.706666666666666998e+00,-1.800983304525310275e-03,-9.277933342507781178e-02,1.056686895742142834e-01,-1.253871808623442663e-02,5.583994692185577338e-06,-1.801005544335397557e-03,1.412005074756970679e-01,-2.458712202306756467e-03,-4.951559130814242593e-03,5.240329605724181050e-03,-2.127861944449804810e-04,-2.852195660985046288e-06,-2.458801506868280029e-03,8.007199813049226469e-03,-1.185455392806668451e+00,-1.165560697030931792e-01,-1.924260614479174736e+00,4.724554647703933519e-01,1.576706460758339645e+00,3.789816432155661552e-01
9.720000000000000639e+00,1.745368783685571218e-02,-8.395818479339797746e-02,9.571838992843231808e-02,-1.132954657354614918e-02,-3.990938522206864718e-05,1.745394857855963461e-02,1.301868607913423959e-01,-2.456101391395293376e-03,-4.943928561210508832e-03,5.236896892909292944e-03,-2.121514479491715122e-04,-2.840549353066990079e-06,-2.456190601127783424e-03,7.998614961653419467e-03,-1.185479405917395423e+00,-1.177931274820940288e-01,-1.922851698618185168e+00,4.722882818625766532e-01,1.576706535211602755e+00,3.789576298083083827e-01
9.733333333333334281e+00,4.184916034223477854e-02,-6.846971625264726413e-02,7.811274085556210722e-02,-9.128520539443173501e-03,-9.767758623233747462e-05,4.184977915596023446e-02,1.198991158957764813e-01,-2.453493352802205152e-03,-4.936520250400366905e-03,5.233273349762868065e-03,-2.115546897458742137e-04,-2.829702050455296103e-06,-2.453582467806469936e-03,7.990046438443912033e-03,-1.185246690079570620e+00,-1.189125699460058527e-01,-1.921575453419139379e+00,4.721372212415961833e-01,1.576706003086465913e+00,3.791903491226893408e-01
9.746666666666667922e+00,5.797020198885161069e-02,-5.507022422124674410e-02,6.285234639073476737e-02,-7.226868127155096355e-03,-1.360777226463086428e-04,5.797105647731470163e-02,1.172884516497573054e-01,-2.450888083584068511e-03,-4.929505557886404432e-03,5.229305908803105751e-03,-2.110252605040940921e-04,-2.820272943182544623e-06,-2.450977103960916281e-03,7.981500241808011861e-03,-1.184688701275007583e+00,-1.198254994960410436e-01,-1.920533950207731877e+00,4.720155076344036971e-01,1.576704700718649654e+00,3.797483461781023806e-01
9.759999999999999787e+00,6.627668278344711617e-02,-5.176876321840462314e-02,5.911332912824620450e-02,-6.754590430133467459e-03,-1.560782495852824870e-04,6.627765757304518446e-02,1.224963915886258248e-01,-2.448285580800568795e-03,-4.922846972713834646e-03,5.225029057191132864e-03,-2.105565364107775395e-04,-2.812122811945982903e-06,-2.448374506649919624e-03,7.972975162276541364e-03,-1.183915765248489516e+00,-1.205597691523241366e-01,-1.919695918922522004e+00,4.719191493927081815e-01,1.576702886349014676e+00,3.805212935977997368e-01
9.773333333333333428e+00,6.676808351754459636e-02,-5.853013354194533391e-02,6.689291927048567066e-02,-7.743277555483786372e-03,-1.575452277614262117e-04,6.676906384788412752e-02,1.299096117017303487e-01,-2.445685841513167702e-03,-4.916285412065235505e-03,5.220675401112373493e-03,-2.101039118356240465e-04,-2.804311720616681214e-06,-2.445774672935829841e-03,7.964462216669149913e-03,-1.183032076144710176e+00,-1.212500193285697137e-01,-1.918907741200811978e+00,4.718290881869728892e-01,1.576700805305686792e+00,3.814049956987735079e-01
9.786666666666667069e+00,5.944130699754079927e-02,-7.531604086586157765e-02,8.618349814735791481e-02,-1.022670571364647958e-02,-1.403184849031408955e-04,5.944217881493071842e-02,1.423774847491575679e-01,-2.443088862788211912e-03,-4.909556326340158705e-03,5.216481806921358100e-03,-2.096219698182189006e-04,-2.795883269790522263e-06,-2.443177599884105433e-03,7.955952169708988692e-03,-1.182141835031143007e+00,-1.220304211091289837e-01,-1.918015835610538788e+00,4.717258444862331146e-01,1.576698704702650389e+00,3.822952498834117918e-01
9.800000000000000711e+00,5.455877071244111254e-02,-9.667092432701179794e-02,1.107659907636352054e-01,-1.340659555656907413e-02,-1.288038906070507065e-04,5.455957010248987937e-02,1.665759042189759453e-01,-2.440494641693824462e-03,-4.902415121876391169e-03,5.212666693000578277e-03,-2.090688351015224100e-04,-2.785956498385644409e-06,-2.440583284563313526e-03,7.947436472467732035e-03,-1.181349284271175692e+00,-1.230346349873405742e-01,-1.916866722301907355e+00,4.715894884100513273e-01,1.576696833789518415e+00,3.830878122676106834e-01
9.813333333333334352e+00,5.484654228278448146e-02,-1.113273951502963544e-01,1.277418546809225564e-01,-1.567614677003876036e-02,-1.296419602687039912e-04,5.484734474310839353e-02,1.870131095902436147e-01,-2.437903175301681102e-03,-4.894783716729467216e-03,5.209298913538606968e-03,-2.084313139834037543e-04,-2.774254618920224402e-06,-2.437991724044685782e-03,7.938912372104152404e-03,-1.180621833995009862e+00,-1.243235806450342373e-01,-1.915389842425058831e+00,4.714107338026303218e-01,1.576695116404310149e+00,3.838152732023107916e-01
9.826666666666667993e+00,5.144054329146747345e-02,-1.190669416098539685e-01,1.368426699172468897e-01,-1.703439500961214520e-02,-1.216771475158508604e-04,5.144129515543703624e-02,1.961768963320268677e-01,-2.435314460687454385e-03,-4.886844838138948433e-03,5.206213979583651508e-03,-2.077409526561879716e-04,-2.761442220666765479e-06,-2.435402915403006574e-03,7.930386137195216331e-03,-1.179890546764572834e+00,-1.258079459137046996e-01,-1.913686617695979919e+00,4.712017185123631435e-01,1.576693387844839478e+00,3.845465711322191282e-01
9.839999999999999858e+00,4.438323726615234915e-02,-1.198801682276011277e-01,1.380128515117665655e-01,-1.743252483956434992e-02,-1.049493652719229932e-04,4.438388575995615842e-02,1.940683047762168378e-01,-2.432728494928149132e-03,-4.878759710132296590e-03,5.203267104490816308e-03,-2.070255157198275242e-04,-2.748103934635537371e-06,-2.432816855717501170e-03,7.921863276377552263e-03,-1.179204672854019975e+00,-1.273955051351696177e-01,-1.911862048763749877e+00,4.709745932455682293e-01,1.576691765482872931e+00,3.852324550676247128e-01
9.853333333333333499e+00,3.371370057987603530e-02,-1.137634173182589942e-01,1.311969270082616046e-01,-1.681794270388570559e-02,-7.950940861384455662e-05,3.371419369835560592e-02,1.808614352436596628e-01,-2.430145275105655145e-03,-4.870674737202040916e-03,5.200327377547608876e-03,-2.063101020164381794e-04,-2.734767556411554779e-06,-2.430233542067838926e-03,7.913348829259767361e-03,-1.178612896357137840e+00,-1.289939073782044865e-01,-1.910021877410259750e+00,4.707421595810408199e-01,1.576690366158002732e+00,3.858242402110909630e-01
9.866666666666667140e+00,2.633652207940733597e-02,-1.082332291555339748e-01,1.250207447590304388e-01,-1.623542514739398021e-02,-6.189659297095836455e-05,2.633690791956400795e-02,1.702805229274461651e-01,-2.427564798304082672e-03,-4.862733305309063780e-03,5.197267293156393464e-03,-2.056191508001958823e-04,-2.721946311012857223e-06,-2.427652971538574178e-03,7.904847813805647438e-03,-1.178163380349406264e+00,-1.305107529424480717e-01,-1.908272585050149628e+00,4.705179203449891823e-01,1.576689306032554860e+00,3.862737627937358198e-01
9.880000000000000782e+00,2.141670944023214493e-02,-1.072974227983790607e-01,1.241291190818668844e-01,-1.631349672564118974e-02,-5.012347971685997321e-05,2.141702379723977451e-02,1.676432885103784631e-01,-2.424987061609762407e-03,-4.854924866354082269e-03,5.194096706405026964e-03,-2.049507681203266429e-04,-2.709599550954067126e-06,-2.425075141216925800e-03,7.896359914684526402e-03,-1.177812226721680844e+00,-1.319538626645218038e-01,-1.906605641786695893e+00,4.703014480096907590e-01,1.576688480744648402e+00,3.866249215659967042e-01
9.893333333333334423e+00,1.167642646928542666e-02,-1.054372492264006728e-01,1.221680557467405975e-01,-1.627792499300657544e-02,-2.672901445429607479e-05,1.167659970009473497e-02,1.630328213628651213e-01,-2.422412062114354114e-03,-4.847151888232925643e-03,5.190902527496099594e-03,-2.042882932387080075e-04,-2.697376678018059692e-06,-2.422500048193221289e-03,7.887881727202431317e-03,-1.177526670595811176e+00,-1.333844949685003556e-01,-1.904950586865604256e+00,4.700839347200154172e-01,1.576687812431585733e+00,3.869104818832931336e-01
9.906666666666668064e+00,-2.859906628871446838e-03,-1.026477076324925491e-01,1.191256471543617468e-01,-1.612170041956911479e-02,8.228582319929348671e-06,-2.859943810929393287e-03,1.581257073622331644e-01,-2.419839796910849827e-03,-4.839434051658653146e-03,5.187667408796947655e-03,-2.036350489098559535e-04,-2.685347191722087246e-06,-2.419927689560896766e-03,7.879413949926635657e-03,-1.177370984909553941e+00,-1.347903249581858809e-01,-1.903321679455647786e+00,4.698668957201084240e-01,1.576687456044726154e+00,3.870661698792945415e-01
9.919999999999999929e+00,-2.217261955484802274e-02,-9.893348995441328397e-02,1.150015341150100040e-01,-1.583971757295909652e-02,5.465669475872755168e-05,-2.217293636939494939e-02,1.557156128609988310e-01,-2.417270263095794292e-03,-4.831791355561776413e-03,5.184373805476205632e-03,-2.029943950976331735e-04,-2.673581114720491314e-06,-2.417358062415608799e-03,7.870957302503891334e-03,-1.177409116997938821e+00,-1.361589610599525102e-01,-1.901733337493589637e+00,4.696519397145140218e-01,1.576687565759156584e+00,3.870280372951486747e-01
9.933333333333333570e+00,-4.486335614804364685e-02,-9.526481518379743829e-02,1.109175272427233849e-01,-1.557214950767669276e-02,1.090946055662788398e-04,-4.486400206213567166e-02,1.601439540209473045e-01,-2.414703457768396788e-03,-4.824244126308663283e-03,5.181003963912633736e-03,-2.023697311148708877e-04,-2.662149079846187760e-06,-2.414791163857898937e-03,7.862512525485483572e-03,-1.177704751925336746e+00,-1.374780742593446625e-01,-1.900199983705389561e+00,4.694407434802077006e-01,1.576688294515086852e+00,3.867323981435566438e-01
9.946666666666667211e+00,-6.427597412750890582e-02,-9.223525069899320139e-02,1.075569714750997108e-01,-1.536753831822914099e-02,1.554412281346358345e-04,-6.427690268573170440e-02,1.690412672966290775e-01,-2.412139378031863401e-03,-4.816791821196986234e-03,5.177558624566813705e-03,-2.017609123456942655e-04,-2.651047134705208919e-06,-2.412226990989640996e-03,7.854079620712330415e-03,-1.178302930007310678e+00,-1.387482717951287192e-01,-1.898721083342153282e+00,4.692331148201054347e-01,1.576689749109827510e+00,3.861342114493950817e-01
9.960000000000000853e+00,-7.849015472610577915e-02,-8.918596052336497104e-02,1.041528790551767281e-01,-1.510864936176716834e-02,1.890701820144028485e-04,-7.849129168154334035e-02,1.770645420794157154e-01,-2.409578020992064751e-03,-4.809420625823790374e-03,5.174050215639436345e-03,-2.011655553566527033e-04,-2.640224239680577512e-06,-2.409665540917149684e-03,7.845658111327268730e-03,-1.179159942995677390e+00,-1.399780751377819321e-01,-1.897286990389152050e+00,4.690282143091959455e-01,1.576691821659536252e+00,3.852771860802519654e-01
9.973333333333334494e+00,-8.752940150602869784e-02,-8.611080606000745541e-02,1.006984435575459524e-01,-1.479495060601295972e-02,2.101044895843778870e-04,-8.753067262811778382e-02,1.819263503214465783e-01,-2.407019383757535991e-03,-4.802131231365969199e-03,5.170478327402694418e-03,-2.005837361798157303e-04,-2.629681270072126154e-06,-2.407106810748960157e-03,7.837248034864239751e-03,-1.180206478392025415e+00,-1.411672212780934466e-01,-1.895898285335082978e+00,4.688267656510389791e-01,1.576694342595295950e+00,3.842306355244979876e-01
9.986666666666668135e+00,-9.141333898791600965e-02,-8.299384654773057923e-02,9.717535421450841648e-02,-1.442420133950608925e-02,2.187046092307297601e-04,-9.141466978400340782e-02,1.823517859636427374e-01,-2.404463463440809079e-03,-4.794924487586005313e-03,5.166842405348148759e-03,-2.000155579771067949e-04,-2.619419990246285579e-06,-2.404550797596716194e-03,7.828849433562668977e-03,-1.181373537078772573e+00,-1.423153653588933309e-01,-1.894555639420982374e+00,4.686294996429589688e-01,1.576697143988490701e+00,3.830635598894565064e-01
1.000000000000000000e+01,-9.882257678135493439e-02,-7.856108884854814955e-02,9.210448843811878950e-02,-1.384704787850184367e-02,2.355603166103492402e-04,-9.882401931365383807e-02,1.854156578343413297e-01,-2.401910257156636419e-03,-4.787801632211596825e-03,5.163141549085814574e-03,-1.994611896192211020e-04,-2.609443832568558719e-06,-2.401997498575170198e-03,7.820462362754606114e-03,-1.182592381598611464e+00,-1.434219499795297281e-01,-1.893259968031455687e+00,4.684371769584321221e-01,1.576700060049947005e+00,3.818446976256697489e-01
1.001333333333333364e+01,-1.096589296124966667e-01,-7.422680993036519237e-02,8.713713822500142314e-02,-1.329502156665616185e-02,2.603285775604541525e-04,-1.096605350647234384e-01,1.932093148229340751e-01,-2.399359762022434950e-03,-4.780793450664511113e-03,5.159348904724581075e-03,-1.989257696592972025e-04,-2.599861087304589091e-06,-2.399446910803071376e-03,7.812087947859163231e-03,-1.183910015955696116e+00,-1.444694311641772089e-01,-1.892031908185614064e+00,4.682525496533855858e-01,1.576703200854168152e+00,3.805270440348209604e-01
1.002666666666666728e+01,-1.152097423886138949e-01,-7.193387422297739531e-02,8.454160779768112033e-02,-1.303498095193887651e-02,2.724068421807420218e-04,-1.152114341556048499e-01,1.975821599869056755e-01,-2.396811975160062502e-03,-4.773898508094731596e-03,5.155465977703332925e-03,-1.984090048541276019e-04,-2.590665711288409057e-06,-2.396899031400945290e-03,7.803726152845394740e-03,-1.185372135017196182e+00,-1.454591219632486165e-01,-1.890870079675947446e+00,4.680752826991634308e-01,1.576706671901868972e+00,3.790649035672912781e-01
1.004000000000000092e+01,-1.154767520683450677e-01,-7.164701616792412686e-02,8.428631921098009294e-02,-1.307058153639185927e-02,2.719771821185660112e-04,-1.154784527253264886e-01,1.976829429092924473e-01,-2.394266893693597353e-03,-4.767069144969493522e-03,5.151534780818867176e-03,-1.979028463674481486e-04,-2.581688150371519441e-06,-2.394353857493314308e-03,7.795375256249760347e-03,-1.186908264915710998e+00,-1.464182402862217458e-01,-1.889742858238645073e+00,4.679014829531373820e-01,1.576710303993097639e+00,3.775287511118832207e-01
1.005333333333333456e+01,-1.104597917759075898e-01,-7.332840127271414432e-02,8.633589825703379128e-02,-1.340439694463346071e-02,2.592292716381157359e-04,-1.104614230004221376e-01,1.934264159539247074e-01,-2.391724514749782315e-03,-4.760257805601408876e-03,5.147597089677269366e-03,-1.973992929213963521e-04,-2.572759770558263881e-06,-2.391811386206477152e-03,7.787033525998444949e-03,-1.188447954943288920e+00,-1.473735338351271906e-01,-1.888619040649165415e+00,4.677272085326520390e-01,1.576713930355525761e+00,3.759890384088788728e-01
1.006666666666666643e+01,-1.105690003360296214e-01,-7.339767415104372916e-02,8.650179301316206215e-02,-1.350281322904588882e-02,2.585140211549948009e-04,-1.105706376991198309e-01,1.936583107340640042e-01,-2.389184835459801093e-03,-4.753418094189498788e-03,5.143693529024773170e-03,-1.968905656912767199e-04,-2.563716505310509319e-06,-2.389271614671173438e-03,7.778699260986021019e-03,-1.189920752166967688e+00,-1.483512458520968025e-01,-1.887467895339071555e+00,4.675484832400567115e-01,1.576717386745814409e+00,3.745162194355398100e-01
1.008000000000000007e+01,-1.142008968574090011e-01,-7.216944219630724855e-02,8.514490025228148296e-02,-1.340148648641464012e-02,2.659410103224941688e-04,-1.142025928712608884e-01,1.967786321024697915e-01,-2.386647852956613747e-03,-4.746588113201166692e-03,5.139790686552014876e-03,-1.963830602380589596e-04,-2.554693430578680591e-06,-2.386734540020363227e-03,7.770373838452373193e-03,-1.191395005504781501e+00,-1.493298815074441954e-01,-1.886314538098896154e+00,4.673684457303362016e-01,1.576720833599429383e+00,3.730419442662182838e-01
1.009333333333333371e+01,-1.101465712716892531e-01,-7.331449795188803298e-02,8.657046996410283635e-02,-1.365524164760677922e-02,2.555633632847664652e-04,-1.101482114721908379e-01,1.931861497889069967e-01,-2.384113564376733052e-03,-4.739798223732272220e-03,5.135862023965209744e-03,-1.958818547374008290e-04,-2.545797856967624284e-06,-2.384200159390559293e-03,7.762058361084952368e-03,-1.192917684129547018e+00,-1.502921407367283635e-01,-1.885179272762198988e+00,4.671897592438507552e-01,1.576724379479567340e+00,3.715192430279348201e-01
1.010666666666666735e+01,-9.841039628816100615e-02,-7.678203756668766644e-02,9.072938247324223437e-02,-1.426605656818749797e-02,2.276551854690141716e-04,-9.841186505479075641e-02,1.835766205564138553e-01,-2.381581966858892230e-03,-4.732992795040136258e-03,5.131956179137198149e-03,-1.953776381169447518e-04,-2.536833005883920578e-06,-2.381668469920938946e-03,7.753750785585462359e-03,-1.194386305079836230e+00,-1.512696673760869359e-01,-1.884024999829344349e+00,4.670076893552161934e-01,1.576727786991077629e+00,3.700506002083057133e-01
1.012000000000000099e+01,-7.900317943975260215e-02,-8.253181246705934559e-02,9.758532462103165772e-02,-1.523837910301554903e-02,1.824572020200664112e-04,-7.900436032265366337e-02,1.704401022365018836e-01,-2.379053057546265393e-03,-4.726118526489297977e-03,5.128119599164815412e-03,-1.948615210216608773e-04,-2.527610929448087518e-06,-2.379139468754232212e-03,7.745449142132428827e-03,-1.195698443697011726e+00,-1.522934278769763061e-01,-1.882815274729701116e+00,4.668174752676401695e-01,1.576730822393550113e+00,3.687384420075749958e-01
1.013333333333333464e+01,-6.109324654586800740e-02,-9.273379186508999561e-02,1.097292677182903076e-01,-1.704103453741822455e-02,1.410727366484075096e-04,-6.109416037500321750e-02,1.685092469650653624e-01,-2.376526833583803011e-03,-4.719125500780130267e-03,5.124395622550181884e-03,-1.943252113303373108e-04,-2.517956292358292103e-06,-2.376613153035833648e-03,7.737151574469382058e-03,-1.196751819422875007e+00,-1.533938520432038821e-01,-1.881514137068087456e+00,4.666142968795998769e-01,1.576733255156243629e+00,3.676850505366062727e-01
1.014666666666666650e+01,-4.832225976073102613e-02,-1.013353636533128321e-01,1.200286057725560712e-01,-1.863661303782662704e-02,1.116704992179940982e-04,-4.832298268887660203e-02,1.723171767137796351e-01,-2.374003292120452357e-03,-4.711920502501687480e-03,5.120865130988860869e-03,-1.937532357594307086e-04,-2.507541853269401599e-06,-2.374089519913358259e-03,7.728854623769805185e-03,-1.197566396043486581e+00,-1.546303026014053117e-01,-1.880051080165176858e+00,4.663870830857677063e-01,1.576735136126065306e+00,3.668704617316063121e-01
1.016000000000000014e+01,-3.338357624959820136e-02,-1.031356014903302837e-01,1.223020235324247806e-01,-1.901695900875015333e-02,7.743390489721862786e-05,-3.338407494584182122e-02,1.678849236949239432e-01,-2.371482430307825240e-03,-4.704546929144903800e-03,5.117489776368611132e-03,-1.931529380994057021e-04,-2.496523347161883066e-06,-2.371568566538861944e-03,7.720559830280649023e-03,-1.198210692840296243e+00,-1.559814407834494432e-01,-1.878450698754876136e+00,4.661385949119298822e-01,1.576736625066054387e+00,3.662261552957546407e-01
1.017333333333333378e+01,-1.630388703905162953e-02,-9.815652914750597202e-02,1.165336695058909050e-01,-1.814354802463913341e-02,3.840009461567567799e-05,-1.630412869149950109e-02,1.551632414499458101e-01,-2.368964245300198002e-03,-4.697150519510806532e-03,5.114142366907437065e-03,-1.925486564910983134e-04,-2.485416575659371574e-06,-2.369050290066176956e-03,7.712272504698189542e-03,-1.198655807190290856e+00,-1.573565821366540440e-01,-1.876820005107777245e+00,4.658850354584798126e-01,1.576737657518119562e+00,3.657810342964769035e-01
1.018666666666666742e+01,2.902596563749981068e-03,-8.642219645916456028e-02,1.027102512799106943e-01,-1.598004660728434903e-02,-5.452728185762551122e-06,2.902644311590417761e-03,1.352420204260627035e-01,-2.366448734256287878e-03,-4.689871988443172768e-03,5.110700637303011717e-03,-1.919637772225257777e-04,-2.474717661904435317e-06,-2.366534687654020530e-03,7.703997827611277008e-03,-1.198873192350811578e+00,-1.586653358586209706e-01,-1.875266222847698616e+00,4.656431214848177902e-01,1.576738169519381394e+00,3.655636459139235406e-01
1.020000000000000107e+01,2.734847863659642386e-02,-7.562495929631561642e-02,8.994536700591447553e-02,-1.390497151309299725e-02,-6.126666669490245644e-05,2.734889463798978806e-02,1.244931999044070481e-01,-2.363935894334812104e-03,-4.682858306277903893e-03,5.107037447897866400e-03,-1.914226099062332764e-04,-2.464942517654833409e-06,-2.364021756461998081e-03,7.695741282032695675e-03,-1.198834491063294871e+00,-1.598176318114097327e-01,-1.873896752830633172e+00,4.654300541967204552e-01,1.576738096816338697e+00,3.656023478380783232e-01
1.021333333333333471e+01,5.027181590078422246e-02,-6.938954851707895832e-02,8.257607992265664221e-02,-1.265770047355723772e-02,-1.137327164787407720e-04,5.027257653393387565e-02,1.298019112360395966e-01,-2.361425722701149255e-03,-4.676097562755998638e-03,5.103163789883957691e-03,-1.909230391023974960e-04,-2.456047095478197662e-06,-2.361511493654155913e-03,7.687502500833293811e-03,-1.198469844681473662e+00,-1.608259646020271383e-01,-1.872697481270554354e+00,4.652446545765460684e-01,1.576737279927449720e+00,3.659669997665848662e-01
1.022666666666666657e+01,6.520748672906787058e-02,-6.184757705508611009e-02,7.363974166327016957e-02,-1.120250457393172881e-02,-1.481818959624957603e-04,6.520847079702951632e-02,1.337071927595140652e-01,-2.358918216520677902e-03,-4.669491138964865229e-03,5.099165589725451753e-03,-1.904486208674782688e-04,-2.447683703721281745e-06,-2.359003896396760780e-03,7.679277857461959053e-03,-1.197799553802796568e+00,-1.617511585822546394e-01,-1.871596466871585651e+00,4.650758852368985785e-01,1.576735763491230458e+00,3.666373007870373790e-01
1.024000000000000021e+01,7.219577914793769147e-02,-5.297291562714139673e-02,6.310210130386952054e-02,-9.531417537962386805e-03,-1.646196991227945317e-04,7.219686645556470939e-02,1.315427613048806565e-01,-2.356413372963217512e-03,-4.663072141888768840e-03,5.095014499290506649e-03,-1.900047691880679679e-04,-2.439967481837612695e-06,-2.356498961859632146e-03,7.671068612372108388e-03,-1.196930120646408913e+00,-1.625757929429889614e-01,-1.870614603649408680e+00,4.649265185092463781e-01,1.576733787732617742e+00,3.675067470643309520e-01
1.025333333333333385e+01,7.127360870065664600e-02,-4.272712165068023871e-02,5.091570592153953079e-02,-7.635707450247684012e-03,-1.629760613658536484e-04,7.127468031752466626e-02,1.209808000266270611e-01,-2.353911189202140264e-03,-4.656876517668440130e-03,5.090679763287919712e-03,-1.895973586103494313e-04,-2.433022800119033491e-06,-2.353996687214809924e-03,7.662876138971723775e-03,-1.195967510257769817e+00,-1.632820984846841128e-01,-1.869773242298690352e+00,4.647994329420734871e-01,1.576731592803295889e+00,3.684693719504053000e-01
1.026666666666666750e+01,7.269452691160863123e-02,-2.880861479615932225e-02,3.431756806019845008e-02,-5.002742668794701170e-03,-1.667502422469267157e-04,7.269561791160204789e-02,1.122578910827454479e-01,-2.351411662412594694e-03,-4.650943891685521692e-03,5.086127475546931009e-03,-1.892328666230902456e-04,-2.426986321246715761e-06,-2.351497069637886739e-03,7.654701955258531865e-03,-1.195017195475094329e+00,-1.638517934400263165e-01,-1.869094366219736569e+00,4.646976235094033569e-01,1.576729419789144160e+00,3.694197010213056132e-01
1.028000000000000114e+01,7.941925782453329585e-02,-1.583642565919701414e-02,1.882157362160747499e-02,-2.492352097530053674e-03,-1.828165655842747871e-04,7.942044717995577763e-02,1.150057181004119355e-01,-2.348914789773282052e-03,-4.645377526864002959e-03,5.081268777973768636e-03,-1.889282787908008743e-04,-2.422216623720885309e-06,-2.349000106308007929e-03,7.646549987531310079e-03,-1.194047935116272940e+00,-1.642359083039752754e-01,-1.868636798645600505e+00,4.646309202738194699e-01,1.576727196452580415e+00,3.703889759267937620e-01
1.029333333333333478e+01,8.269156668730193172e-02,-8.378321993406011303e-03,9.908173182956949224e-03,-1.049264479151325443e-03,-1.909603008269677212e-04,8.269280243675891651e-02,1.176669043235085005e-01,-2.346420568466456302e-03,-4.640165747097579896e-03,5.076114063372827445e-03,-1.886816032463656256e-04,-2.418670607795547767e-06,-2.346505794406539280e-03,7.638419841144244993e-03,-1.192989011678612599e+00,-1.644470606460979312e-01,-1.868385844330645806e+00,4.645976889125189579e-01,1.576724758898372158e+00,3.714479152225265146e-01
1.030666666666666664e+01,8.249782876404999910e-02,-6.419488182169997073e-03,7.568453257581768574e-03,-6.780954889596256963e-04,-1.910626370629052038e-04,8.249905913512957378e-02,1.170938689283976680e-01,-2.343928995676591853e-03,-4.635165849386169157e-03,5.070786673577742931e-03,-1.884692533642429169e-04,-2.415848760151106944e-06,-2.344014131117511113e-03,7.630306141937582241e-03,-1.191886457456115211e+00,-1.645587716060101791e-01,-1.868253735354873157e+00,4.645836987194638112e-01,1.576722212761027642e+00,3.725504859216832720e-01
1.032000000000000028e+01,7.882167050910107720e-02,-9.946509340510256356e-03,1.178999904580284655e-02,-1.379676695500922732e-03,-1.829956881146955735e-04,7.882284390148663888e-02,1.125423057491283657e-01,-2.341440068589939472e-03,-4.630226276831628240e-03,5.065417452765785811e-03,-1.882662091201581234e-04,-2.413221857011649263e-06,-2.341525113629394639e-03,7.622203145228951399e-03,-1.190786486405927880e+00,-1.646443647817723566e-01,-1.868152822644772115e+00,4.645746574462776834e-01,1.576719665259200376e+00,3.736504733768182263e-01
1.033333333333333393e+01,7.461392326400537178e-02,-1.336463688648687267e-02,1.588358913933609826e-02,-2.065979374502735152e-03,-1.736178207451808720e-04,7.461503212757800152e-02,1.075631949191953457e-01,-2.338953784398967173e-03,-4.625193926131032640e-03,5.060138526782331780e-03,-1.880472049577974758e-04,-2.410256190188420078e-06,-2.339038739132437428e-03,7.614105026455184749e-03,-1.189735530799139962e+00,-1.647769849063123182e-01,-1.867995622657494748e+00,4.645562617570044850e-01,1.576717225316691895e+00,3.747014446288381428e-01
1.034666666666666757e+01,7.273221728919564144e-02,-1.311492960016747041e-02,1.559046891095327604e-02,-2.034999516883904177e-03,-1.696456584399537709e-04,7.273329631601187228e-02,1.048777475290132710e-01,-2.336470140296142972e-03,-4.620073136062607944e-03,5.054946122021508614e-03,-1.878129608199330391e-04,-2.406967253065772638e-06,-2.336555004819551584e-03,7.606011937138525830e-03,-1.188740678488953151e+00,-1.649551800647985900e-01,-1.867783841468970252e+00,4.645287153653443468e-01,1.576714910412414739e+00,3.756963117238725225e-01
1.036000000000000121e+01,7.164134423943253893e-02,-1.300629692920910255e-02,1.546479917804712695e-02,-2.025114359625978036e-03,-1.674986880087937910e-04,7.164240523439015240e-02,1.033323248050172227e-01,-2.333989133478375777e-03,-4.614965074797083844e-03,5.049752913976579549e-03,-1.875801731792137161e-04,-2.403707592080195354e-06,-2.334073907888090105e-03,7.597927711927184719e-03,-1.187770915591763954e+00,-1.651300457928006615e-01,-1.867575968550157617e+00,4.645015820384523764e-01,1.576712648470302014e+00,3.766660890080859581e-01
1.037333333333333485e+01,7.133955152345400341e-02,-1.304261121806873057e-02,1.551133210871389820e-02,-2.037207724239313567e-03,-1.671910781562901342e-04,7.134060618010666655e-02,1.029257159365600388e-01,-2.331510761145239030e-03,-4.609865859623418771e-03,5.044562243598615936e-03,-1.873482018215355538e-04,-2.400463677165731724e-06,-2.331595445536738254e-03,7.589852194555411942e-03,-1.186815697668571534e+00,-1.653034630851899500e-01,-1.867369771227783692e+00,4.644745805136571981e-01,1.576710415154462197e+00,3.776213210778776030e-01
1.038666666666666671e+01,7.182511352608586530e-02,-1.322765255851541741e-02,1.573471179068291342e-02,-2.072148541218685972e-03,-1.687365627730255061e-04,7.182617342904143443e-02,1.036567428653004108e-01,-2.329035020499858888e-03,-4.604771517509487211e-03,5.039377528046617982e-03,-1.871163919529017505e-04,-2.397221694039330941e-06,-2.329119614968178098e-03,7.581785224932283476e-03,-1.185864503648258905e+00,-1.654773645680975847e-01,-1.867162953466334097e+00,4.644474177440005569e-01,1.576708185940086437e+00,3.785725291602788367e-01
1.040000000000000036e+01,7.178529899383861990e-02,-1.331408235949967968e-02,1.584094843442710246e-02,-2.092077368226061100e-03,-1.690471331400299486e-04,7.178635639796726586e-02,1.036292232797118434e-01,-2.326561908746693774e-03,-4.599677993273765253e-03,5.034202253620279066e-03,-1.868840755498979433e-04,-2.393967567293486809e-06,-2.326646413387756240e-03,7.573726639448936752e-03,-1.184906835467911090e+00,-1.656537332688778896e-01,-1.866953157309124922e+00,4.644197890967842746e-01,1.576705936119249252e+00,3.795302114726659681e-01
1.041333333333333400e+01,7.122126713938323195e-02,-1.329938392094747249e-02,1.582694677744561976e-02,-2.096412010652356356e-03,-1.681137103744449854e-04,7.122231437252919684e-02,1.028439401230312883e-01,-2.324091423094643005e-03,-4.594587983477449455e-03,5.029034082837391395e-03,-1.866516982031996008e-04,-2.390710698740861062e-06,-2.324175838003927907e-03,7.565676531881245122e-03,-1.183949698147993335e+00,-1.658312543670046324e-01,-1.866741944663332653e+00,4.643918947318743662e-01,1.576703682157473807e+00,3.804873628913054695e-01
1.042666666666666764e+01,7.144372203917073727e-02,-1.343529906238582691e-02,1.599211307386666156e-02,-2.124031612401820843e-03,-1.690401876860415345e-04,7.144477063131852990e-02,1.031957154910543017e-01,-2.321623560756158611e-03,-4.589504237656250041e-03,5.023870633731775115e-03,-1.864197140157841659e-04,-2.387460658503925970e-06,-2.321707886027812862e-03,7.557634998303447427e-03,-1.183000081252801650e+00,-1.660085794859504915e-01,-1.866530918706299946e+00,4.643639425717323022e-01,1.576701440641335772e+00,3.814369937496060459e-01
1.044000000000000128e+01,7.245091371091992583e-02,-1.372559631256679152e-02,1.634108876146828093e-02,-2.175815026900431316e-03,-1.718400622691247876e-04,7.245197508254173913e-02,1.046833820001648180e-01,-2.319158318944136710e-03,-4.584422661643827723e-03,5.018715425186393020e-03,-1.861874487349979290e-04,-2.384203251715177885e-06,-2.319242554674083578e-03,7.549601873332651390e-03,-1.182047498292279286e+00,-1.661877168067822375e-01,-1.866317690531981821e+00,4.643356221502337178e-01,1.576699186772167138e+00,3.823895906913570286e-01
1.045333333333333314e+01,7.424103970771717131e-02,-1.417412488254201665e-02,1.687862012145160961e-02,-2.252666465506434137e-03,-1.765270205056534080e-04,7.424212516700848252e-02,1.073057520712685092e-01,-2.316695694876802492e-03,-4.579339084565869911e-03,5.013572040390990026e-03,-1.859542158051397109e-04,-2.380924045475296680e-06,-2.316779841159632980e-03,7.541576988260628202e-03,-1.181081486109466949e+00,-1.663707247576162729e-01,-1.866099809348495508e+00,4.643066112832086034e-01,1.576696895571337187e+00,3.833556170257907958e-01
1.046666666666666679e+01,7.629216894515659930e-02,-1.878343101313648816e-02,2.239877420364182886e-02,-3.132912256299402124e-03,-1.818415233871763952e-04,7.629328212924829655e-02,1.118281293432277779e-01,-2.314235685774157503e-03,-4.574249263459062576e-03,5.008444122757360617e-03,-1.857193171495019612e-04,-2.377608385728535723e-06,-2.314319742705350791e-03,7.533560171234379883e-03,-1.180091605580030789e+00,-1.665597130893834432e-01,-1.865874761080209554e+00,4.642765757303353169e-01,1.576694541877730060e+00,3.843455120280174775e-01
1.048000000000000043e+01,7.780538996722502487e-02,-2.329867415066898609e-02,2.781077695262295507e-02,-4.002973088656347836e-03,-1.859018512145336273e-04,7.780652289850703562e-02,1.159304084286872788e-01,-2.311778288859756003e-03,-4.569041832686693283e-03,5.003427617636724278e-03,-1.854644045167219701e-04,-2.373870582328407863e-06,-2.311862256533903093e-03,7.525547144520758694e-03,-1.179074376660762091e+00,-1.668101588362254084e-01,-1.865576110757494410e+00,4.642348035669181527e-01,1.576692117324085096e+00,3.853627557897407740e-01
1.049333333333333407e+01,7.891933911068030327e-02,-2.158786916274774495e-02,2.576783812046172170e-02,-3.671485477689767022e-03,-1.890708359165870660e-04,7.892048587585626107e-02,1.166200596223989916e-01,-2.309323501359372699e-03,-4.563721471130932628e-03,4.998518430769482990e-03,-1.851902596241572496e-04,-2.369727444051505927e-06,-2.309407379871508681e-03,7.517538074184075374e-03,-1.178036971461199123e+00,-1.671208078249009077e-01,-1.865205300398126154e+00,4.641814305924025774e-01,1.576689638632736035e+00,3.864001760950541708e-01
1.050666666666666771e+01,7.965819194950990445e-02,-1.364488245220632848e-02,1.625421645293233588e-02,-2.128969543037621467e-03,-1.913977117328765438e-04,7.965934702963571590e-02,1.146559663859035294e-01,-2.306871320501890921e-03,-4.558452534578094628e-03,4.993574929928801254e-03,-1.849239645590472492e-04,-2.365748192900696267e-06,-2.306955109947494975e-03,7.509539248776494168e-03,-1.176984713606390009e+00,-1.674086460804042886e-01,-1.864861729223186604e+00,4.641324774526998098e-01,1.576687117688257089e+00,3.874524492400657216e-01
1.052000000000000135e+01,8.004659062881828990e-02,5.369008570752051724e-04,-7.432146096652697282e-04,6.294947937546937827e-04,-1.929358296720235020e-04,8.004774890383019315e-02,1.132094205191615244e-01,-2.304421743520634891e-03,-4.553401256222500137e-03,4.988453991277896904e-03,-1.846928859774443765e-04,-2.362507258268919941e-06,-2.304505443992965752e-03,7.501557050388948933e-03,-1.175922604380396530e+00,-1.675905778464334972e-01,-1.864645006337147581e+00,4.641040911921261447e-01,1.576684565718767139e+00,3.885145738671273996e-01
1.053333333333333321e+01,7.838963436259790973e-02,1.515508492737409167e-02,-1.826313032146618942e-02,3.457763297865921147e-03,-1.895241732552823777e-04,7.839076639098771504e-02,1.134251189357952383e-01,-2.301974767649817011e-03,-4.548745372653151264e-03,4.983002667299452071e-03,-1.845262691348992234e-04,-2.360617699537215231e-06,-2.302058379243909769e-03,7.493598346349182593e-03,-1.174855316505345693e+00,-1.675834191683391872e-01,-1.864654915865276541e+00,4.641124844560429175e-01,1.576681993241038526e+00,3.895818771858450269e-01
1.054666666666666686e+01,7.701463068545026658e-02,2.563039875449751523e-02,-3.081118547788129144e-02,5.475230927259371050e-03,-1.867395410206858545e-04,7.701574065504258881e-02,1.161849265803917702e-01,-2.299530390127202395e-03,-4.544512789109944606e-03,4.977196945852302434e-03,-1.844287061603111511e-04,-2.360174612192622590e-06,-2.299613912937648053e-03,7.485664273126364787e-03,-1.173810121380510996e+00,-1.673813513693076516e-01,-1.864898424269562760e+00,4.641585879666809689e-01,1.576679466252061346e+00,3.906270874043915597e-01
1.056000000000000050e+01,7.879662054303882002e-02,3.547061486957880927e-02,-4.259170853469400331e-02,7.380529041435859340e-03,-1.916266906022160094e-04,7.879775376596144520e-02,1.246784684394826870e-01,-2.297088608194552961e-03,-4.540594690081167784e-03,4.971130373966570204e-03,-1.843823111791209612e-04,-2.360801713674476332e-06,-2.297172042315054341e-03,7.477750678547520277e-03,-1.172783259638038311e+00,-1.670396127192477209e-01,-1.865309240075934571e+00,4.642315910457108785e-01,1.576676976391514273e+00,3.916539639464589051e-01
1.057333333333333414e+01,8.373582090048911630e-02,4.466188387440897523e-02,-5.358456128741385938e-02,9.167605527864461021e-03,-2.042641940254575738e-04,8.373702230927398960e-02,1.377448815806015248e-01,-2.294649419094518805e-03,-4.536979823090092623e-03,4.964812426637266185e-03,-1.843852757272834708e-04,-2.362460187477211093e-06,-2.294732764620110999e-03,7.469857179057272367e-03,-1.171732638030797746e+00,-1.665666711876534478e-01,-1.865877129523063838e+00,4.643299980995965193e-01,1.576674421368973178e+00,3.927046006633383435e-01
1.058666666666666778e+01,9.183541050015123219e-02,5.318935715492845856e-02,-6.376941359182114466e-02,1.083122968744744050e-02,-2.247461124902293229e-04,9.183672464710097849e-02,1.545339395970844187e-01,-2.292212820075079094e-03,-4.533655130281477597e-03,4.958254063514022647e-03,-1.844355085438564856e-04,-2.365105279178436604e-06,-2.292296077099464924e-03,7.461983326624218281e-03,-1.170616160418791241e+00,-1.659711794026614839e-01,-1.866591590340229256e+00,4.644522328399682820e-01,1.576671697846386166e+00,3.938210942941284820e-01
1.060000000000000142e+01,1.088384038669449605e-01,6.462852309789916816e-02,-7.742814414706385151e-02,1.309368168220587277e-02,-2.673396244243630288e-04,1.088399563913329676e-01,1.844868931331312412e-01,-2.289778808385101172e-03,-4.530605755134420320e-03,4.951467739068959872e-03,-1.845306334722351949e-04,-2.368686183196189177e-06,-2.289861977002427551e-03,7.454128608356087697e-03,-1.169391688278789143e+00,-1.652619879739289921e-01,-1.867441849188120173e+00,4.645966492358009070e-01,1.576668701231552561e+00,3.950455839560897964e-01
1.061333333333333329e+01,1.238213172068506202e-01,7.645648392709022967e-02,-9.151582867150510892e-02,1.538057072092953795e-02,-3.053810400377220753e-04,1.238230773612798152e-01,2.124176761177464234e-01,-2.287347381277893277e-03,-4.527933778696091593e-03,4.944365000164374635e-03,-1.846875758575450277e-04,-2.373555877177579987e-06,-2.287430461582307117e-03,7.446297123588652492e-03,-1.167940509560563278e+00,-1.644002743326238303e-01,-1.868474224443414267e+00,4.647712316582301995e-01,1.576665136703226722e+00,3.964967833746406711e-01
1.062666666666666693e+01,1.255512840791810358e-01,8.387790964108776670e-02,-1.002855011134880098e-01,1.669972674072708538e-02,-3.109349658130733038e-04,1.255530627302160751e-01,2.211297345631713096e-01,-2.284918536008540002e-03,-4.525663048115635689e-03,4.936924609163284572e-03,-1.849104106503851597e-04,-2.379797382268122874e-06,-2.285001528092855949e-03,7.438489957284739711e-03,-1.166289558664471926e+00,-1.633808545469292994e-01,-1.869694435492367690e+00,4.649763059345093374e-01,1.576661064956025982e+00,3.981477577394576528e-01
1.064000000000000057e+01,1.139740883231224328e-01,8.697001756537876827e-02,-1.038469813191502666e-01,1.708448317525516555e-02,-2.833631064256208294e-04,1.139756980537560416e-01,2.112356312281755411e-01,-2.282492269835678655e-03,-4.523650958407010592e-03,4.929268941908482304e-03,-1.851757424793376572e-04,-2.386919152996824778e-06,-2.282575173793599532e-03,7.430701611155205062e-03,-1.164615541543416288e+00,-1.622624824183813708e-01,-1.871031575507214217e+00,4.651989689577189502e-01,1.576656919156482317e+00,3.998217985758607540e-01
1.065333333333333421e+01,8.902765981728151534e-02,8.579707628399418917e-02,-1.022984586960455772e-01,1.656880200917869653e-02,-2.220582596018549806e-04,8.902891459243338079e-02,1.842627453024796302e-01,-2.280068580020611080e-03,-4.521749608411784749e-03,4.921525293228867781e-03,-1.854592266177235160e-04,-2.394411394490703060e-06,-2.280151395946283799e-03,7.422926290152703777e-03,-1.163095887032441267e+00,-1.611028821841764547e-01,-1.872416201924802959e+00,4.654267620667225103e-01,1.576653140981729706e+00,4.013414745499108705e-01
1.066666666666666785e+01,5.752231705941369261e-02,8.543829461674680437e-02,-1.017141172253143988e-01,1.616063267396558242e-02,-1.438350264925148682e-04,5.752312758461965159e-02,1.566026108782380966e-01,-2.277647463826859564e-03,-4.519809967325372213e-03,4.913822378082244313e-03,-1.857362364470205307e-04,-2.401760282211284903e-06,-2.277730191813986949e-03,7.415158057535624521e-03,-1.161908851568210777e+00,-1.599589211670564559e-01,-1.873780181374083531e+00,4.656476794268447073e-01,1.576650180204935303e+00,4.025285267444767001e-01
1.068000000000000149e+01,3.486114101074187788e-02,8.801760006298624262e-02,-1.046344560405940011e-01,1.635530848051295130e-02,-8.735645101036183758e-05,3.486163319232805924e-02,1.462655245770797807e-01,-2.275228918522831378e-03,-4.517860512588178779e-03,4.906135610151629578e-03,-1.860114707228355257e-04,-2.409065436914659131e-06,-2.275311558664672162e-03,7.407398033581954859e-03,-1.161141887340751966e+00,-1.588197439054996885e-01,-1.875136369603754405e+00,4.658631545291642695e-01,1.576648262404582113e+00,4.032955017789383589e-01
1.069333333333333336e+01,2.190705235112630142e-02,8.951767671050667174e-02,-1.062766770614148870e-01,1.641368571702734105e-02,-5.500171753188212037e-05,2.190736290150859314e-02,1.433087929154478468e-01,-2.272812941377821971e-03,-4.516004198074075049e-03,4.898375731214876794e-03,-1.863020057308872879e-04,-2.416684826478388004e-06,-2.272895493767190800e-03,7.399650369508289222e-03,-1.160677072127275444e+00,-1.576461759046599020e-01,-1.876531495684295558e+00,4.660812253089043899e-01,1.576647097651902030e+00,4.037603235548359315e-01
1.070666666666666700e+01,1.869290339571907239e-02,8.992075039685924753e-02,-1.066255146447734753e-01,1.633858185056142123e-02,-4.698498512601878080e-05,1.869316882600648502e-02,1.429004982069434770e-01,-2.270399529665123595e-03,-4.514203526962745627e-03,4.890575052108214749e-03,-1.866016568117245811e-04,-2.424490723740291287e-06,-2.270481994395279202e-03,7.391913581123840844e-03,-1.160384978095927000e+00,-1.564526068818530291e-01,-1.877948518045114534e+00,4.663000744517979967e-01,1.576646364295668512e+00,4.040524217268561813e-01
1.072000000000000064e+01,2.525637785635235708e-02,8.922186214721755659e-02,-1.056812270012401772e-01,1.613546552531748557e-02,-6.347162483133902890e-05,2.525673484851903225e-02,1.437539807431497119e-01,-2.267988680660693035e-03,-4.512419938923706297e-03,4.882766927578607863e-03,-1.869040385891196365e-04,-2.432350763470481070e-06,-2.268071057824450065e-03,7.384186115555916446e-03,-1.160135739383984177e+00,-1.552536635432284484e-01,-1.879370191573711546e+00,4.665179222098054801e-01,1.576645737829200478e+00,4.043016639778693744e-01
1.073333333333333428e+01,3.160826198586931535e-02,8.787898755158229935e-02,-1.039778746424213779e-01,1.581948330204018677e-02,-7.945944965081011557e-05,3.160870739323921874e-02,1.441616101562155916e-01,-2.265580391642707525e-03,-4.510614547492686199e-03,4.874985124492248190e-03,-1.872026859746078742e-04,-2.440130371539339649e-06,-2.265662681333768802e-03,7.376466380085394507e-03,-1.159798987679232729e+00,-1.540640387145990609e-01,-1.880779274600394846e+00,4.667330617501432855e-01,1.576644891540869509e+00,4.046384204425161890e-01
1.074666666666666792e+01,3.144043727810405531e-02,8.726993266085017464e-02,-1.031379196836732515e-01,1.559098448888982490e-02,-7.910979046260764591e-05,3.144087995382800066e-02,1.430859416836829656e-01,-2.263174659893785190e-03,-4.508764690266620079e-03,4.867249417280561374e-03,-1.874938117287783257e-04,-2.447750219847222297e-06,-2.263256862204521269e-03,7.368753422976775588e-03,-1.159377544186087849e+00,-1.528923188805779709e-01,-1.882165646262293768e+00,4.669439881941706005e-01,1.576643832081540353e+00,4.050598698744258819e-01
1.076000000000000156e+01,3.161850765485371695e-02,8.762293232552538502e-02,-1.034360476032327725e-01,1.553537142319560450e-02,-7.963805104205949387e-05,3.161895242421206703e-02,1.435884274560532969e-01,-2.260771482697432333e-03,-4.506896212375544053e-03,4.859537387881474046e-03,-1.877817051854080432e-04,-2.455299348724793163e-06,-2.260853597721101949e-03,7.361048279827170360e-03,-1.158958338355713158e+00,-1.517287197784331632e-01,-1.883540818524742644e+00,4.671518679873556401e-01,1.576642777284334329e+00,4.054790816071434101e-01
1.077333333333333343e+01,3.214526374752663118e-02,8.893942452709932556e-02,-1.048687027015059725e-01,1.564763039988581808e-02,-8.105473173347538013e-05,3.214571545758372617e-02,1.456680677162548176e-01,-2.258370857341596150e-03,-4.505042914057622028e-03,4.851819593609363324e-03,-1.880720011664394065e-04,-2.462895192234526576e-06,-2.258452885170569857e-03,7.353352333033762525e-03,-1.158536758253648546e+00,-1.505604140140928138e-01,-1.884919965826119093e+00,4.673590062729982009e-01,1.576641715443654057e+00,4.059006676394663060e-01
1.078666666666666707e+01,3.302358161599867198e-02,9.122088936385239211e-02,-1.074322720962332667e-01,1.592261281272754070e-02,-8.337073888176177428e-05,3.302404513599956071e-02,1.493238922391473822e-01,-2.255972781116888370e-03,-4.503238757094685241e-03,4.844066338463015597e-03,-1.883703846772277757e-04,-2.470656154773820390e-06,-2.256054721843536726e-03,7.345666994758763037e-03,-1.158108154737014894e+00,-1.493745550203979811e-01,-1.886318215195472492e+00,4.675676413449965096e-01,1.576640634713897704e+00,4.063292771789006608e-01
1.080000000000000071e+01,3.414007207611041705e-02,9.414767644475080521e-02,-1.107451613787853451e-01,1.629936043048492780e-02,-8.630081907927955045e-05,3.414055068097703038e-02,1.540294584460884797e-01,-2.253577251315697083e-03,-4.501518098433798798e-03,4.836247465886511776e-03,-1.886826305952382654e-04,-2.478702430863677364e-06,-2.253659105032834731e-03,7.337993718327907693e-03,-1.157667840315468322e+00,-1.481582764955464704e-01,-1.887750645490088974e+00,4.677799428491660194e-01,1.576639523104045537e+00,4.067695977807139762e-01
1.081333333333333435e+01,3.503021147813616121e-02,9.643556541414248506e-02,-1.132946271202477651e-01,1.655363175065597409e-02,-8.866209613433318631e-05,3.503070198085716375e-02,1.576825519632388539e-01,-2.251184265234851267e-03,-4.499904450116609667e-03,4.828342184267420123e-03,-1.890127220907089622e-04,-2.487116815608203524e-06,-2.251266032034404674e-03,7.330333529004710337e-03,-1.157212639354453509e+00,-1.469029741429497271e-01,-1.889227247641806162e+00,4.679972676549057908e-01,1.576638372426457657e+00,4.072248051231270871e-01
1.082666666666666799e+01,3.557517618726032532e-02,9.776214156797061183e-02,-1.147058781439513342e-01,1.663420516034329333e-02,-9.014860570708075607e-05,3.557567376436886197e-02,1.597585723439022554e-01,-2.248793820172956259e-03,-4.498375613653404770e-03,4.820369639466637324e-03,-1.893569946975759422e-04,-2.495822810644199308e-06,-2.248875500147295980e-03,7.322685544524399313e-03,-1.156745569868078416e+00,-1.456171666040946278e-01,-1.890737842670076052e+00,4.682179827449144405e-01,1.576637190265175903e+00,4.076918811495384709e-01
1.083999999999999986e+01,3.577191156772386443e-02,9.812583196953246489e-02,-1.149827524966524073e-01,1.654654978778191676e-02,-9.074877020513467517e-05,3.577241137213826860e-02,1.602585532482579400e-01,-2.246405913431281931e-03,-4.496897381419007189e-03,4.812359577928138066e-03,-1.897097524343749342e-04,-2.504701677175091845e-06,-2.246487506672778522e-03,7.315048357702423447e-03,-1.156271234185581642e+00,-1.443136713831885132e-01,-1.892267254378662056e+00,4.684397721470521248e-01,1.576635988283766387e+00,4.081662234663969713e-01
1.085333333333333350e+01,3.561727233504684981e-02,9.752498118746019684e-02,-1.141291734755452425e-01,1.629626831004385087e-02,-9.045069870089716404e-05,3.561776949553702165e-02,1.591834863558827251e-01,-2.244020542314650868e-03,-4.495435133467395872e-03,4.804342230985358952e-03,-1.900652046451511978e-04,-2.513632789913344823e-06,-2.244102048916563064e-03,7.307420517001239797e-03,-1.155794275364678603e+00,-1.430053269569282470e-01,-1.893800357745283991e+00,4.686603928108894479e-01,1.576634778300164186e+00,4.086431889513586491e-01
1.086666666666666714e+01,3.546131815909802504e-02,9.692360703501919084e-02,-1.132776600589869703e-01,1.604857657989354480e-02,-9.014797009028050129e-05,3.546181266351493971e-02,1.581095318093708735e-01,-2.241637704131882458e-03,-4.493954060944549411e-03,4.796348124857630069e-03,-1.904175023561549551e-04,-2.522494402690256265e-06,-2.241719124184360368e-03,7.299800535165767122e-03,-1.155319378400211372e+00,-1.417049938744288085e-01,-1.895322080058291281e+00,4.688776763883568677e-01,1.576633572290848662e+00,4.091180925446327166e-01
1.088000000000000078e+01,3.554005691044424126e-02,9.696579596500914944e-02,-1.131799517582598585e-01,1.590894152859932340e-02,-9.044624262494831124e-05,3.554055200616357962e-02,1.580866729054458963e-01,-2.239257396191352001e-03,-4.492454138331325453e-03,4.788377324906889498e-03,-1.907666305465127721e-04,-2.531286235729623968e-06,-2.239338729787654358e-03,7.292188391598056728e-03,-1.154846560824756674e+00,-1.404126791139619357e-01,-1.896832448859077758e+00,4.690916574094221581e-01,1.576632370317914145e+00,4.095909167134794693e-01
1.089333333333333442e+01,3.561905893644647103e-02,9.700830075147488796e-02,-1.130823451670093793e-01,1.576909238986286613e-02,-9.074581796147421448e-05,3.561955462337623030e-02,1.580644480705528099e-01,-2.236879615807652044e-03,-4.490958529099309260e-03,4.780409479796521310e-03,-1.911164859893510481e-04,-2.540089378832988132e-06,-2.236960863039261227e-03,7.284585066170508848e-03,-1.154372693399284167e+00,-1.391198018344286247e-01,-1.898341514882521119e+00,4.693037766298036040e-01,1.576631164368012428e+00,4.100647907402281689e-01
1.090666666666666806e+01,3.569832539842975050e-02,9.705112179248975846e-02,-1.129848391635516897e-01,1.562902765282702180e-02,-9.104670302271996316e-05,3.569882167644339993e-02,1.580428588143354407e-01,-2.234504360297151493e-03,-4.489467228764087992e-03,4.772444571594647300e-03,-1.914670705236432013e-04,-2.548903857757522928e-06,-2.234585521255105789e-03,7.276990553181007619e-03,-1.153897772613464934e+00,-1.378263578244087739e-01,-1.899849279484747910e+00,4.695140311950019019e-01,1.576629954423772517e+00,4.105397181352063996e-01
1.091999999999999993e+01,3.577785746401176969e-02,9.709425949016466106e-02,-1.128874326326750055e-01,1.548874580432232917e-02,-9.134890499674951699e-05,3.577835433295070700e-02,1.580219066681668727e-01,-2.232131626977551520e-03,-4.487980232787069923e-03,4.764482582377382869e-03,-1.918183859874744712e-04,-2.557729697372224109e-06,-2.232212701753777395e-03,7.269404846950907120e-03,-1.153421794941485778e+00,-1.365323428671754158e-01,-1.901355744006928639e+00,4.697224182303729734e-01,1.576628740467731937e+00,4.110157024242258039e-01
1.093333333333333357e+01,3.585765630727449915e-02,9.713771425965730955e-02,-1.127901244514023099e-01,1.534824533047221030e-02,-9.165243090788348140e-05,3.585815376701221441e-02,1.580015931808139151e-01,-2.229761413171438278e-03,-4.486497536608791137e-03,4.756523494197750779e-03,-1.921704342189300974e-04,-2.566566922546087426e-06,-2.229842401857418110e-03,7.261827941826709716e-03,-1.152944756841965512e+00,-1.352377527406400937e-01,-1.902860909775364373e+00,4.699289348410973233e-01,1.576627522482332289e+00,4.114927471486651278e-01
1.094666666666666721e+01,3.593772310862605734e-02,9.718148650353357343e-02,-1.126929135155941009e-01,1.520752471188000637e-02,-9.195728790985914860e-05,3.593822115900376091e-02,1.579819199211752456e-01,-2.227393716202730189e-03,-4.485019135515688760e-03,4.748567289203364794e-03,-1.925232170387758401e-04,-2.575415559036287050e-06,-2.227474618890390445e-03,7.254259832173000529e-03,-1.152466654757868580e+00,-1.339425832171778907e-01,-1.904364778101383049e+00,4.701335781121702695e-01,1.576626300449920137e+00,4.119708558655585939e-01
1.096000000000000085e+01,3.601805905520438778e-02,9.722557664213794804e-02,-1.125957987098396701e-01,1.506658242931061507e-02,-9.226348327105852759e-05,3.601855769606275570e-02,1.579628884762535601e-01,-2.225028533399786568e-03,-4.483545024881685492e-03,4.740613949422822770e-03,-1.928767362882055636e-04,-2.584275631711818733e-06,-2.225109350180165535e-03,7.246700512384081361e-03,-1.151987485116420240e+00,-1.326468300637975162e-01,-1.905867350281591044e+00,4.703363451083286684e-01,1.576625074352747902e+00,4.124500321476785025e-01
1.097333333333333449e+01,3.609866534040866159e-02,9.726998510733156356e-02,-1.124987789155896534e-01,1.492541696225822660e-02,-9.257102414320583176e-05,3.609916457158842545e-02,1.579445004528376717e-01,-2.222665862092298994e-03,-4.482075199977231250e-03,4.732663456934460555e-03,-1.932309937995313476e-04,-2.593147164997589016e-06,-2.222746593056879050e-03,7.239149976874855591e-03,-1.151507244329017521e+00,-1.313504890419023852e-01,-1.907368627597722188e+00,4.705372328740526910e-01,1.576623844172971189e+00,4.129302795836258255e-01
1.098666666666666814e+01,3.617954316450008173e-02,9.731471230826091445e-02,-1.124018530426883489e-01,1.478402678317788238e-02,-9.287991793213663588e-05,3.618004298577481848e-02,1.579267574786458184e-01,-2.220305699613955852e-03,-4.480609655884038034e-03,4.724715793941847153e-03,-1.935859913766435625e-04,-2.602030184206682861e-06,-2.220386344853331195e-03,7.231608220077504444e-03,-1.151025928791145514e+00,-1.300535559071378522e-01,-1.908868611316596686e+00,4.707362384335493921e-01,1.576622609892648796e+00,4.134116017779136953e-01
1.100000000000000000e+01,3.674236522316084302e-02,9.865322796528663840e-02,-1.137969483161123396e-01,1.483644298530218363e-02,-9.443832853413643884e-05,3.674287222496675637e-02,1.600074181237143289e-01,-2.217948043299777794e-03,-4.479148387871223491e-03,4.716770942440273728e-03,-1.939417308634006076e-04,-2.610924713319917601e-06,-2.218028602905874891e-03,7.224075236457767370e-03,-1.150543534882285446e+00,-1.287560264096945239e-01,-1.910367302690499258e+00,4.709333587906585628e-01,1.576621371493742707e+00,4.138940023510571109e-01
1.101333333333333364e+01,3.730877496491008527e-02,9.999390283385110878e-02,-1.151882513456162493e-01,1.488287421037267147e-02,-9.601083382658347394e-05,3.730928917123481348e-02,1.620880956847035870e-01,-2.215592890489670452e-03,-4.477738214508253378e-03,4.708787251645585314e-03,-1.943061961018344164e-04,-2.619996521069367645e-06,-2.215673364552639413e-03,7.216553122920198009e-03,-1.150053636679309932e+00,-1.274406500368239215e-01,-1.911884595334714110e+00,4.711311780304625607e-01,1.576620112316028610e+00,4.143839073140567208e-01
1.102666666666666728e+01,3.715295319918542755e-02,9.939472169720246775e-02,-1.143417615799591780e-01,1.463804449022178267e-02,-9.571243918481351092e-05,3.715346472371106046e-02,1.610228323010068907e-01,-2.213240238524871728e-03,-4.476379382185591282e-03,4.700764343675167822e-03,-1.946794595784062665e-04,-2.629246999230616666e-06,-2.213320627135306751e-03,7.209041915877162539e-03,-1.149556186346444520e+00,-1.261073979990392502e-01,-1.913420438685988989e+00,4.713296163532674221e-01,1.576618832171577722e+00,4.148813645030067221e-01
1.104000000000000092e+01,3.626822891902801993e-02,9.685192287937996469e-02,-1.112653027167274516e-01,1.411351629308306085e-02,-9.351765404157626150e-05,3.626872782687591557e-02,1.568128428697347643e-01,-2.210890084749728146e-03,-4.475001418333235392e-03,4.692764858282849616e-03,-1.950495100873084198e-04,-2.638426727763487634e-06,-2.210970387998223430e-03,7.201538447120135571e-03,-1.149060813637122092e+00,-1.247821350430764475e-01,-1.914944995507055214e+00,4.715247902798038737e-01,1.576617556005722065e+00,4.153767440326561200e-01
1.105333333333333456e+01,3.464814958245961141e-02,9.236176273952875770e-02,-1.059664248493521338e-01,1.332041182297618795e-02,-8.940201447485245090e-05,3.464862589238749957e-02,1.494591627210569984e-01,-2.208542426511250767e-03,-4.473533933710527322e-03,4.684851639859211048e-03,-1.954042938523414819e-04,-2.647285602286331141e-06,-2.208622644488844600e-03,7.194039492884175477e-03,-1.148577237251535044e+00,-1.234907760713515046e-01,-1.916428532876611524e+00,4.717129704970450810e-01,1.576616309103668456e+00,4.158603270703480348e-01
1.106666666666666821e+01,2.559165091646148707e-02,8.670571410072332175e-02,-9.934191460355741576e-02,1.233046152912328601e-02,-6.608407207417492911e-05,2.559200346073603471e-02,1.372902936889822123e-01,-2.206197261159559275e-03,-4.471907586864887207e-03,4.677086870690239095e-03,-1.957318809071573185e-04,-2.655576284205096727e-06,-2.206277393957734034e-03,7.186541823225443826e-03,-1.148115261923768893e+00,-1.222592859014910438e-01,-1.917841418541269549e+00,4.718905759880183126e-01,1.576615117076809014e+00,4.163223087489131835e-01
1.108000000000000007e+01,1.699086209773523898e-02,8.234147962768047224e-02,-9.421933141836234815e-02,1.154596018369125933e-02,-4.390087867800164582e-05,1.699109735381528624e-02,1.279378739395044817e-01,-2.203854586048326070e-03,-4.470082766988348055e-03,4.669506403082834822e-03,-1.960253882726803454e-04,-2.663156312365799749e-06,-2.203934633755899597e-03,7.179043525687930222e-03,-1.147774039911549471e+00,-1.211032097134814300e-01,-1.919165977402650380e+00,4.720549821417399095e-01,1.576614235955847931e+00,4.166635354617231890e-01
1.109333333333333371e+01,1.952280622258679293e-02,7.971382563843339153e-02,-9.111347366535789416e-02,1.109687135509125275e-02,-5.043507112108335471e-05,1.952307579777309843e-02,1.246651219478027706e-01,-2.201514398532111727e-03,-4.468107133782428519e-03,4.662068103910677053e-03,-1.962928886269921236e-04,-2.670193921083807709e-06,-2.201594361240566400e-03,7.171546679127891941e-03,-1.147547495083579561e+00,-1.200053233184457113e-01,-1.920422235154895185e+00,4.722089282775225882e-01,1.576613650610799056e+00,4.168900834264408495e-01
1.110666666666666735e+01,3.323016091627323254e-02,7.882329638623074286e-02,-9.001559633098116242e-02,1.097427472155488790e-02,-8.587023571496146845e-05,3.323061661783940912e-02,1.290150347467244052e-01,-2.199176695970805895e-03,-4.466042393827862611e-03,4.654717070456726447e-03,-1.965449062937274505e-04,-2.676908012588796737e-06,-2.199256573770291823e-03,7.164054044524537264e-03,-1.147287191000611717e+00,-1.189424723099330450e-01,-1.921637081470433328e+00,4.723568865622569390e-01,1.576612978143184129e+00,4.171503911037444112e-01
1.112000000000000099e+01,5.815206514948137451e-02,7.965620817711768775e-02,-9.090130567168484832e-02,1.116774056941440343e-02,-1.504517257703249285e-04,5.815285856960700217e-02,1.466162255007513460e-01,-2.196841475724298220e-03,-4.463949140611767064e-03,4.647399183751232954e-03,-1.967918188059414319e-04,-2.683513691259520328e-06,-2.196921268704965513e-03,7.156568371408575206e-03,-1.146844122188394710e+00,-1.178914950247831328e-01,-1.922837289421513107e+00,4.725032102252111343e-01,1.576611833206707836e+00,4.175934659919824377e-01
1.113333333333333464e+01,9.265875962465144888e-02,8.394916394582795094e-02,-9.573744496102074009e-02,1.188838640373431066e-02,-2.402778399114484462e-04,9.266001869024607929e-02,1.831011653661671901e-01,-2.194508735158251511e-03,-4.461887099148409419e-03,4.640060905730436502e-03,-1.970438955298803307e-04,-2.690223103840594376e-06,-2.194588443409362100e-03,7.149092407650966922e-03,-1.146068761319734897e+00,-1.168294122490882714e-01,-1.924049306830468931e+00,4.726521134328032225e-01,1.576609827183697021e+00,4.183688374395773124e-01
1.114666666666666650e+01,1.197879918175069475e-01,8.699631135638970225e-02,-9.912941491808231753e-02,1.237405801547305367e-02,-3.116137096655228252e-04,1.197896132454958767e-01,2.150509891436683529e-01,-2.192178471638328574e-03,-4.459977117989843975e-03,4.632593599923851002e-03,-1.973219793653946397e-04,-2.697466708667661806e-06,-2.192258095250476657e-03,7.141631788507549899e-03,-1.144833311191406189e+00,-1.157100900631440332e-01,-1.925325806096615855e+00,4.728106252515198449e-01,1.576606623479165137e+00,4.196043043554471552e-01
1.116000000000000014e+01,1.326634083278186715e-01,8.470859446077159960e-02,-9.642816430752454426e-02,1.204747616620985284e-02,-3.463669361063013855e-04,1.326651968627301781e-01,2.276375032086073724e-01,-2.189850682534633108e-03,-4.458176666065849503e-03,4.625035115248365969e-03,-1.976188156014302422e-04,-2.705091580068597068e-06,-2.189930221597524707e-03,7.134184599812246758e-03,-1.143236137967172716e+00,-1.145501392450589684e-01,-1.926647531628856935e+00,4.729756126917261660e-01,1.576602468629703324e+00,4.212014991987205192e-01
1.117333333333333378e+01,1.312131681266838490e-01,7.715176012450097875e-02,-8.773698471838334290e-02,1.094522482669159705e-02,-3.438474347279960497e-04,1.312149301598631024e-01,2.195548727358304919e-01,-2.187525365219933349e-03,-4.456297913737916616e-03,4.617554206643781356e-03,-1.979020304658796192e-04,-2.712425307027643839e-06,-2.187604819823274482e-03,7.126742074004556969e-03,-1.141467292522801991e+00,-1.134206913189155230e-01,-1.927933240486290556e+00,4.731362457072756378e-01,1.576597850403889112e+00,4.229703684902235139e-01
1.118666666666666742e+01,1.153732239664882336e-01,6.440624140423530097e-02,-7.317238413943503994e-02,9.101326746315776400e-03,-3.033220125423579066e-04,1.153747680079518501e-01,1.902829624179903922e-01,-2.185202517069662065e-03,-4.454158354760373584e-03,4.610315491663463661e-03,-1.981400336510397153e-04,-2.718814088531473772e-06,-2.185281887302714665e-03,7.119295570098206800e-03,-1.139717783614446311e+00,-1.123920011839221189e-01,-1.929103066949202416e+00,4.732821820382984157e-01,1.576593265771426111e+00,4.247199008923550068e-01
1.120000000000000107e+01,9.427979700110643291e-02,4.440823537462043613e-02,-5.042683072965498114e-02,6.332819847990676758e-03,-2.484353742445809927e-04,9.428105546655579650e-02,1.494413613975222599e-01,-2.182882135461028383e-03,-4.451588270597106600e-03,4.603472639534977873e-03,-1.983033261305777728e-04,-2.723649842550912581e-06,-2.182961421413942560e-03,7.111836969868211636e-03,-1.138179473961559829e+00,-1.115332512985323099e-01,-1.930078698737728304e+00,4.734035330615826709e-01,1.576589221477926017e+00,4.262582311324609741e-01
1.121333333333333471e+01,8.267914251308797202e-02,2.789234478126846259e-02,-3.168341250350294180e-02,4.117880759965960799e-03,-2.182586806255400690e-04,8.268024364621390232e-02,1.243812260759880606e-01,-2.180564217775238234e-03,-4.448369161157206264e-03,4.597223732942801178e-03,-1.983538786620719918e-04,-2.726150288623330198e-06,-2.180643419538164096e-03,7.104355844744795513e-03,-1.136922410001544925e+00,-1.109411414935372875e-01,-1.930751056480790373e+00,4.734879706595558346e-01,1.576585909006269048e+00,4.275153118720149692e-01
1.122666666666666657e+01,7.881638819389240325e-02,2.233650141505386447e-02,-2.537874131446475612e-02,3.372701091303872099e-03,-2.084871186728912140e-04,7.881743547465841493e-02,1.165273769053154496e-01,-2.178248761396162081e-03,-4.444640482982098462e-03,4.591443908688930264e-03,-1.983156373546179907e-04,-2.726813374209768881e-06,-2.178327879057917471e-03,7.096858652413435935e-03,-1.135820021434703619e+00,-1.105692435631202564e-01,-1.931173501980837148e+00,4.735428757363555619e-01,1.576582998890527776e+00,4.286177151206311819e-01
1.124000000000000021e+01,8.273968926438582394e-02,2.772372714117748993e-02,-3.147057251300747899e-02,4.074752142811589872e-03,-2.194449939658264835e-04,8.274078574706576761e-02,1.243685955039881136e-01,-2.175935763710334925e-03,-4.440748135230432325e-03,4.585821322958150148e-03,-1.982484423868058343e-04,-2.726875800274086714e-06,-2.176014797360181774e-03,7.089361602678676683e-03,-1.134769136258785061e+00,-1.102714235442530111e-01,-1.931511885198363254e+00,4.735878450842396781e-01,1.576580219062279298e+00,4.296686142602932357e-01
1.125333333333333385e+01,9.449714499529585088e-02,4.403458958641689319e-02,-4.991864349960135200e-02,6.201277006622585991e-03,-2.514660154490835756e-04,9.449839329311374159e-02,1.494292202609524278e-01,-2.173625222106956301e-03,-4.437021346570535485e-03,4.580058687746024759e-03,-1.982093485981550884e-04,-2.727514626599258918e-06,-2.173704171834600629e-03,7.081880176277967516e-03,-1.133665940401926697e+00,-1.099017738490370988e-01,-1.931931492831870045e+00,4.736421751128103708e-01,1.576577293129026280e+00,4.307718247369205500e-01
1.126666666666666750e+01,1.094713740603913965e-01,6.383679869840511167e-02,-7.228563675527745203e-02,8.752397278205578668e-03,-2.923879377062741378e-04,1.094728149504363285e-01,1.826070071214160040e-01,-2.171317133977446190e-03,-4.433802685882781702e-03,4.573846288222327416e-03,-1.982578026673564864e-04,-2.729954240443532854e-06,-2.171395999871705840e-03,7.074430607416971363e-03,-1.132405978468655761e+00,-1.093146459878848731e-01,-1.932597074745198151e+00,4.737248588062321630e-01,1.576573940248820804e+00,4.320318033141621328e-01
1.128000000000000114e+01,1.193071770732424403e-01,7.633140875045597851e-02,-8.634063819479871615e-02,1.030358176520452564e-02,-3.198293833091787669e-04,1.193087414502666116e-01,2.045879618681744339e-01,-2.169011496717221377e-03,-4.431229389591617718e-03,4.567059402600381901e-03,-1.984177527503128147e-04,-2.734685466965203204e-06,-2.169090278866914190e-03,7.067019604043742013e-03,-1.130946360147850438e+00,-1.084634886719060276e-01,-1.933560883235268424e+00,4.738415574366081628e-01,1.576570041742984429e+00,4.334914408468346636e-01
1.129333333333333478e+01,1.244653571090389432e-01,8.354697981858914824e-02,-9.439262195083687745e-02,1.113051117836018865e-02,-3.348882411435939537e-04,1.244669826899040266e-01,2.167895759601841943e-01,-2.166708307723475002e-03,-4.429080784460470710e-03,4.559896513086858505e-03,-1.986511141209845732e-04,-2.740920810317959422e-06,-2.166787006218306999e-03,7.059636917306830531e-03,-1.129355597786873666e+00,-1.074457365552334842e-01,-1.934712091744532403e+00,4.739789385268107225e-01,1.576565777351206954e+00,4.350822240661713636e-01
1.130666666666666664e+01,1.249062719617890921e-01,8.549770845230560135e-02,-9.647989053489063049e-02,1.125858492089330636e-02,-3.372872028920771335e-04,1.249078968452181221e-01,2.189718164398929967e-01,-2.164407564396508832e-03,-4.427184274980788814e-03,4.552512951776499506e-03,-1.989280793397441016e-04,-2.748044506617475236e-06,-2.164486179324853765e-03,7.052274472716833428e-03,-1.127696059692086195e+00,-1.063317768243190464e-01,-1.935970660037210189e+00,4.741273453425223217e-01,1.576561312174658447e+00,4.367417838353699899e-01
1.132000000000000028e+01,1.205861488614436428e-01,8.219690072660362778e-02,-9.264456034389528805e-02,1.071682991873879921e-02,-3.267279107890739523e-04,1.205877115455403076e-01,2.110372424905905819e-01,-2.162109264139733256e-03,-4.425358283314029251e-03,4.545072666874094836e-03,-1.992171799880537719e-04,-2.755408166521533531e-06,-2.162187795589964878e-03,7.044923639998924327e-03,-1.126030642732595677e+00,-1.051918073782882601e-01,-1.937257058577675384e+00,4.742774598081340720e-01,1.576556815011953105e+00,4.384072224599728784e-01
1.133333333333333393e+01,1.188361066927861032e-01,8.684973976526892681e-02,-9.776363508654162260e-02,1.114723639434391823e-02,-3.231200613802412045e-04,1.188376408406633389e-01,2.132354943786530788e-01,-2.159813404358335021e-03,-4.423419121041938240e-03,4.537742136862199516e-03,-1.994864535133089589e-04,-2.762355044261255443e-06,-2.159891852419271174e-03,7.037575552176186626e-03,-1.124422827414442771e+00,-1.040958487019336687e-01,-1.938492319382260742e+00,4.744203508737170338e-01,1.576552458639809196e+00,4.400150586139135456e-01
1.134666666666666757e+01,1.202987439846324447e-01,9.502241985775952693e-02,-1.068185255330526828e-01,1.199212264910966275e-02,-3.282745514759066968e-04,1.203002909679694449e-01,2.225473528347404195e-01,-2.157519982461941765e-03,-4.421645073627633593e-03,4.530268899704203989e-03,-1.997843693386514019e-04,-2.769880497854870782e-06,-2.157598347221956203e-03,7.030243667888771454e-03,-1.122838345991872266e+00,-1.029378521717299044e-01,-1.939795834516747863e+00,4.745689806923083509e-01,1.576548150372324208e+00,4.415995604917890560e-01
1.136000000000000121e+01,1.178705443540639247e-01,9.129072197685272894e-02,-1.024893386710617887e-01,1.140114900031165279e-02,-3.226895055778282733e-04,1.178720543259081932e-01,2.162300562009457083e-01,-2.155228995860625218e-03,-4.420163791834408329e-03,4.522536451547765068e-03,-2.001333020502649163e-04,-2.778442457440633007e-06,-2.155307277408091693e-03,7.022934318730376067e-03,-1.121234362738743773e+00,-1.016708865736264400e-01,-1.941220081523855168e+00,4.747288756609631122e-01,1.576543773378304536e+00,4.432035643713621020e-01
1.137333333333333485e+01,1.114709268201870690e-01,7.563659877896324046e-02,-8.482496424091885701e-02,9.439359579064778363e-03,-3.060066716828136412e-04,1.114723496732272223e-01,1.945693116873541406e-01,-2.152940441968453911e-03,-4.418551324783415168e-03,4.514929803262290875e-03,-2.004593235027662956e-04,-2.786524698539238898e-06,-2.153018640392190264e-03,7.015626875466651931e-03,-1.119662755480689498e+00,-1.004536769472683666e-01,-1.942586606039469421e+00,4.748808909809674184e-01,1.576539470851563429e+00,4.447751917623743445e-01
1.138666666666666671e+01,1.010297816718262742e-01,4.804553846904131148e-02,-5.386550820590625677e-02,6.153795283125902162e-03,-2.779167095538128004e-04,1.010310671211594041e-01,1.601939651904585871e-01,-2.150654318203049087e-03,-4.416394232635845185e-03,4.507826026468819691e-03,-2.006900111339859905e-04,-2.792645533933324486e-06,-2.150732433590984982e-03,7.008300919603301787e-03,-1.118176476456420154e+00,-9.944518896354903603e-02,-1.943717605562681694e+00,4.750067491086884530e-01,1.576535390762607847e+00,4.462614897580174933e-01
1.140000000000000036e+01,8.833974477788839041e-02,1.667555199813003028e-02,-1.875232454985183497e-02,2.488008371964996017e-03,-2.433557914738749411e-04,8.834086575457504587e-02,1.274519210834259286e-01,-2.148370621983808348e-03,-4.413326081698532022e-03,4.501560671479332143e-03,-2.007609010878930178e-04,-2.795489514983984236e-06,-2.148448654423873450e-03,7.000938243312539340e-03,-1.116829412700795832e+00,-9.880458178396178681e-02,-1.944435812338760394e+00,4.750887997124633166e-01,1.576531685206481015e+00,4.476085706529664421e-01
1.141333333333333400e+01,7.820863260811160289e-02,-6.734455149212520246e-03,7.424866907860515515e-03,-2.337844204797651657e-04,-2.157061550280834673e-04,7.820962274642076495e-02,1.110581740513718607e-01,-2.146089350732793832e-03,-4.409300826548889773e-03,4.496177427251168979e-03,-2.006635796067968158e-04,-2.794889526036570260e-06,-2.146167300313361892e-03,6.993536480363765108e-03,-1.115651549437090662e+00,-9.858224109065361063e-02,-1.944685843332758513e+00,4.751219731574227723e-01,1.576528440462594993e+00,4.487864488630273208e-01
1.142666666666666764e+01,7.123305855901032602e-02,-2.447764171612226702e-02,2.726491787719844198e-02,-2.297269948118190949e-03,-1.966843642049626050e-04,7.123395849917345257e-02,1.072206710477053293e-01,-2.143810501874732211e-03,-4.404617897290741269e-03,4.491403899837820290e-03,-2.004503512775812624e-04,-2.791918646494195855e-06,-2.143888368683288803e-03,6.986110273684005383e-03,-1.114608767668982203e+00,-9.867203382597633521e-02,-1.944586845107320272e+00,4.751188560318162502e-01,1.576525564380528266e+00,4.498292438329798415e-01
1.144000000000000128e+01,6.743745721040625418e-02,-3.655809502313721315e-02,4.078609509753104712e-02,-3.712486939838043412e-03,-1.864353341662911413e-04,6.743830743684545159e-02,1.100434147388644479e-01,-2.141534072837902869e-03,-4.399470061176913305e-03,4.487064236904814152e-03,-2.001549873584806960e-04,-2.787269109294499003e-06,-2.141611856963265836e-03,6.978669042456955331e-03,-1.113658993554861976e+00,-9.899840238219148603e-02,-1.944223312868957665e+00,4.750882257658415320e-01,1.576522941922338994e+00,4.507790299463021455e-01
1.145333333333333492e+01,6.683709545041328914e-02,-4.298492174744520528e-02,4.799764382849752709e-02,-4.476672395122612697e-03,-1.850679835408455777e-04,6.683793624368219999e-02,1.144816981275839640e-01,-2.139260061052805639e-03,-4.394024121000317251e-03,4.483006007457213116e-03,-1.998067646775680828e-04,-2.781540071161714422e-06,-2.139337762581572377e-03,6.971220911019055527e-03,-1.112759827458723372e+00,-9.948584364916657208e-02,-1.943679498267657291e+00,4.750387259399770912e-01,1.576520456117883384e+00,4.516782073787934948e-01
1.146666666666666679e+01,6.729892671038660568e-02,-4.969335611220374038e-02,5.553564302166990457e-02,-5.279259873407378227e-03,-1.866550397687606394e-04,6.729977137138518084e-02,1.209956506468319037e-01,-2.136988463952604889e-03,-4.388428688192114180e-03,4.479093382944832058e-03,-1.994317725193539559e-04,-2.775264728249737800e-06,-2.137066082973149150e-03,6.963773097720299225e-03,-1.111868666186051513e+00,-1.000589759391323774e-01,-1.943039529683277422e+00,4.749790369747088903e-01,1.576517988544769544e+00,4.525693798620427089e-01
1.148000000000000043e+01,6.559519226755274046e-02,-6.016016523638120783e-02,6.730196409301381077e-02,-6.551549678797362330e-03,-1.821729933893543403e-04,6.559601379708540625e-02,1.296044833982370748e-01,-2.134719278972241341e-03,-4.382681353135353675e-03,4.475328354570429212e-03,-1.990296280101055970e-04,-2.768435772182442633e-06,-2.134796815572492790e-03,6.956325468607624241e-03,-1.110971347163246303e+00,-1.007215540206285453e-01,-1.942299054442988560e+00,4.749086468430636643e-01,1.576515499810906107e+00,4.534667101469946893e-01
1.149333333333333407e+01,6.225982979541628409e-02,-7.019040379216941183e-02,7.860963642702954723e-02,-7.814244098930533608e-03,-1.731014059366556225e-04,6.226060806602334852e-02,1.375497358104956491e-01,-2.132452503552428880e-03,-4.376701215337508444e-03,4.471784373884624131e-03,-1.985862228934820450e-04,-2.760766184550789148e-06,-2.132529957818540822e-03,6.948874068905631918e-03,-1.110096744599679219e+00,-1.015236895571134390e-01,-1.941401694921748300e+00,4.748212928473463101e-01,1.576513070837661346e+00,4.543413236642890318e-01
1.150666666666666771e+01,5.730324007191145430e-02,-7.977487925499850141e-02,8.945146473329232406e-02,-9.069122360222243301e-03,-1.594402472540651274e-04,5.730395524786725814e-02,1.449664613434667737e-01,-2.130188135132549121e-03,-4.370508273972895097e-03,4.468442800196648079e-03,-1.981051387844878775e-04,-2.752329666400044061e-06,-2.130265507152895310e-03,6.941419845741292859e-03,-1.109266613535740298e+00,-1.024595616076755533e-01,-1.940353566436054500e+00,4.747171029260273123e-01,1.576510762818915445e+00,4.551714651051694815e-01
1.152000000000000135e+01,5.073731470076987132e-02,-8.890522389409774573e-02,9.982042568985675934e-02,-1.031730211958286833e-02,-1.411990531214589201e-04,5.073794722685740638e-02,1.520635961451771712e-01,-2.127926171157312751e-03,-4.364121590205272128e-03,4.465285820661968330e-03,-1.975897989243691200e-04,-2.743196502841271922e-06,-2.128003461019378761e-03,6.933963692439796059e-03,-1.108502570334781723e+00,-1.035232266644090515e-01,-1.939160880239610529e+00,4.745961812945576064e-01,1.576508636948951825e+00,4.559355178418078580e-01
1.153333333333333321e+01,4.791402425337644433e-02,-1.033422668228206609e-01,1.161923211406811068e-01,-1.222589589977940081e-02,-1.333823708609831226e-04,4.791462079950346842e-02,1.700627370474222522e-01,-2.125666609074094993e-03,-4.357559277289979605e-03,4.462296473308313693e-03,-1.970434636899831560e-04,-2.733433451140854231e-06,-2.125743816864922309e-03,6.926506448196606373e-03,-1.107826072805438322e+00,-1.047086296496635427e-01,-1.937829941230412523e+00,4.744586172662965673e-01,1.576506754294910273e+00,4.566120238048325675e-01
1.154666666666666686e+01,4.614477741021669882e-02,-1.180467707443567521e-01,1.329324975270361475e-01,-1.423168446865736084e-02,-1.285070577137380936e-04,4.614535115128473586e-02,1.899141391627788000e-01,-2.123409446332047423e-03,-4.350728764784150826e-03,4.459558272415176106e-03,-1.964500971114446770e-04,-2.722714397940251274e-06,-2.123486572138677531e-03,6.919043555466397426e-03,-1.107187219148726420e+00,-1.060865265406345515e-01,-1.936280710281870210e+00,4.742956053209663736e-01,1.576504975863298519e+00,4.572508854154926361e-01
1.156000000000000050e+01,3.878472295945292747e-02,-1.247205292890761208e-01,1.406959055956534810e-01,-1.534734315567290105e-02,-1.078938067346535998e-04,3.878520513144130544e-02,1.964552054099593659e-01,-2.121154680382986157e-03,-4.343644966628534831e-03,4.457056798603531433e-03,-1.958124747565292978e-04,-2.711096343865904146e-06,-2.121231724292904630e-03,6.911575651301684990e-03,-1.106571955449923372e+00,-1.076604834838925662e-01,-1.934508276981509622e+00,4.741058495280507934e-01,1.576503262435862140e+00,4.578661567641764130e-01
1.157333333333333414e+01,2.588924850961557209e-02,-1.233551371529490320e-01,1.394162503897819483e-01,-1.551223900670787095e-02,-7.163737215536684520e-05,2.588957135336620100e-02,1.903537194775485053e-01,-2.118902308681835933e-03,-4.336461140550973425e-03,4.454652300215133920e-03,-1.951574413170398259e-04,-2.699125695837523153e-06,-2.118979270782084257e-03,6.904110094374434244e-03,-1.106054825810463882e+00,-1.093234238744136277e-01,-1.932632331573567619e+00,4.739012182859752009e-01,1.576501823851772066e+00,4.583832928325954903e-01
1.158666666666666778e+01,7.503322923602442560e-03,-1.139550866994943762e-01,1.290360057656783910e-01,-1.466418060319460252e-02,-1.985073345735305781e-05,7.503419312217696029e-03,1.731002377575923956e-01,-2.116652328687962381e-03,-4.329315576069525662e-03,4.452219296748438637e-03,-1.945090957460315906e-04,-2.687292138148222875e-06,-2.116729209064249773e-03,6.896653584054390773e-03,-1.105709635830335991e+00,-1.109681590364530734e-01,-1.930773448235037160e+00,4.736943884325524046e-01,1.576500868686809831e+00,4.587284871173071821e-01
1.160000000000000142e+01,-1.663593451974854434e-02,-1.029369291861619018e-01,1.167758662979018619e-01,-1.359267835993217821e-02,4.818311296604246786e-05,-1.663613524187519677e-02,1.580218114047634570e-01,-2.114404737859398864e-03,-4.322347578093133080e-03,4.449632140246961853e-03,-1.938915629948745334e-04,-2.676085160580043976e-06,-2.114481536600099076e-03,6.889212976320568255e-03,-1.105609591524688184e+00,-1.124875601924464341e-01,-1.929052968158161407e+00,4.734988660245096348e-01,1.576500604010363737e+00,4.588285327081367271e-01
1.161333333333333329e+01,-3.699550825033047496e-02,-9.726154775122683449e-02,1.105241582487578728e-01,-1.315059923420492001e-02,1.055020303119529740e-04,-3.699596000571808013e-02,1.567983300481949893e-01,-2.112159533660395994e-03,-4.315593012760743363e-03,4.446859148604431766e-03,-1.933109204301786122e-04,-2.665627056863684174e-06,-2.112236250851218244e-03,6.881790132798585105e-03,-1.105831403984951500e+00,-1.138600525815953723e-01,-1.927495956607522709e+00,4.733176303130437468e-01,1.576501246451869953e+00,4.586067175715782263e-01
1.162666666666666693e+01,-4.855956758078657648e-02,-9.401169997716815607e-02,1.069929131838648212e-01,-1.294627899345646670e-02,1.379173678935689763e-04,-4.856016270964662318e-02,1.586487610136436965e-01,-2.109916713556536649e-03,-4.308957769059151843e-03,4.443985788548765470e-03,-1.927507536558792367e-04,-2.655582945543244477e-06,-2.109993349284522424e-03,6.874380490028497194e-03,-1.106324677428289327e+00,-1.151568732182783883e-01,-1.926022301164205919e+00,4.731422889899210560e-01,1.576502653145607447e+00,4.581134381048350690e-01
1.164000000000000057e+01,-5.136440883976060856e-02,-9.317762470508603179e-02,1.061866520473279535e-01,-1.299398222824397348e-02,1.456098915471417982e-04,-5.136503968763433958e-02,1.593838429473355411e-01,-2.107676275016068246e-03,-4.302396854718892882e-03,4.441052885381768789e-03,-1.922032221761682536e-04,-2.645792553046533158e-06,-2.107752829367370850e-03,6.866981853409666152e-03,-1.106972138329366473e+00,-1.164103625513073226e-01,-1.924595728988421017e+00,4.729696719366751623e-01,1.576504492043845573e+00,4.574659692687066403e-01
1.165333333333333421e+01,-4.543977764265793445e-02,-9.473914560926781359e-02,1.080969094117456286e-01,-1.330559826729360053e-02,1.287889837744544920e-04,-4.544033621385981658e-02,1.580098117663613910e-01,-2.105438215510790911e-03,-4.295863965265933615e-03,4.438102245083896946e-03,-1.916602985905235812e-04,-2.636092210739349184e-06,-2.105514688571563653e-03,6.859591937429724944e-03,-1.107656997113896757e+00,-1.176527308807084893e-01,-1.923179906961123287e+00,4.727964188402986601e-01,1.576506433509066163e+00,4.567811020728713700e-01
1.166666666666666785e+01,-4.005926648489886721e-02,-9.757971597008963105e-02,1.114754103857053813e-01,-1.380582583565155910e-02,1.135611275521254432e-04,-4.005975918303245065e-02,1.592127851326944343e-01,-2.103202532513392953e-03,-4.289313142548323299e-03,4.435175175579786355e-03,-1.911140525892029984e-04,-2.626320511289748083e-06,-2.103278924369789138e-03,6.852208452611635928e-03,-1.108262860815798945e+00,-1.189159194888320670e-01,-1.921738614835633241e+00,4.726190108634016340e-01,1.576508150695516974e+00,4.561752309233533254e-01
1.168000000000000149e+01,-4.049557095086309122e-02,-9.882231347296674406e-02,1.130474448076232985e-01,-1.413556872474361868e-02,1.146623161957605275e-04,-4.049606976580269468e-02,1.613233547922116318e-01,-2.100969223501003569e-03,-4.282720734641642935e-03,4.432292801391124470e-03,-1.905604291909668291e-04,-2.616395176069374884e-06,-2.101045534240064683e-03,6.844830202856659086e-03,-1.108796984368931149e+00,-1.202169823684333672e-01,-1.920252276030490535e+00,4.724349331855930423e-01,1.576509664843884551e+00,4.556411008009129127e-01
1.169333333333333336e+01,-4.013914667206691655e-02,-9.813272919651529203e-02,1.124117126107204712e-01,-1.419079797448590669e-02,1.135328418656046770e-04,-4.013964176227770297e-02,1.602815000081305452e-01,-2.098738285952528315e-03,-4.276117451859295926e-03,4.429427458659151995e-03,-1.900047379015390447e-04,-2.606424460704914736e-06,-2.098814515659963575e-03,6.837458696881519755e-03,-1.109336925314942768e+00,-1.215346132147394620e-01,-1.918744976766388888e+00,4.722464589359298692e-01,1.576511193674766886e+00,4.551011532040356578e-01
1.170666666666666700e+01,-3.899719237825654411e-02,-9.551456996620705242e-02,1.095603687756140643e-01,-1.396006792486996842e-02,1.102025924456896200e-04,-3.899767393764207168e-02,1.560865231501098460e-01,-2.096509717349537283e-03,-4.269539410942435609e-03,4.426546771270523095e-03,-1.894531914823360808e-04,-2.596534819598872446e-06,-2.096585866111944085e-03,6.830095727185197044e-03,-1.109872113937236726e+00,-1.228430496040262554e-01,-1.917246153931579267e+00,4.720572482962701599e-01,1.576512707445991701e+00,4.545659579805385597e-01
1.172000000000000064e+01,-3.707655383605121258e-02,-9.097130414460735670e-02,1.044858111438640436e-01,-1.343245784077232510e-02,1.046996733874433353e-04,-3.707701209265593795e-02,1.487376228931475419e-01,-2.094283515177153276e-03,-4.263022620493384096e-03,4.423618609115997913e-03,-1.889119535842809228e-04,-2.586851842067972029e-06,-2.094359583080240839e-03,6.822743098266849555e-03,-1.110392076502280112e+00,-1.241165772035754955e-01,-1.915785349014571093e+00,4.718711140572717788e-01,1.576514176813891055e+00,4.540459889947032757e-01
1.173333333333333428e+01,-3.412189272063684276e-02,-8.386340065771138996e-02,9.644194828714333645e-02,-1.250215589569026071e-02,9.631657426948145957e-05,-3.412231466785657641e-02,1.371826099013623013e-01,-2.092059676922275457e-03,-4.256603916458878700e-03,4.420610247143130778e-03,-1.883873001302660555e-04,-2.577503535050595929e-06,-2.092135664051752997e-03,6.815402673777695881e-03,-1.110886430553427395e+00,-1.253295279255035588e-01,-1.914392204865986269e+00,4.716920146193945840e-01,1.576515572809536359e+00,4.535516288334680013e-01
1.174666666666666792e+01,-3.170631085125201476e-02,-7.804917393093671607e-02,8.985866676502970996e-02,-1.173826170983444626e-02,8.946456794614388649e-05,-3.170670309939321863e-02,1.277288280115222996e-01,-2.089838200074467522e-03,-4.250334522179599617e-03,4.417476263857800234e-03,-1.878879411698619606e-04,-2.568667623936704558e-06,-2.089914106516488346e-03,6.808077059183178376e-03,-1.111341389123035928e+00,-1.264477066009397355e-01,-1.913106312222157657e+00,4.715253192074522204e-01,1.576516857030526353e+00,4.530966646378966622e-01
1.176000000000000156e+01,-3.086707887117600552e-02,-7.609480884080320473e-02,8.770217594184503973e-02,-1.153843665226325643e-02,8.703823411965038598e-05,-3.086746105129502954e-02,1.245825485502597696e-01,-2.087619082127289971e-03,-4.244191562029264730e-03,4.414237413573829372e-03,-1.874098889453890138e-04,-2.560263188566835879e-06,-2.087694907967119207e-03,6.800765136426292420e-03,-1.111764139934385831e+00,-1.274883622533522498e-01,-1.911908196665290660e+00,4.713688090513210582e-01,1.576518049891432405e+00,4.526739085965711951e-01
1.177333333333333343e+01,-3.159270408694480475e-02,-7.799452789696750821e-02,8.998526656512170763e-02,-1.192104861056269768e-02,8.899034119453086693e-05,-3.159309577241095623e-02,1.277452016787052058e-01,-2.085402320574303303e-03,-4.238098365239473253e-03,4.410962228605264102e-03,-1.869399915470637552e-04,-2.552022401403064578e-06,-2.085478065898094258e-03,6.793463049938854720e-03,-1.112175700986001381e+00,-1.285029597045630467e-01,-1.910738834319399393e+00,4.712149632292907953e-01,1.576519210401221116e+00,4.522623424492207000e-01
1.178666666666666707e+01,-3.387177121344028818e-02,-8.374291243520531891e-02,9.672050718505442735e-02,-1.290445444654162409e-02,9.527311453297378370e-05,-3.387219191963630749e-02,1.372183959437296707e-01,-2.083187912915285267e-03,-4.231977193477121091e-03,4.407719937829845946e-03,-1.864649667995266213e-04,-2.543674548327601315e-06,-2.083263577807414890e-03,6.786166862501413766e-03,-1.112596937040494005e+00,-1.295428867431893671e-01,-1.909539030765197820e+00,4.710560159144834280e-01,1.576520396939104174e+00,4.518411011722553994e-01
1.180000000000000071e+01,-3.665546486925155834e-02,-9.076812768474791515e-02,1.049544763960320315e-01,-1.410949833465702935e-02,1.029441223107861964e-04,-3.665592103258870360e-02,1.487973901358362883e-01,-2.080975856649125433e-03,-4.225752934448046005e-03,4.404577192613334802e-03,-1.859720302355150068e-04,-2.534958847277835048e-06,-2.081051441195747032e-03,6.778872749033689263e-03,-1.113048560656673125e+00,-1.306594589089922209e-01,-1.908249424002730343e+00,4.708839565218627676e-01,1.576521667247297920e+00,4.513894719466602368e-01
1.181333333333333435e+01,-3.838757921348660840e-02,-9.522011496946998499e-02,1.102385851116312321e-01,-1.493999175115942601e-02,1.076621640847251233e-04,-3.838805773886611733e-02,1.561725971536426782e-01,-2.078766149279598352e-03,-4.219404952361838212e-03,4.401552028148625340e-03,-1.854577254301048583e-04,-2.525804552178101403e-06,-2.078841653565977055e-03,6.771579629607621040e-03,-1.113537300188263135e+00,-1.318697006114555315e-01,-1.906850030984116540e+00,4.706958298774006622e-01,1.576523039835595164e+00,4.509007263328923543e-01
1.182666666666666799e+01,-3.933437167035194748e-02,-9.774374659614315508e-02,1.133068321096856734e-01,-1.548424073565814012e-02,1.101800093966391798e-04,-3.933486275244432034e-02,1.603947513936564151e-01,-2.076558788312254933e-03,-4.212985521935941335e-03,4.398597722994779247e-03,-1.849310166917028653e-04,-2.516394242313424456e-06,-2.076634212423655867e-03,6.764290118222058938e-03,-1.114049134577776101e+00,-1.331393021443818547e-01,-1.905380183182628029e+00,4.704966299873851732e-01,1.576524475331115838e+00,4.503888855630409083e-01
1.184000000000000163e+01,-3.950259851478631762e-02,-9.834221168065289398e-02,1.141517518096100969e-01,-1.573136040263445681e-02,1.105259207983132653e-04,-3.950309238293365360e-02,1.614628457347909440e-01,-2.074353771255310619e-03,-4.206531837782634398e-03,4.395681092626002595e-03,-1.843982699618607057e-04,-2.506857630368841683e-06,-2.074429115277887092e-03,6.757006075125470378e-03,-1.114573592866713980e+00,-1.344425520989971368e-01,-1.903869425421165662e+00,4.702901734442432868e-01,1.576525944397907608e+00,4.498644207263415851e-01
1.185333333333333350e+01,-3.889924635914374096e-02,-9.701884727238214989e-02,1.127654747879555108e-01,-1.567005679437886642e-02,1.087287964878535834e-04,-3.889973327892547184e-02,1.593756949744407903e-01,-2.072151095621421746e-03,-4.200079459972805296e-03,4.392770538669488189e-03,-1.838655451051884882e-04,-2.497318310812346454e-06,-2.072226359638662530e-03,6.749729290825670289e-03,-1.115100294180244589e+00,-1.357537815880727194e-01,-1.902347402063704118e+00,4.700804219722081179e-01,1.576527418076851816e+00,4.493377128279023580e-01
1.186666666666666714e+01,-3.829964395575534419e-02,-9.569745435863508121e-02,1.113753488258512475e-01,-1.560292947520523776e-02,1.069474489221869856e-04,-3.830012394415144295e-02,1.572885760760874274e-01,-2.069950758922800560e-03,-4.193663232750832748e-03,4.389835236830563758e-03,-1.833387515608464469e-04,-2.487896932912292414e-06,-2.070025943019970782e-03,6.742461535139911491e-03,-1.115618950798366704e+00,-1.370473662183711028e-01,-1.900843862399864692e+00,4.698714878816163676e-01,1.576528867794138478e+00,4.488190497175166271e-01
1.188000000000000078e+01,-3.821489218736889154e-02,-9.565777538673402025e-02,1.114728750791006001e-01,-1.574108143993428396e-02,1.065973572056294377e-04,-3.821537173188331582e-02,1.573060631372264762e-01,-2.067752758675656111e-03,-4.187283059899460369e-03,4.386875351951147195e-03,-1.828178554714732229e-04,-2.478592891819175748e-06,-2.067827862938020900e-03,6.735202805464213585e-03,-1.116129612717776887e+00,-1.383233322764860773e-01,-1.899358857748853380e+00,4.696634488219468828e-01,1.576530293760123769e+00,4.483083813982613464e-01
1.189333333333333442e+01,-3.813041701143969620e-02,-9.561839510507889883e-02,1.115704997937598253e-01,-1.587902941505070151e-02,1.062487579526242648e-04,-3.813089611096637244e-02,1.573241962012027761e-01,-2.065557092399750161e-03,-4.180915517117522739e-03,4.383911622350744608e-03,-1.822988789346169369e-04,-2.469325011134060333e-06,-2.065632116912130556e-03,6.727951902106958822e-03,-1.116639144613608359e+00,-1.395987692816427206e-01,-1.897872552747798647e+00,4.694535677360809345e-01,1.576531715058219874e+00,4.477988431085027088e-01
1.190666666666666806e+01,-3.804621724534480720e-02,-9.557931319389857683e-02,1.116682240702839002e-01,-1.601677481575615111e-02,1.059016433045393055e-04,-3.804669589874428576e-02,1.573429737350120206e-01,-2.063363757616620831e-03,-4.174560578022123991e-03,4.380944080032200816e-03,-1.817818145761762594e-04,-2.460093162515164522e-06,-2.063438702462949692e-03,6.720708817318478238e-03,-1.117147550173760884e+00,-1.408736812163771113e-01,-1.896384946083881751e+00,4.692418473438801918e-01,1.576533131708325541e+00,4.472904311603564942e-01
1.191999999999999993e+01,-3.796229171238843514e-02,-9.554052935099587029e-02,1.117660490041118698e-01,-1.615431905781683150e-02,1.055560056585504278e-04,-3.796276991862214401e-02,1.573623942271495657e-01,-2.061172751850470775e-03,-4.168218216153540823e-03,4.377972756945958110e-03,-1.812666550304875557e-04,-2.450897217620706670e-06,-2.061247617115569142e-03,6.713473543345036681e-03,-1.117654833070365505e+00,-1.421480720589625157e-01,-1.894896036429611241e+00,4.690282903463369735e-01,1.576534543730236493e+00,4.467831418817067579e-01
1.193333333333333357e+01,-4.047330334654329620e-02,-9.480069692610647303e-02,1.110463032794998944e-01,-1.619218047339058414e-02,1.123337459540498965e-04,-4.047381411793040534e-02,1.576606192113477189e-01,-2.058984072627723094e-03,-4.161888405128433277e-03,4.374997684860826297e-03,-1.807533929665261496e-04,-2.441737047220726708e-06,-2.059058858396856095e-03,6.706246072439186502e-03,-1.118160996959864040e+00,-1.434219457836425349e-01,-1.893405822442889797e+00,4.688128994255662541e-01,1.576535951143645420e+00,4.462769716161250066e-01
1.194666666666666721e+01,-4.297767723257740757e-02,-9.406476971987780267e-02,1.103277536667158359e-01,-1.622727916762779082e-02,1.190698686318628031e-04,-4.297822061277621619e-02,1.580441112024202344e-01,-2.056797717479241783e-03,-4.155583760398595672e-03,4.372007792832199868e-03,-1.802441487872563641e-04,-2.432656031281510423e-06,-2.056872423835898189e-03,6.699027050238400872e-03,-1.118700641004484631e+00,-1.446859550759906909e-01,-1.891925205065829729e+00,4.685970036859208321e-01,1.576537448926925045e+00,4.457373207612191912e-01
1.196000000000000085e+01,-4.159026581921269894e-02,-9.438100351214995243e-02,1.108356558825594196e-01,-1.641138977097731516e-02,1.151251557934654829e-04,-4.159079228206670475e-02,1.578645229950567941e-01,-2.054613683935446744e-03,-4.149304135232512181e-03,4.369003254298231553e-03,-1.797388876498828836e-04,-2.423653388206048476e-06,-2.054688310964891684e-03,6.691816467147472351e-03,-1.119273676700919040e+00,-1.459401520055889634e-01,-1.890454168350273578e+00,4.683806399636858409e-01,1.576539036525173465e+00,4.451642778197153483e-01
1.197333333333333449e+01,-3.632477214494957835e-02,-9.574205484805689559e-02,1.125676089764430926e-01,-1.674957991642510996e-02,1.005859926486732880e-04,-3.632523207057726522e-02,1.573454090797826721e-01,-2.052431969532086953e-03,-4.143030475497688769e-03,4.366000812075387927e-03,-1.792343998863188403e-04,-2.414663387462212540e-06,-2.052506517318697377e-03,6.684613332560120774e-03,-1.119828213578508702e+00,-1.471985653857510457e-01,-1.888976359605172739e+00,4.681618214334060113e-01,1.576540571527250911e+00,4.446097339226211531e-01
1.198666666666666814e+01,-2.719607360460122442e-02,-9.814280824592840069e-02,1.155238697220626748e-01,-1.724739334430157311e-02,7.553186064697334494e-05,-2.719641735027185023e-02,1.573357082940464169e-01,-2.050252571806687740e-03,-4.136744140030401695e-03,4.363016775768002731e-03,-1.787275596534243505e-04,-2.405622129053597291e-06,-2.050327040433508330e-03,6.677416669209668837e-03,-1.120312543873774658e+00,-1.484751261170584868e-01,-1.887475458152153562e+00,4.679384937011867862e-01,1.576541912673819823e+00,4.441253974950134520e-01
1.200000000000000000e+01,-1.937871403880873922e-02,-1.008962531573387722e-01,1.189083783089658342e-01,-1.782747303210733061e-02,5.412052774719931829e-05,-1.937895806804738885e-02,1.593366142184558520e-01,-2.048075488299438973e-03,-4.130427128266944692e-03,4.360066824065089719e-03,-1.782153628049343297e-04,-2.396468325116529741e-06,-2.048149877850402589e-03,6.670225525328831763e-03,-1.120675158188502607e+00,-1.497836968936709923e-01,-1.885935139889192813e+00,4.677085284565962731e-01,1.576542919765294926e+00,4.437627785970099659e-01
1.201333333333333364e+01,-1.416585967470363090e-02,-1.029498414811319679e-01,1.214834664913054668e-01,-1.831494223162197579e-02,3.985668828074418596e-05,-1.416603713365586700e-02,1.615354121474084081e-01,-2.045900716551862786e-03,-4.124074128552202012e-03,4.357155479598695536e-03,-1.776969430378194659e-04,-2.387184596663871616e-06,-2.045975027111790467e-03,6.663039602685725052e-03,-1.120933541042353099e+00,-1.511289802691022643e-01,-1.884349694845073309e+00,4.674708288161681935e-01,1.576543641372331273e+00,4.435043924894359613e-01
1.202666666666666728e+01,-7.050055050238387619e-03,-1.044655347000922330e-01,1.234302069877630664e-01,-1.870250369694432396e-02,2.040983025106970781e-05,-7.050141479195654731e-03,1.630866511073228997e-01,-2.043728254109922204e-03,-4.117698092066301996e-03,4.354271303953716199e-03,-1.771744916978512663e-04,-2.377816123999565434e-06,-2.043802485762746812e-03,6.655859553642665648e-03,-1.121122419171348916e+00,-1.525016448221840903e-01,-1.882729915291855960e+00,4.672266295864133667e-01,1.576544172794841714e+00,4.433155119943203992e-01
1.204000000000000092e+01,1.957889128595530909e-03,-1.054481418052652941e-01,1.247509564640994495e-01,-1.898770771722350231e-02,-4.196049199995988345e-06,1.957918020109330332e-03,1.644697892734889311e-01,-2.041558098521356612e-03,-4.111308745226249783e-03,4.351405719165590824e-03,-1.766496517348059569e-04,-2.368396770258129891e-06,-2.041632251351011007e-03,6.648685867110648573e-03,-1.121216419905351813e+00,-1.538945186181854829e-01,-1.881084179198685868e+00,4.669772628704542683e-01,1.576544444925911392e+00,4.432215101079313158e-01
1.205333333333333456e+01,1.284696359470577191e-02,-1.059047959020861240e-01,1.254507556435003890e-01,-1.916847640729739399e-02,-3.394813846433461025e-05,1.284713186138793269e-02,1.662866284386948779e-01,-2.039390247337014017e-03,-4.104915430116484742e-03,4.348550520542282527e-03,-1.761239938895542423e-04,-2.358959018344819469e-06,-2.039464321426542881e-03,6.641519016259260673e-03,-1.121190314716970615e+00,-1.553004938422555270e-01,-1.879420833112497968e+00,4.667240934342244962e-01,1.576544388978588174e+00,4.432476156815328139e-01
1.206666666666666821e+01,2.753403041000790363e-02,-1.067238106729305608e-01,1.265775186718612333e-01,-1.939112233315313030e-02,-7.411614134762127689e-05,2.753438644342343783e-02,1.711844805572445560e-01,-2.037224698109518783e-03,-4.098527137951890609e-03,4.345697846811713561e-03,-1.755990224143744172e-04,-2.349534082846105321e-06,-2.037298693542410888e-03,6.634359460459796423e-03,-1.121019021869041232e+00,-1.567125577876167242e-01,-1.877748156370584676e+00,4.664685137487940558e-01,1.576543936336742391e+00,4.434189107730182045e-01
1.208000000000000007e+01,4.088595358973916294e-02,-1.079304850539741234e-01,1.281706494244352901e-01,-1.969924722054527261e-02,-1.107196694684819477e-04,4.088647983576935985e-02,1.783483754119225828e-01,-2.035061448395047989e-03,-4.092137924512684322e-03,4.342852847543987593e-03,-1.750737496735155219e-04,-2.340102242648356423e-06,-2.035135365254792106e-03,6.627206877426844792e-03,-1.120651901463574518e+00,-1.581355419299224074e-01,-1.876060456121626530e+00,4.662099654510187818e-01,1.576542948121524290e+00,4.437860359255969556e-01
1.209333333333333371e+01,4.843439240667798268e-02,-1.086462671734315238e-01,1.291935042262719879e-01,-1.996266018604312548e-02,-1.315389878218228207e-04,4.843501419928965268e-02,1.832630322173095239e-01,-2.032900495750222802e-03,-4.085741563655265196e-03,4.340020891968165984e-03,-1.745471460656844442e-04,-2.330643100290075154e-06,-2.032974334121195881e-03,6.620060926805302302e-03,-1.120106755415711142e+00,-1.595746150639754113e-01,-1.874351514129300789e+00,4.659473088214114433e-01,1.576541471859265187e+00,4.443311889900738443e-01
1.210666666666666735e+01,5.021275875201756944e-02,-1.088509582992727709e-01,1.296186868566206185e-01,-2.017396063330045494e-02,-1.366023108770946469e-04,5.021340219729272802e-02,1.846598206287588251e-01,-2.030741837737437550e-03,-4.079346339179057424e-03,4.337194748475603490e-03,-1.740205947413642207e-04,-2.321185597953245860e-06,-2.030815597702684272e-03,6.612922031892134143e-03,-1.119460963516955232e+00,-1.610232319596209827e-01,-1.872628934072950502e+00,4.656811400189306838e-01,1.576539718006094049e+00,4.449769891793975418e-01
1.212000000000000099e+01,4.625575330735809398e-02,-1.085200809170081548e-01,1.294134811626105053e-01,-2.032470875361627044e-02,-1.259214009407865961e-04,4.625634541082642576e-02,1.822547966879739800e-01,-2.028585471919974736e-03,-4.072960679927462024e-03,4.334367094850133384e-03,-1.734954961323253997e-04,-2.311758742656877530e-06,-2.028659153562539785e-03,6.605790628136749484e-03,-1.118791460066928423e+00,-1.624745780702778752e-01,-1.870900684914862167e+00,4.654121538771534006e-01,1.576537896641949210e+00,4.456465012086949784e-01
1.213333333333333464e+01,4.358368583062671026e-02,-1.078289602258391822e-01,1.287743042301244534e-01,-2.039521244780089990e-02,-1.187362752349561468e-04,4.358424312806791906e-02,1.800694554944329007e-01,-2.026431395863781404e-03,-4.066593285296349336e-03,4.331530410838890788e-03,-1.729732884960810679e-04,-2.302392019259968947e-06,-2.026504999265821283e-03,6.598667170101356512e-03,-1.118174716689496861e+00,-1.639215124825046388e-01,-1.869175171832694105e+00,4.651411577604385172e-01,1.576536217689936237e+00,4.462632524808394230e-01
1.214666666666666828e+01,4.473098897197742146e-02,-1.074994014549628119e-01,1.285590123515815142e-01,-2.050519774316510169e-02,-1.220469073900997341e-04,4.473156000923222270e-02,1.802936294914325721e-01,-2.024279607136580950e-03,-4.060249955105454944e-03,4.328679716903316432e-03,-1.724549237156480785e-04,-2.293104674588875014e-06,-2.024353132382472609e-03,6.591551963002538136e-03,-1.117593600878421967e+00,-1.653592319521823839e-01,-1.867458181109625803e+00,4.648692215944678630e-01,1.576534634539600077e+00,4.468443757225468715e-01
1.216000000000000014e+01,4.397782898494141668e-02,-1.076924713525684030e-01,1.289707230953889838e-01,-2.072916734521576196e-02,-1.201237095066528805e-04,4.397838965083608609e-02,1.803579130751194470e-01,-2.022130103310537663e-03,-4.053924738871117484e-03,4.325820192467855207e-03,-1.719394090984316392e-04,-2.283876258779571344e-06,-2.022203550482881695e-03,6.584444688566077480e-03,-1.116997187692128968e+00,-1.667925573049151566e-01,-1.865744060944938054e+00,4.645958189578922592e-01,1.576533007247501672e+00,4.474407965226698813e-01
1.217333333333333378e+01,4.133396820433146712e-02,-1.083998686377062037e-01,1.300029481778305906e-01,-2.106890852694031507e-02,-1.129684215966407295e-04,4.133449465058304517e-02,1.803115279163156892e-01,-2.019982881959148102e-03,-4.047609106290650516e-03,4.322959214332566802e-03,-1.714253315707736647e-04,-2.274677923796986079e-06,-2.020056251140545100e-03,6.577344887243911746e-03,-1.116410816638996550e+00,-1.682284569229492988e-01,-1.864024451303666119e+00,4.643194300599562396e-01,1.576531405598041502e+00,4.480271750513478146e-01
1.218666666666666742e+01,3.680922526156306385e-02,-1.096137855515774001e-01,1.316497431563374565e-01,-2.152626781225354044e-02,-1.005855816449403823e-04,3.680969388928832797e-02,1.803333019939482029e-01,-2.017837940658573359e-03,-4.041294785128268785e-03,4.320103901641836330e-03,-1.709113280545793145e-04,-2.265481784391454312e-06,-2.017911231932068006e-03,6.570252108592932773e-03,-1.115859697062938860e+00,-1.696737885047854277e-01,-1.862291078661294952e+00,4.640385112795968325e-01,1.576529899352419939e+00,4.485783016466888817e-01
1.220000000000000107e+01,2.853974784282148694e-02,-1.146565973913015596e-01,1.379147591591308175e-01,-2.278537227075513524e-02,-7.778732612611487533e-05,2.854011165095732966e-02,1.852426801243115817e-01,-2.015695276988083151e-03,-4.034973814916575918e-03,4.317261071064670830e-03,-1.703960940337978514e-04,-2.256261089073063886e-06,-2.015768490436720128e-03,6.563165914334222195e-03,-1.115368907392784603e+00,-1.711353056454729682e-01,-1.860535748752543794e+00,4.637514943754332819e-01,1.576528558211331088e+00,4.490690975652125161e-01
1.221333333333333471e+01,2.155846541023649643e-02,-1.193344963504022055e-01,1.437646729274339175e-01,-2.398815342539967546e-02,-5.850390031117133003e-05,2.155874092663584429e-02,1.908244870811637850e-01,-2.013554888527835374e-03,-4.028586623484375906e-03,4.314481813874060379e-03,-1.698698562053735373e-04,-2.246816136697304955e-06,-2.013628024234659364e-03,6.556083085996909122e-03,-1.114988377421546772e+00,-1.726640602773570343e-01,-1.858696885297088652e+00,4.634476894118231272e-01,1.576527521046982905e+00,4.494496323872252397e-01
1.222666666666666657e+01,2.023396793731851301e-02,-1.182418898346592334e-01,1.426679984722087347e-01,-2.399578654669834096e-02,-5.487763046908214341e-05,2.023422658015940762e-02,1.890236505495345165e-01,-2.011416772863761082e-03,-4.022141483772223580e-03,4.311758786844421820e-03,-1.693340229991235901e-04,-2.237175396935242588e-06,-2.011489830910484500e-03,6.549004026699349092e-03,-1.114700931216076718e+00,-1.742551868953623462e-01,-1.856780022991389556e+00,4.631278473661510908e-01,1.576526740994978582e+00,4.497370822662469791e-01
1.224000000000000021e+01,2.453904394710477305e-02,-1.114028775480865735e-01,1.346118649052295557e-01,-2.277144368381576675e-02,-6.687168588548765124e-05,2.453935657784257762e-02,1.795935497661810543e-01,-2.009280927580903153e-03,-4.015726543911135593e-03,4.309016272848076312e-03,-1.688030791182626444e-04,-2.227634197993211274e-06,-2.009353908050570681e-03,6.541933455084543610e-03,-1.114431144976912424e+00,-1.758317454264912705e-01,-1.854877783011760206e+00,4.628079035455283652e-01,1.576526009293239383e+00,4.500068719539824791e-01
1.225333333333333385e+01,3.445002465217122944e-02,-9.884143119317356785e-02,1.195858089716284323e-01,-2.028203293356713524e-02,-9.446720866292107740e-05,3.445046158586692608e-02,1.638761804341924144e-01,-2.007147350269633534e-03,-4.009429981100876006e-03,4.306178931160697942e-03,-1.682914299152571402e-04,-2.218486378158246453e-06,-2.007220253244401675e-03,6.534876151719826165e-03,-1.114103957724284388e+00,-1.773171171271323843e-01,-1.853082958146357040e+00,4.625042842964108836e-01,1.576525117670760423e+00,4.503340633750205768e-01
1.226666666666666750e+01,4.435288303925902925e-02,-9.053338366764593359e-02,1.096548259979433920e-01,-1.862482138213919156e-02,-1.221021725034351652e-04,4.435344374154658043e-02,1.565304427548784294e-01,-2.005016038521212351e-03,-4.003348035193088350e-03,4.303164911812817905e-03,-1.678147182744282873e-04,-2.210051125217660228e-06,-2.005088864083237610e-03,6.527837396928234080e-03,-1.113644624062255506e+00,-1.786350028763745712e-01,-1.851488480693401995e+00,4.622338571906299265e-01,1.576523858107978349e+00,4.507934028628319822e-01
1.228000000000000114e+01,5.049158982417921437e-02,-8.607589012002356266e-02,1.043648912547456009e-01,-1.777006197134773161e-02,-1.393493326360932950e-04,5.049222659229071070e-02,1.539991866747733029e-01,-2.002886989929564265e-03,-3.997417863382590753e-03,4.300028447001835730e-03,-1.673625630775887885e-04,-2.202116815119836701e-06,-2.002959738161003145e-03,6.520813852846646906e-03,-1.113053252288398909e+00,-1.798421146586099972e-01,-1.850026416346762792e+00,4.619855262388679051e-01,1.576522230079011599e+00,4.513847821127194848e-01
1.229333333333333478e+01,5.660243699827101349e-02,-7.531429345389054064e-02,9.140016645383285121e-02,-1.556215994934451174e-02,-1.566181384689719898e-04,5.660314908914040877e-02,1.437921796855728407e-01,-2.000760202092166651e-03,-3.991575884017883880e-03,4.296824114689901108e-03,-1.669245221047610528e-04,-2.194470637650880462e-06,-2.000832873075175655e-03,6.513802092057236794e-03,-1.112380031090743238e+00,-1.809897931935435800e-01,-1.848634884463366213e+00,4.617485920792501197e-01,1.576520372087909294e+00,4.520580118006165549e-01
1.230666666666666664e+01,6.270580132868329437e-02,-5.825135887243310800e-02,7.073608652467812397e-02,-1.197596427220989565e-02,-1.739771934189975251e-04,6.270658820754453078e-02,1.280796723158194317e-01,-1.998635672608273239e-03,-3.985937046065313183e-03,4.293454200218427275e-03,-1.665192698623307876e-04,-2.187493254091066319e-06,-1.998708266424564783e-03,6.506808422185761387e-03,-1.111625331930766514e+00,-1.819939837729287468e-01,-1.847416215577315057e+00,4.615410966132587056e-01,1.576518283846063184e+00,4.528127204551384288e-01
1.232000000000000028e+01,6.882652255798737961e-02,-3.488652564719867122e-02,4.235607480745808701e-02,-6.999109089971816342e-03,-1.915104326848356207e-04,6.882738395126591913e-02,1.119572683577395589e-01,-1.996513399078914119e-03,-3.980631656162358922e-03,4.289808224443802942e-03,-1.661679157773932047e-04,-2.181614454865865582e-06,-1.996585915811088796e-03,6.499840043581061287e-03,-1.110789254579717333e+00,-1.827706685578944779e-01,-1.846473067756986053e+00,4.613814170896293199e-01,1.576515964150150495e+00,4.536488082979057701e-01
1.233333333333333393e+01,7.599105271679768014e-02,-7.622196291085631646e-03,9.184618790521310167e-03,-1.144488507425808332e-03,-2.120972583634074223e-04,7.599200104156797475e-02,1.081352590653319873e-01,-1.994393379109560271e-03,-3.975815231358037494e-03,4.285754469573355152e-03,-1.658956259387167620e-04,-2.177346005272084994e-06,-1.994465818839330495e-03,6.492905596115059429e-03,-1.109871567612277232e+00,-1.832358222331906816e-01,-1.845908320092886523e+00,4.612880956350964290e-01,1.576513410677714333e+00,4.545665067505892942e-01
1.234666666666666757e+01,8.321680232517728038e-02,1.541101921489291225e-02,-1.885656242319687370e-02,3.818973008784812533e-03,-2.329671961193247672e-04,8.321783763956513980e-02,1.202412282823602518e-01,-1.992275610307903122e-03,-3.971621254095669684e-03,4.281179969149562226e-03,-1.657239832857371198e-04,-2.175125882963868662e-06,-1.992347973116093129e-03,6.486012568400414610e-03,-1.108858353576053446e+00,-1.833374515170715924e-01,-1.845785858509013000e+00,4.612728357883306707e-01,1.576510582714269582e+00,4.555797334311435520e-01
1.236000000000000121e+01,8.899897839628373442e-02,3.255945751684727330e-02,-3.972600076676473940e-02,7.505000935384881916e-03,-2.498807230590889073e-04,8.900008211259805013e-02,1.361487923624724317e-01,-1.990160090281634098e-03,-3.967998756252200110e-03,4.276128273818624592e-03,-1.656446612039452759e-04,-2.174782666841679202e-06,-1.990232376250844482e-03,6.479158288208581619e-03,-1.107748796211717845e+00,-1.831319712608729944e-01,-1.846037279341322224e+00,4.613237554284479458e-01,1.576507476484987791e+00,4.566893045996711642e-01
1.237333333333333485e+01,9.332053301877785145e-02,4.382768740382230604e-02,-5.342000994348277548e-02,9.908808441031178443e-03,-2.627538277797274776e-04,9.332168650602852555e-02,1.492999538682523997e-01,-1.988046816644217785e-03,-3.964829437877348539e-03,4.270699799150179388e-03,-1.656384708415004070e-04,-2.175924063152478993e-06,-1.988119025855716870e-03,6.472336323903998649e-03,-1.106562143166434087e+00,-1.826978451606482423e-01,-1.846566959351545689e+00,4.614238221075863677e-01,1.576504144742013835e+00,4.578759723611725008e-01
1.238666666666666671e+01,9.615866132780648279e-02,4.921663033192000963e-02,-5.994459685606122468e-02,1.103773143717990367e-02,-2.714819962405074188e-04,9.615984587646600468e-02,1.569418386490984418e-01,-1.985935787010006948e-03,-3.961971385875617813e-03,4.265014887811169331e-03,-1.656824163527303995e-04,-2.178080901860113272e-06,-1.986007919545063061e-03,6.465538884694433872e-03,-1.105317869392850483e+00,-1.821134759952638404e-01,-1.847279226150792208e+00,4.615559395534667431e-01,1.576500641357643673e+00,4.591202615145864030e-01
1.240000000000000036e+01,1.032819729906914591e-01,5.822774108233803869e-02,-7.086296290151521127e-02,1.294652853295474859e-02,-2.924561519005731405e-04,1.032832405851161484e-01,1.729575705339364833e-01,-1.983826998996462976e-03,-3.959267078915917892e-03,4.259207227002015372e-03,-1.657509485517572045e-04,-2.180732924905726122e-06,-1.983899054936344442e-03,6.458757245740090469e-03,-1.104035753908479744e+00,-1.814572542575048075e-01,-1.848078487442206264e+00,4.617031093059624780e-01,1.576497021597694115e+00,4.604023927929392634e-01
1.241333333333333400e+01,1.114728172639614934e-01,7.113959943589315271e-02,-8.649423595718540303e-02,1.565486696162212907e-02,-3.166656848174069288e-04,1.114741799331690625e-01,1.940101862763801699e-01,-1.981720450222379526e-03,-3.956823148450805405e-03,4.253185819174554183e-03,-1.658614677224612421e-04,-2.184232553048559566e-06,-1.981792429648798759e-03,6.451997443810207448e-03,-1.102658660935270429e+00,-1.806808843764069472e-01,-1.849023326947559775e+00,4.618757296864020034e-01,1.576493122182335505e+00,4.617795026674076375e-01
1.242666666666666764e+01,1.133087759719092202e-01,7.861050928731669329e-02,-9.547863173777354495e-02,1.714427072756122272e-02,-3.229032995021813919e-04,1.133101555291827073e-01,2.031449768823962443e-01,-1.979616138310547058e-03,-3.954762525469224244e-03,4.246845529744192049e-03,-1.660340829356954373e-04,-2.188986202078524457e-06,-1.979688041304772383e-03,6.445266518202760059e-03,-1.101172356705084177e+00,-1.797323563839281491e-01,-1.850176583426988985e+00,4.620844612458903100e-01,1.576488899973204738e+00,4.632658250665167010e-01
1.244000000000000128e+01,1.087489716477343521e-01,8.066800142660168760e-02,-9.786996343847452484e-02,1.744228948038522090e-02,-3.108368827613247490e-04,1.087502906229830812e-01,2.001078479833282298e-01,-1.977514060885532388e-03,-3.952930913674546076e-03,4.240317202897081472e-03,-1.662437897076429749e-04,-2.194484894690873489e-06,-1.977585887529276221e-03,6.438555925547596349e-03,-1.099661573025458416e+00,-1.786842162600974504e-01,-1.851449631850159205e+00,4.623130515222575454e-01,1.576484594595878086e+00,4.647766271402389293e-01
1.245333333333333492e+01,9.774947403994439787e-02,7.733612602049447227e-02,-9.372277707483647746e-02,1.657962835094607332e-02,-2.801325950114514534e-04,9.775065562135122621e-02,1.847970460545658999e-01,-1.975414215574566867e-03,-3.951165006497170396e-03,4.233739709165629250e-03,-1.664640404852590905e-04,-2.200189769041571708e-06,-1.975485965949097533e-03,6.431856503055651507e-03,-1.098211586736821843e+00,-1.776086429077428086e-01,-1.852754564696005524e+00,4.625456153819960115e-01,1.576480450104107867e+00,4.662266310152118898e-01
1.246666666666666679e+01,8.695947134179242421e-02,7.325752437758065172e-02,-8.868507272268050246e-02,1.557779518104248674e-02,-2.497809946734313048e-04,8.696051943227495196e-02,1.691109656142435191e-01,-1.973316600008878652e-03,-3.949299425419550147e-03,4.227254139812064437e-03,-1.666678526603959654e-04,-2.205554727296998863e-06,-1.973388274193688119e-03,6.425158849114568846e-03,-1.096908260416289416e+00,-1.765774945608029611e-01,-1.854004201723669976e+00,4.627666770933420715e-01,1.576476715002841367e+00,4.675299730901634199e-01
1.248000000000000043e+01,8.044258740077273040e-02,7.281373351943812300e-02,-8.805761449856711054e-02,1.535905631236980130e-02,-2.315609161050143701e-04,8.044355430593068401e-02,1.619694810406719643e-01,-1.971221211818363628e-03,-3.947312442897032980e-03,4.220879272937239080e-03,-1.668516278550136178e-04,-2.210508042832515230e-06,-1.971292809895608400e-03,6.418461662960479354e-03,-1.095748800798398648e+00,-1.756007275691020553e-01,-1.855186669359972340e+00,4.629743810290891659e-01,1.576473384589578863e+00,4.686894466825939354e-01
1.249333333333333407e+01,7.355268019454987150e-02,7.356851574993339415e-02,-8.887755874065506045e-02,1.538160944288116672e-02,-2.121533649770066790e-04,7.355356214683736460e-02,1.561035206000837838e-01,-1.969128048640023110e-03,-3.945314511559327997e-03,4.214520867034998730e-03,-1.670333858196926258e-04,-2.215414947492888587e-06,-1.969199570690083334e-03,6.411771207317265922e-03,-1.094676232966388163e+00,-1.746298777888428688e-01,-1.856360770886619882e+00,4.631791684465875747e-01,1.576470297110697416e+00,4.697620274066731660e-01
1.250666666666666771e+01,6.629233920256819013e-02,7.552327228461443165e-02,-9.114116820558532117e-02,1.564027925675264691e-02,-1.915681557026135691e-04,6.629313245518766995e-02,1.518044330041508072e-01,-1.967037108109526145e-03,-3.943341821547985404e-03,4.208147956247465515e-03,-1.672190480350721487e-04,-2.220395423080390174e-06,-1.967108554213670146e-03,6.405089549113359045e-03,-1.093695530563794094e+00,-1.736489642455105731e-01,-1.857545805003161909e+00,4.633842565724926033e-01,1.576467468399163963e+00,4.707427415686309402e-01
1.252000000000000135e+01,5.866301519887200111e-02,7.867876083429276024e-02,-9.484371706288335924e-02,1.612948609456928833e-02,-1.698139280779065131e-04,5.866371599999831155e-02,1.494277355724857870e-01,-1.964948387868759028e-03,-3.941430839345283488e-03,4.201729240655538433e-03,-1.674146017811573017e-04,-2.225570615355110249e-06,-1.965019758106478776e-03,6.398418796227144448e-03,-1.092811632707760161e+00,-1.726419872817155365e-01,-1.858761020579236423e+00,4.635927936292492113e-01,1.576464914157087449e+00,4.716266500013666096e-01
1.253333333333333499e+01,4.776195193916889931e-02,8.218288757483030449e-02,-9.895000424162789243e-02,1.665352070813653010e-02,-1.384688112886059733e-04,4.776252211424491384e-02,1.462359458098337062e-01,-1.962861885557831698e-03,-3.939618646235043542e-03,4.195232791460501431e-03,-1.676261565437542345e-04,-2.231064007318650511e-06,-1.962933180010395517e-03,6.391761119540835707e-03,-1.092029459171775407e+00,-1.715929371372584278e-01,-1.860025603473408173e+00,4.638078534438436762e-01,1.576462649971379193e+00,4.724088328813667026e-01
1.254666666666666686e+01,3.707851555733985421e-02,8.492028345413632495e-02,-1.021217539996964602e-01,1.701449038281658069e-02,-1.076323980665888489e-04,3.707895836236738130e-02,1.438036060702217456e-01,-1.960777598823071344e-03,-3.937916874426239389e-03,4.188648408826267655e-03,-1.678556659081564817e-04,-2.236915156217378353e-06,-1.960848817570415292e-03,6.385117243123598560e-03,-1.091392633145919611e+00,-1.704971653029274670e-01,-1.861344936863296606e+00,4.640299003866186212e-01,1.576460803720562076e+00,4.730456665095568169e-01
1.256000000000000050e+01,3.127046488905475125e-02,8.717576353030273562e-02,-1.047106195552319347e-01,1.730432995657077422e-02,-9.087190406010972436e-05,3.127083846266771189e-02,1.442881942510074733e-01,-1.958695525311249241e-03,-3.936302648339218280e-03,4.181995489017431566e-03,-1.680994200889962542e-04,-2.243049630479276857e-06,-1.958766668434197555e-03,6.378485892281451561e-03,-1.090898252938488522e+00,-1.693648948568724499e-01,-1.862706560249959287e+00,4.642567602583893560e-01,1.576459368621921264e+00,4.735400526210549188e-01
1.257333333333333414e+01,3.035351958630703312e-02,8.894121540283522753e-02,-1.067091635088694979e-01,1.752385750051879687e-02,-8.829246825501749815e-05,3.035388190719995674e-02,1.464485337907730222e-01,-1.956615662671801203e-03,-3.934761502816019885e-03,4.175286259145316592e-03,-1.683550801097055682e-04,-2.249420760769282879e-06,-1.956686730251178119e-03,6.371866267781899421e-03,-1.090481313406634456e+00,-1.682025513431351094e-01,-1.864102701844029042e+00,4.644874846578104233e-01,1.576458156996533688e+00,4.739569971338903898e-01
1.258666666666666778e+01,3.434535037619056153e-02,9.021143599120372281e-02,-1.081136559740807357e-01,1.767468558898595277e-02,-9.999269925095505870e-05,3.434575935654514411e-02,1.499943484906259283e-01,-1.954538008558159845e-03,-3.933278439813836513e-03,4.168533444759425777e-03,-1.686202112525236885e-04,-2.255979728360557601e-06,-1.954609000673901420e-03,6.365257528386699878e-03,-1.090076599812150437e+00,-1.670166684710974181e-01,-1.865525490690813859e+00,4.647211360911507327e-01,1.576456979763623423e+00,4.743617155593198298e-01
1.260000000000000142e+01,3.861399925966156610e-02,9.210932769089071048e-02,-1.102641535359100006e-01,1.794233199391935540e-02,-1.125355313198157461e-04,3.861445797802140478e-02,1.547461438874842277e-01,-1.952462560624645960e-03,-3.931838069175075390e-03,4.161750153733656532e-03,-1.688923052793889212e-04,-2.262675969699756706e-06,-1.952533477356244163e-03,6.358658797705648603e-03,-1.089618661807134625e+00,-1.658138493245480127e-01,-1.866967006103801507e+00,4.649567985656704039e-01,1.576455646527633370e+00,4.748196590174069698e-01
1.261333333333333329e+01,3.961865060933223576e-02,9.434080814077534793e-02,-1.128008277674321241e-01,1.824238807034194929e-02,-1.155963810177764481e-04,3.961912048290019972e-02,1.584181968545521346e-01,-1.950389316528688965e-03,-3.930460492841181264e-03,4.154918940753482559e-03,-1.691747024779033381e-04,-2.269576471647383187e-06,-1.950460157956523943e-03,6.352071286970751782e-03,-1.089103808483672609e+00,-1.645857249553359658e-01,-1.868437194817613722e+00,4.651960296589225941e-01,1.576454146053881900e+00,4.753345184571138304e-01
1.262666666666666693e+01,4.023222705301029989e-02,9.563096976367529978e-02,-1.142036114547770043e-01,1.835217368161805307e-02,-1.175167714632343772e-04,4.023270343884048639e-02,1.605050337401577043e-01,-1.948318273929938726e-03,-3.929156719346238447e-03,4.148030138255265342e-03,-1.694692552871579494e-04,-2.276718165106217384e-06,-1.948389040133946537e-03,6.345495686960499378e-03,-1.088575559808881543e+00,-1.633278475134591901e-01,-1.869941205854512845e+00,4.654392614998603683e-01,1.576452604768801891e+00,4.758627733968858742e-01
1.264000000000000057e+01,4.045140623438767818e-02,9.597858924672057757e-02,-1.144764464234730994e-01,1.827690425739991742e-02,-1.182822717035053063e-04,4.045188447727561531e-02,1.610076918149231928e-01,-1.946249430490709642e-03,-3.927896945141728935e-03,4.141109295976885818e-03,-1.697710735300006490e-04,-2.284002381891525602e-06,-1.946320121550826343e-03,6.338930265288721111e-03,-1.088039130114841324e+00,-1.620527679166103852e-01,-1.871463920673909875e+00,4.656839571489488350e-01,1.576451037878515926e+00,4.763992094427371704e-01
1.265333333333333421e+01,4.027276875517737942e-02,9.538237252670532518e-02,-1.136233602501017237e-01,1.802191934324667150e-02,-1.178780486344704594e-04,4.027324418776478260e-02,1.599271664102498436e-01,-1.944182783875980647e-03,-3.926650989034996542e-03,4.134182391824836600e-03,-1.700751832873770297e-04,-2.291328866199648928e-06,-1.944253399872142296e-03,6.332373238901541426e-03,-1.087499778031716158e+00,-1.607730533933207084e-01,-1.872990273292889585e+00,4.659276492057142782e-01,1.576449460781559786e+00,4.769385679024340519e-01
1.266666666666666785e+01,3.724022428121705197e-02,1.042830902380548624e-01,-1.240622147220560995e-01,1.949877563991458257e-02,-1.091889936772636534e-04,3.724066356497673924e-02,1.715235013993914870e-01,-1.942118331753395211e-03,-3.925388504843141391e-03,4.127275652964002006e-03,-1.703765611047458606e-04,-2.298596469607616655e-06,-1.942188872764649687e-03,6.325822785823763741e-03,-1.086962807781647111e+00,-1.595012884262980712e-01,-1.874505251429557706e+00,4.661679414636243912e-01,1.576447889074244380e+00,4.774755444916043423e-01
1.268000000000000149e+01,3.447640186618328162e-02,1.138297750120955826e-01,-1.352261133487711597e-01,2.105182001137888281e-02,-1.012694426741350418e-04,3.447680828566168643e-02,1.845637596799960811e-01,-1.940056071791929071e-03,-3.924412367663610013e-03,4.120115352371556128e-03,-1.707257297915987238e-04,-2.306821828224059345e-06,-1.940126537898212433e-03,6.319289840584331810e-03,-1.086466271457897648e+00,-1.581108472231238515e-01,-1.876159414292518424e+00,4.664279251388232517e-01,1.576446433220995758e+00,4.779720866724708195e-01
1.269333333333333336e+01,3.599237037993834737e-02,1.091320616878488359e-01,-1.294564994892974386e-01,2.001231320241232334e-02,-1.057682588680033215e-04,3.599279394327260101e-02,1.779332120665180761e-01,-1.937996001664110679e-03,-3.923751835583466629e-03,4.112676575675600077e-03,-1.711274597329115466e-04,-2.316100666810427811e-06,-1.938066392945358984e-03,6.312777273204136716e-03,-1.086006586099681925e+00,-1.565931168896290693e-01,-1.877962429137168598e+00,4.667086160723084021e-01,1.576445082961759780e+00,4.784317774496127385e-01
1.270666666666666700e+01,4.178295836113744138e-02,8.767921955128661626e-02,-1.038836046918418798e-01,1.605637852927481110e-02,-1.310141366962775235e-04,4.178344873973431628e-02,1.490937474177489452e-01,-1.935938119045133021e-03,-3.922937079656740877e-03,4.105376474106137152e-03,-1.715037683123199486e-04,-2.324864343705712599e-06,-1.936008435580394149e-03,6.306263183220304699e-03,-1.085526687827949477e+00,-1.551380227337912920e-01,-1.879688515797026005e+00,4.669754469150073639e-01,1.576443672718307987e+00,4.789116813688565344e-01
1.272000000000000064e+01,5.183003035249365842e-02,5.337290070782433477e-02,-6.325539660113016494e-02,1.017904575520726246e-02,-1.582622822905871700e-04,5.183063666127098179e-02,1.110239464783307206e-01,-1.933882421611521352e-03,-3.954518184180688678e-03,4.137623202938645051e-03,-1.772782338913536648e-04,-2.442167458927002599e-06,-1.933952663479843181e-03,6.345837021237178688e-03,-1.084969581716467957e+00,-1.539689664731076491e-01,-1.881073630526250540e+00,4.671895319620644749e-01,1.576441925863152349e+00,4.794687940187198905e-01
1.273333333333333428e+01,6.567999070174863896e-02,1.699118139589692739e-02,-2.010446735987375666e-02,3.131657010975933634e-03,-1.871220726445636112e-04,6.568075630659084285e-02,9.659479836380698015e-02,-1.931828907042021370e-03,-3.998572674261069437e-03,4.185904818534424976e-03,-1.814422652142155812e-04,-2.527061097712390847e-06,-1.931899074324672227e-03,6.403710426173296263e-03,-1.084278514645101055e+00,-1.532573277970032954e-01,-1.881917035814265615e+00,4.673252525721340866e-01,1.576439815699388625e+00,4.801598691742032798e-01
1.274666666666666792e+01,7.659842281327387814e-02,-1.757294391594873412e-02,2.068184552124821898e-02,-2.671054180321023701e-03,-2.166548800141884627e-04,7.659931264720487576e-02,1.117072139000629405e-01,-1.929777573020707848e-03,-3.950341152968217528e-03,4.129096675699273078e-03,-1.775524259937100169e-04,-2.450088127936567162e-06,-1.929847665794959255e-03,6.335181050571568259e-03,-1.083402781435744089e+00,-1.530307787117246576e-01,-1.882185095379063977e+00,4.673670079989471482e-01,1.576437320738420134e+00,4.810356125916244174e-01
1.276000000000000156e+01,8.167010931708230947e-02,-3.914046952074996116e-02,4.617259871332871773e-02,-6.470632912624288240e-03,-2.405337297911926695e-04,8.167105495337714793e-02,1.305602548483789926e-01,-1.927728417230767377e-03,-3.911966540060429764e-03,4.084914754253432534e-03,-1.716578109078881198e-04,-2.332881437361322696e-06,-1.927798435576999481e-03,6.281084800037602285e-03,-1.082381469131567187e+00,-1.532650846306040648e-01,-1.881909337438780749e+00,4.673313939432093278e-01,1.576434432006686315e+00,4.820569367602538513e-01
1.277333333333333343e+01,8.095615106167035335e-02,-4.337169797207555272e-02,5.120263252376591745e-02,-7.260594689317420407e-03,-2.388961025828362391e-04,8.095708554422771652e-02,1.329042330532422267e-01,-1.925681437359827441e-03,-3.907145666754541224e-03,4.081158090631475943e-03,-1.713642202916254575e-04,-2.328169723675443947e-06,-1.925751381356644032e-03,6.274374639701170604e-03,-1.081292534340672518e+00,-1.537869575575472325e-01,-1.881293702789269773e+00,4.672451188377078068e-01,1.576431224890288973e+00,4.831458841596321108e-01
1.278666666666666707e+01,7.452999705506213601e-02,-3.277465516014323177e-02,3.869836752714787137e-02,-5.424318207260065035e-03,-2.203581625146592074e-04,7.453085508825305072e-02,1.170930496531696896e-01,-1.923636631098180061e-03,-3.902243156673090851e-03,4.077480707647573865e-03,-1.710565170958133763e-04,-2.323174959073526225e-06,-1.923706500822852661e-03,6.267666303659905243e-03,-1.080213118993183841e+00,-1.543652468638416764e-01,-1.880611001022286288e+00,4.671483109085170504e-01,1.576428039608921416e+00,4.842253119668886718e-01
1.280000000000000071e+01,6.938743278218285904e-02,-1.392718332333025763e-02,1.640612111621167837e-02,-2.073019326716481290e-03,-2.055794911962795376e-04,6.938822965288556077e-02,1.004828799344501672e-01,-1.921593996136117255e-03,-3.897570702586783398e-03,4.073611225907214362e-03,-1.707866975042549029e-04,-2.318940015122450404e-06,-1.921663791669026011e-03,6.260978716560651469e-03,-1.079219385699116351e+00,-1.548022422659767194e-01,-1.880095022788591086e+00,4.670759866657534509e-01,1.576425101500087855e+00,4.852190567013985323e-01
1.281333333333333435e+01,6.808150763194716071e-02,-4.949083938110870190e-03,5.779049663631868720e-03,-4.636986898259811318e-04,-2.021007198592080563e-04,6.808228749241632127e-02,9.658383021839633820e-02,-1.919553530168816025e-03,-3.893322714601410439e-03,4.069378940649848175e-03,-1.705871248915968863e-04,-2.316112490241550859e-06,-1.919623251588564727e-03,6.254322604200605873e-03,-1.078294219928687347e+00,-1.549879380436212095e-01,-1.879876274507041645e+00,4.670483464080641411e-01,1.576422360440204784e+00,4.861442330967702397e-01
1.282666666666666799e+01,6.491553847401997090e-02,-8.296872038233217214e-03,9.748339284261666252e-03,-1.091137398857577011e-03,-1.929771589143381425e-04,6.491628032109551805e-02,9.269976597341529623e-02,-1.917515230893229727e-03,-3.889289377938975889e-03,4.064968337941898824e-03,-1.704227902159516361e-04,-2.313989694080476056e-06,-1.917584878277978078e-03,6.247686384726770098e-03,-1.077386466493594597e+00,-1.550539258294625355e-01,-1.879799220511526592e+00,4.670421637588666464e-01,1.576419665763939548e+00,4.870519969300026730e-01
1.284000000000000163e+01,5.985355992810911796e-02,-2.397206760427288488e-02,2.832229921257130301e-02,-3.964065527853543117e-03,-1.780698144274643169e-04,5.985424255769331014e-02,9.250695741673220507e-02,-1.915479096007643989e-03,-3.885181558339834140e-03,4.060630934459297237e-03,-1.702455023027127368e-04,-2.311606177585190380e-06,-1.915548669436883955e-03,6.241052401154217888e-03,-1.076520925980607668e+00,-1.551645507899723775e-01,-1.879669242654403050e+00,4.670276152602150788e-01,1.576417092735153958e+00,4.879175473342840519e-01
1.285333333333333350e+01,5.286768540932586247e-02,-5.289037661231170417e-02,6.260230292196700130e-02,-9.261708304769303984e-03,-1.603339094702731780e-04,5.286828747812989671e-02,1.113206773174717917e-01,-1.913445123215673505e-03,-3.880721590500790796e-03,4.056608210655454627e-03,-1.700089918865721472e-04,-2.308036363807275393e-06,-1.913514622767120699e-03,6.234403666205118322e-03,-1.075722878514899783e+00,-1.554841783580291903e-01,-1.879291611998235467e+00,4.669747610531769233e-01,1.576414718470961596e+00,4.887156039017197529e-01
1.286666666666666714e+01,4.658295381343909025e-02,-8.794832101865251994e-02,1.042309723975815977e-01,-1.579344704471337749e-02,-1.354641026502624926e-04,4.658348372701278522e-02,1.522775316294315007e-01,-1.911413310219600703e-03,-3.887907558658643126e-03,4.067550346666948258e-03,-1.717121630759876894e-04,-2.343261225057347019e-06,-1.911482735972747093e-03,6.244801730845690735e-03,-1.075017976042775381e+00,-1.561893833795267028e-01,-1.878456914625942664e+00,4.668512716091131054e-01,1.576412580685501830e+00,4.894205144014280862e-01
1.288000000000000078e+01,4.152940836874188801e-02,-1.174861758206620643e-01,1.394245381971461473e-01,-2.139731463324621996e-02,-1.233769507634345541e-04,4.152988038851673086e-02,1.927420202767920754e-01,-1.909383654726148905e-03,-3.870103721016260323e-03,4.050332195914663203e-03,-1.692529135328690870e-04,-2.295250896011680197e-06,-1.909453006759154192e-03,6.221197814855255678e-03,-1.074396869991929293e+00,-1.573620276597753609e-01,-1.877067168327308133e+00,4.666406923151837915e-01,1.576410774497466249e+00,4.900416275177881253e-01
1.289333333333333442e+01,3.536633754508240746e-02,-1.327336110219239085e-01,1.577791010439049957e-01,-2.450886612503103482e-02,-1.049504594778097663e-04,3.536673947135703100e-02,2.135760657158553566e-01,-1.907356154445594143e-03,-3.863965549032233326e-03,4.047792545610828796e-03,-1.687357732578220748e-04,-2.286070038159948581e-06,-1.907425432837062118e-03,6.214467839279469268e-03,-1.073843144547012685e+00,-1.589285100040509491e-01,-1.875208174484679580e+00,4.663553947867402627e-01,1.576409129471455728e+00,4.905953592563014887e-01
1.290666666666666806e+01,2.813146434250268085e-02,-1.346058575462094342e-01,1.602930323690276992e-01,-2.518928899929955348e-02,-8.330106336579665334e-05,2.813178442438259153e-02,2.145457454999269431e-01,-1.905330807089100631e-03,-3.857632088329676634e-03,4.045428311492127449e-03,-1.681861287505803659e-04,-2.276240681275965017e-06,-1.905400011916302816e-03,6.207732436031857849e-03,-1.073371593379745192e+00,-1.606982914843433363e-01,-1.873104453137427461e+00,4.660286099050732211e-01,1.576407730131996310e+00,4.910669157825862108e-01
1.292000000000000171e+01,1.985242331166800489e-02,-1.231215340516417789e-01,1.468811511443771367e-01,-2.333318666237463659e-02,-5.851101008785465374e-05,1.985265009868537531e-02,1.951042597161142533e-01,-1.903307610370053027e-03,-3.851288754707304918e-03,4.043078160676394361e-03,-1.676348935784055527e-04,-2.266380363824538335e-06,-1.903376741711149123e-03,6.201002786652967322e-03,-1.072996507188511917e+00,-1.624930362516261440e-01,-1.870967212705840321e+00,4.656927527184158144e-01,1.576406619451151236e+00,4.914420062415780777e-01
1.293333333333333357e+01,5.018370821333533599e-03,-1.136845512993606006e-01,1.358570848882078574e-01,-2.185113249770998661e-02,-1.396968393865309059e-05,5.018430960204815772e-03,1.786313679062162263e-01,-1.901286562004500524e-03,-3.845112056761745833e-03,4.040589416577589077e-03,-1.671113088796971624e-04,-2.257072648337299370e-06,-1.901355619938094321e-03,6.194289679267096088e-03,-1.072731808211023097e+00,-1.641346567056478634e-01,-1.869008797357248675e+00,4.653816435629174464e-01,1.576405839304349854e+00,4.917067082428938640e-01
1.294666666666666721e+01,-9.034644831946719509e-03,-1.131234355636285133e-01,1.354045743447938877e-01,-2.204124943933450514e-02,2.827145164278216800e-05,-9.034742473008981062e-03,1.782705227515984370e-01,-1.899267659712045031e-03,-3.839081397286836506e-03,4.037980478527103401e-03,-1.666118411982608905e-04,-2.248246347313909155e-06,-1.899336644315852141e-03,6.187591955831283144e-03,-1.072664896600072026e+00,-1.656504507229725753e-01,-1.867197369558739162e+00,4.650902951296145282e-01,1.576405653041897281e+00,4.917736206556964085e-01
1.296000000000000085e+01,-1.315696844809548759e-02,-1.094847992472194748e-01,1.312469024571934761e-01,-2.155480641881104067e-02,4.063629191703451262e-05,-1.315711244398332092e-02,1.732728987132161058e-01,-1.897250901213176633e-03,-3.833071284220057606e-03,4.035360043793456697e-03,-1.661156700256682939e-04,-2.239484957478055094e-06,-1.897319812564912667e-03,6.180901959858581436e-03,-1.072785358531164412e+00,-1.671587631971540588e-01,-1.865391975234141908e+00,4.647964118037566372e-01,1.576406029994585900e+00,4.916531574227231971e-01
1.297333333333333449e+01,-7.402466818756302247e-03,-1.027833886353623216e-01,1.233809601915037274e-01,-2.037451986656482750e-02,2.330843954521773245e-05,-7.402546216149444996e-03,1.622097473202728790e-01,-1.895236284231494039e-03,-3.827126511282585852e-03,4.032689572588843419e-03,-1.656301733174991853e-04,-2.230935129521327553e-06,-1.895305122409318699e-03,6.174222455800580482e-03,-1.072960784777138965e+00,-1.686185605204504334e-01,-1.863642016534712731e+00,4.645090143848391584e-01,1.576406571811811652e+00,4.914777292568035527e-01
1.298666666666666814e+01,8.181407952777547746e-03,-9.303291906955399315e-02,1.118046484677162472e-01,-1.848546422370983544e-02,-2.355444319227346049e-05,8.181503670780460383e-03,1.470747729230761081e-01,-1.893223806494148675e-03,-3.821293838925488018e-03,4.029929024212286492e-03,-1.651630122712077764e-04,-2.222749686531244606e-06,-1.893292571574445304e-03,6.167556359522977615e-03,-1.073059484334722313e+00,-1.699890057022552803e-01,-1.861996937065492741e+00,4.642373541199518172e-01,1.576406882591005143e+00,4.913790286405883556e-01
1.300000000000000000e+01,2.740338197122936179e-02,-7.740521257661339694e-02,9.310788888581064682e-02,-1.534884576106448212e-02,-8.141033180958254451e-05,2.740369346950597557e-02,1.280552511999175636e-01,-1.891213465728291965e-03,-3.815624291726216200e-03,4.027034870372148134e-03,-1.647225118288631052e-04,-2.215095162405589235e-06,-1.891282157789664353e-03,6.160906878754112727e-03,-1.072950398895351931e+00,-1.712294446231825695e-01,-1.860506208419256513e+00,4.639908812636357460e-01,1.576406568531762531e+00,4.914881153561987404e-01
1.301333333333333364e+01,4.002491334537897072e-02,-6.385573644812006511e-02,7.686372396815939478e-02,-1.262056627893115915e-02,-1.195104726027024960e-04,4.002536596755492532e-02,1.155374559382407740e-01,-1.889205259665516223e-03,-3.810223910991172858e-03,4.023916508508307288e-03,-1.643260035057991786e-04,-2.208318226060157485e-06,-1.889273878785235894e-03,6.154280667441174198e-03,-1.072585020469068784e+00,-1.722615141242038739e-01,-1.859264769900778935e+00,4.637862299868213967e-01,1.576405483060671742e+00,4.918534979357920278e-01
1.302666666666666728e+01,4.709901918575534752e-02,-5.919024008512030477e-02,7.129349474982113466e-02,-1.168987431941522631e-02,-1.409675778459041631e-04,4.709955021607009629e-02,1.147153223734952709e-01,-1.887199186038301946e-03,-3.805072519505348083e-03,4.020591849561494513e-03,-1.639700471280924887e-04,-2.202350578350831256e-06,-1.887267732294084510e-03,6.147676551942240532e-03,-1.072051354957797020e+00,-1.731129239435120759e-01,-1.858239920247870103e+00,4.636179557697688303e-01,1.576403889587703944e+00,4.923871694820260991e-01
1.304000000000000092e+01,4.862968616666717842e-02,-6.338720307023985867e-02,7.640884797665228878e-02,-1.258865679890378182e-02,-1.457332174012064888e-04,4.863023328574463122e-02,1.214268958940016435e-01,-1.885195242582682340e-03,-3.800015110126953033e-03,4.017194204321228312e-03,-1.636291217721463909e-04,-2.196682804544991541e-06,-1.885263716051799321e-03,6.141084904888574440e-03,-1.071423368035320234e+00,-1.739021271446468120e-01,-1.857289340317872517e+00,4.634620907788433719e-01,1.576402010019998912e+00,4.930151634849071485e-01
1.305333333333333456e+01,4.461697750346864388e-02,-7.642420317199681568e-02,9.221692131815856230e-02,-1.534810261688407743e-02,-1.337340811077544008e-04,4.461747885216303666e-02,1.362409470287299362e-01,-1.883193427036466971e-03,-3.794888344792468615e-03,4.013863623693492144e-03,-1.632764233536754261e-04,-2.190780125310709536e-06,-1.883261827796633980e-03,6.134495523240812015e-03,-1.070774972219764365e+00,-1.747472898522501872e-01,-1.856270555678183776e+00,4.632942420215244717e-01,1.576400066910434106e+00,4.936635665953836849e-01
1.306666666666666821e+01,4.103824455781954900e-02,-9.104049348316764489e-02,1.099771966304812776e-01,-1.847656095228411913e-02,-1.230047333939441429e-04,4.103870520444999337e-02,1.552194140833912939e-01,-1.881193737140574029e-03,-3.789539693463517267e-03,4.010730541669449423e-03,-1.628869939036547976e-04,-2.184145016848049181e-06,-1.881262065269062589e-03,6.127898852328214629e-03,-1.070180079186384692e+00,-1.757662792278766872e-01,-1.855040996727274960e+00,4.630896006532991827e-01,1.576398283789352206e+00,4.942584663134126366e-01
1.308000000000000007e+01,4.113501944583455167e-02,-9.975796618817250883e-02,1.206536060345185513e-01,-2.041561707623733637e-02,-1.233921816099262081e-04,4.113548040792975452e-02,1.682556824792784678e-01,-1.879196170637698060e-03,-3.783959331885355937e-03,4.007802905465318588e-03,-1.624593192461887270e-04,-2.176747692317348992e-06,-1.879264426210891514e-03,6.121294238510358379e-03,-1.069632902592280388e+00,-1.769801524743188637e-01,-1.853574634105535246e+00,4.628432465072687130e-01,1.576396643726240221e+00,4.948056490494718851e-01
1.309333333333333371e+01,4.055985187430419248e-02,-1.060795765373555577e-01,1.284672460891456425e-01,-2.189791039384811344e-02,-1.217552051786004440e-04,4.056030569633419652e-02,1.775569856757721332e-01,-1.877200725273198145e-03,-3.778254284417137399e-03,4.004988688031119182e-03,-1.620110151154818823e-04,-2.168939615909692975e-06,-1.877268908368368017e-03,6.114688317452024804e-03,-1.069084435666336041e+00,-1.783102586901610387e-01,-1.851965919358408375e+00,4.625710382795853448e-01,1.576394998497152145e+00,4.953541221215775892e-01
1.310666666666666735e+01,3.932118281243959790e-02,-1.100042021627820332e-01,1.334039919509121819e-01,-2.290975870107632428e-02,-1.181102961781819207e-04,3.932162218119358843e-02,1.830703852195179615e-01,-1.875207398794209723e-03,-3.772466518880523978e-03,4.002251701641590387e-03,-1.615490096664728981e-04,-2.160859099653578141e-06,-1.875275509488627534e-03,6.108083668073333895e-03,-1.068543637641345079e+00,-1.797246530439924328e-01,-1.850253022743886477e+00,4.622790661410007829e-01,1.576393375094416349e+00,4.958949261975287293e-01
1.312000000000000099e+01,3.742753264679060665e-02,-1.115312449194332811e-01,1.354482594022157482e-01,-2.343570392046092146e-02,-1.124751027257742131e-04,3.742795038871319507e-02,1.847602936444714683e-01,-1.873216188951420946e-03,-3.766633928961482525e-03,3.999559366943294947e-03,-1.610795386675079044e-04,-2.152630503182706434e-06,-1.873284227321914130e-03,6.101482624984343010e-03,-1.068019355203845944e+00,-1.811913757394960633e-01,-1.848474302851207618e+00,4.619736026916529958e-01,1.576391800290467771e+00,4.964192144932777495e-01
1.313333333333333464e+01,4.084980624118383224e-02,-1.164049435215976785e-01,1.415650805222469499e-01,-2.465091555084858790e-02,-1.229628978163179874e-04,4.085026111291412132e-02,1.937418802423509223e-01,-1.871227093496852234e-03,-3.760791712030808753e-03,3.996881542872365856e-03,-1.606083691596538188e-04,-2.144368703937971077e-06,-1.871295059620692314e-03,6.094887369852879447e-03,-1.067520321435222019e+00,-1.826784590050882784e-01,-1.846668326059178078e+00,4.616611266393801927e-01,1.576390300622431795e+00,4.969182538317937770e-01
1.314666666666666828e+01,4.468316903526987210e-02,-1.228808573981409608e-01,1.496593896920788702e-01,-2.623635374195691650e-02,-1.347277828850627804e-04,4.468366537461052057e-02,2.053757970002819677e-01,-1.869240110185188541e-03,-3.754894253453322506e-03,3.994256970915266436e-03,-1.601280922534087381e-04,-2.135926163493451213e-06,-1.869308004138758861e-03,6.088295013901153310e-03,-1.066975657352005946e+00,-1.842305249187097260e-01,-1.844780791652214758e+00,4.613324477653688582e-01,1.576388661117127832e+00,4.974629239799659430e-01
1.316000000000000014e+01,4.055461718693688378e-02,-1.243208936624456001e-01,1.516543465695491255e-01,-2.681314335298896900e-02,-1.223045756193613936e-04,4.055506723199647778e-02,2.060657067605231874e-01,-1.867255236774223448e-03,-3.748923109749391358e-03,3.991701109069545339e-03,-1.596357547137827737e-04,-2.127244392191585121e-06,-1.867323058633463262e-03,6.081704354116272172e-03,-1.066379881764869086e+00,-1.858689363506851322e-01,-1.842785333122987090e+00,4.609826297154762109e-01,1.576386864746689653e+00,4.980587061849606201e-01
1.317333333333333378e+01,2.852398408022084955e-02,-1.206983205745619375e-01,1.474796551896945807e-01,-2.633695822484974011e-02,-8.578256535349189924e-05,2.852430128813228383e-02,1.965686379953876795e-01,-1.865272471023082801e-03,-3.742946351267040228e-03,3.989155915902209415e-03,-1.591424582176870217e-04,-2.118544586870996227e-06,-1.865340220864819543e-03,6.075119640864050548e-03,-1.065839153535709904e+00,-1.875265482661845340e-01,-1.840763275168726398e+00,4.606251211374363663e-01,1.576385234019014980e+00,4.985994404147207071e-01
1.318666666666666742e+01,8.642942653770550529e-03,-1.119983112130431696e-01,1.370793299265691267e-01,-2.476686029425087532e-02,-2.527600224823914834e-05,8.643041317532251105e-03,1.791568168849151932e-01,-1.863291810694001072e-03,-3.737029732562291429e-03,3.986565623996796148e-03,-1.586588645654529728e-04,-2.110038594516083776e-06,-1.863359488594618085e-03,6.068545026576843866e-03,-1.065458833747973344e+00,-1.891358592071785694e-01,-1.838796879766197101e+00,4.602739616944382384e-01,1.576384090251476522e+00,4.989797644318958447e-01
1.320000000000000107e+01,-1.695987329373219166e-02,-1.011515085288480498e-01,1.240089930340903396e-01,-2.271090422443350701e-02,5.268972338146738063e-05,-1.696005579765412150e-02,1.634041822374446562e-01,-1.861313253550989089e-03,-3.731242733214124030e-03,3.983871616948686523e-03,-1.581961749170801568e-04,-2.101948445965007295e-06,-1.861380859587313807e-03,6.061984953356514688e-03,-1.065343594512589753e+00,-1.906291700233526676e-01,-1.836969155367176088e+00,4.599437368905148205e-01,1.576383753238113528e+00,4.990950049827964641e-01
1.321333333333333471e+01,-3.721785222787168945e-02,-9.367679195581975204e-02,1.150182768267796751e-01,-2.132605106443339824e-02,1.143036479797492235e-04,-3.721825767904288207e-02,1.588386794952090508e-01,-1.859336797361166305e-03,-3.725621437954629300e-03,3.981043789693217150e-03,-1.577601358428992739e-04,-2.094387385298546178e-06,-1.859404331608693894e-03,6.055441783697387316e-03,-1.065569726156506469e+00,-1.919778568037373567e-01,-1.835315702126721460e+00,4.596409248341890574e-01,1.576384455767758652e+00,4.988688709054942549e-01
1.322666666666666835e+01,-4.873115706216647747e-02,-8.940979963895490101e-02,1.099246525918163714e-01,-2.057472062880092573e-02,1.491821509770542727e-04,-4.873169005986007635e-02,1.589037009886326290e-01,-1.857362439893428530e-03,-3.720122267603098720e-03,3.978119398725166178e-03,-1.573436185795529241e-04,-2.087212663148818592e-06,-1.857429902428986424e-03,6.048912801715572440e-03,-1.066065964186211357e+00,-1.932268806964816399e-01,-1.833782125102364491e+00,4.593565774866634754e-01,1.576385979816398830e+00,4.983726274697737324e-01
1.324000000000000021e+01,-5.153190610400781163e-02,-8.833946559171212964e-02,1.087340593230724101e-01,-2.047368366343968460e-02,1.575003354823467975e-04,-5.153247113218922815e-02,1.592397133089330508e-01,-1.855390178918447930e-03,-3.714698713328523638e-03,3.975137975103848476e-03,-1.569390630731248848e-04,-2.080273316273917317e-06,-1.855457569818419472e-03,6.042395068050098426e-03,-1.066715712947040373e+00,-1.944190113583341706e-01,-1.832316463067807044e+00,4.590822478782792260e-01,1.576387968911745041e+00,4.977228716023089916e-01
1.325333333333333385e+01,-4.564477299456987797e-02,-9.044385864799579788e-02,1.114372425693890972e-01,-2.103570948348066141e-02,1.394561999016238874e-04,-4.564527406068585869e-02,1.587696679656210030e-01,-1.853420012211337564e-03,-3.709301688147981224e-03,3.972141051024280500e-03,-1.565385299340249503e-04,-2.073411124570156971e-06,-1.853487331551662010e-03,6.035885451464872813e-03,-1.067402805028427437e+00,-1.955968708995570182e-01,-1.830866675610166139e+00,4.588092654294335659e-01,1.576390068916218468e+00,4.970357719872131597e-01
1.326666666666666750e+01,-4.003635906142757883e-02,-9.315696096990194741e-02,1.148998298622293385e-01,-2.174867754060819808e-02,1.223187223611514759e-04,-4.003679888882730187e-02,1.598720285988522727e-01,-1.851451937547210491e-03,-3.703882151215864837e-03,3.969169959213481036e-03,-1.561341209184163858e-04,-2.066468850259184364e-06,-1.851519185403383005e-03,6.029380802386827103e-03,-1.068011402001688204e+00,-1.968027890148635883e-01,-1.829380845709240866e+00,4.585287893029872386e-01,1.576391928332217418e+00,4.964271683330707674e-01
1.328000000000000114e+01,-4.021893321954551209e-02,-9.375395537509026433e-02,1.157695105268718438e-01,-2.202212192971867918e-02,1.227504503510764200e-04,-4.021937580896046971e-02,1.609737041191728890e-01,-1.849485952705620662e-03,-3.698431529229218029e-03,3.966231835109468307e-03,-1.557244732435236756e-04,-2.059419515365590314e-06,-1.849553129153580500e-03,6.022880553840125224e-03,-1.068545220122507189e+00,-1.980448818277955603e-01,-1.827848847977744384e+00,4.582388069357792304e-01,1.576393559248515430e+00,4.958933443478863445e-01
1.329333333333333478e+01,-4.000299478411692422e-02,-9.342291496857733912e-02,1.154943533536079425e-01,-2.207862178144028367e-02,1.219723327583675766e-04,-4.000343571184613450e-02,1.604829635047341219e-01,-1.847522055466122026e-03,-3.692982202053052276e-03,3.963299368301420600e-03,-1.553148039623586385e-04,-2.052367157112655605e-06,-1.847589160582252532e-03,6.016386771122237548e-03,-1.069081472565434510e+00,-1.992949345661298999e-01,-1.826305254504052789e+00,4.579451786433827998e-01,1.576395195921186598e+00,4.953570860037670442e-01
1.330666666666666664e+01,-3.939182645606183891e-02,-9.216471304022483269e-02,1.140701487470474895e-01,-2.191309165912259591e-02,1.199990892565799518e-04,-3.939226130616577115e-02,1.583982240846178169e-01,-1.845560243613597606e-03,-3.687548095129056236e-03,3.960360848480171114e-03,-1.549073488016361466e-04,-2.045356306545897951e-06,-1.845627277472505767e-03,6.009900343135261835e-03,-1.069614845829222727e+00,-2.005405734323777445e-01,-1.824765329792671364e+00,4.576507970196304065e-01,1.576396822218956828e+00,4.948237068609424583e-01
1.332000000000000028e+01,-3.838861900064337307e-02,-8.998019423014584628e-02,1.114927468685518314e-01,-2.152056534511881045e-02,1.168449445502214932e-04,-3.838904336490846919e-02,1.547178757052775910e-01,-1.843600514932042245e-03,-3.682143039539287344e-03,3.957404690903665312e-03,-1.545043184476568854e-04,-2.038431047957089959e-06,-1.843667477610555494e-03,6.003422158859946477e-03,-1.070140070181970327e+00,-2.017694362729138824e-01,-1.823244394476044139e+00,4.573586224641754683e-01,1.576398422206813699e+00,4.942984767101936683e-01
1.333333333333333393e+01,-3.712797820621957512e-02,-8.717922743047662459e-02,1.081415521118279655e-01,-2.097066501084857842e-02,1.129211023436350571e-04,-3.712838915471686208e-02,1.499719926439872508e-01,-1.841642867210779855e-03,-3.676780979587235265e-03,3.954419261081199011e-03,-1.541079320386273821e-04,-2.031635684573984690e-06,-1.841709758783949269e-03,5.996953120750036018e-03,-1.070651918435312488e+00,-2.029691721959823170e-01,-1.821757824517796776e+00,4.570716815929074528e-01,1.576399980139408186e+00,4.937866227986615897e-01
1.334666666666666757e+01,-3.613707015605299028e-02,-8.499829665777081100e-02,1.055489802248081865e-01,-2.055945212933909735e-02,1.098224569789699574e-04,-3.613747064377914597e-02,1.462867233143305412e-01,-1.839687298239578439e-03,-3.671471440687579246e-03,3.951396666996842555e-03,-1.537196932099860192e-04,-2.025000305216906327e-06,-1.839754118783343273e-03,5.990493850871513384e-03,-1.071146958144728600e+00,-2.041315618950552135e-01,-1.820315937156305797e+00,4.567920727260963432e-01,1.576401485754105991e+00,4.932915776099320304e-01
1.336000000000000121e+01,-3.554482417140532313e-02,-8.374574104914753181e-02,1.041018462120468918e-01,-2.036538099814624858e-02,1.079349969864213445e-04,-3.554521861775242902e-02,1.441950103635722125e-01,-1.837733805810870535e-03,-3.666205089785101734e-03,3.948344816109283784e-03,-1.533380889933155800e-04,-2.018494863698094832e-06,-1.837800555400281866e-03,5.984043750973965826e-03,-1.071628785746809420e+00,-2.052648725171586364e-01,-1.818908617419975116e+00,4.565179466977049572e-01,1.576402950053532592e+00,4.928097446680150817e-01
1.337333333333333485e+01,-3.534823643016092587e-02,-8.342076529666242468e-02,1.038040571745014601e-01,-2.039312639738440069e-02,1.072453282263025764e-04,-3.534862924726051708e-02,1.436983677108789048e-01,-1.835782387719753217e-03,-3.660967585287000503e-03,3.945275769868583637e-03,-1.529608142645244584e-04,-2.012073474944031659e-06,-1.835849066430306209e-03,5.977601892878906149e-03,-1.072102716735761518e+00,-2.063814823978140645e-01,-1.817520592803814505e+00,4.562464082843962210e-01,1.576404389186826016e+00,4.923358084197784201e-01
1.338666666666666671e+01,-3.554439017196221046e-02,-8.402262855926165286e-02,1.046594322761404544e-01,-2.064725136519643747e-02,1.077404245825209919e-04,-3.554478576468490802e-02,1.447983250561359625e-01,-1.833833041763988092e-03,-3.655744471124489081e-03,3.942201641473186413e-03,-1.525855550448262932e-04,-2.005690030060236495e-06,-1.833899649670733822e-03,5.971167335179931000e-03,-1.072574026554830251e+00,-2.074937592684360510e-01,-1.816136538708154502e+00,4.559744999324308878e-01,1.576405819124535590e+00,4.918644933631481919e-01
1.340000000000000036e+01,-3.547852761236075514e-02,-8.400680246235123216e-02,1.047468578377480503e-01,-2.075107778665730499e-02,1.074452528643009486e-04,-3.547892304035250854e-02,1.448348913841704944e-01,-1.831885765742224947e-03,-3.650521380004434491e-03,3.939134427687562834e-03,-1.522100205741949708e-04,-1.999298833155194188e-06,-1.831952302921102671e-03,5.964739136938750422e-03,-1.073047951757122753e+00,-2.086140609825597458e-01,-1.814741079611139396e+00,4.556992032475615240e-01,1.576407255663530016e+00,4.913905628862855757e-01
1.341333333333333400e+01,-3.515257918204677673e-02,-8.337376318727228452e-02,1.040637836862644550e-01,-2.070157056566516302e-02,1.063684241729133417e-04,-3.515297150994985131e-02,1.438070131473611069e-01,-1.829940557457554462e-03,-3.645307882036430414e-03,3.936066131773330312e-03,-1.518357360064115369e-04,-1.992930321215169442e-06,-1.830007023982727077e-03,5.958317913864956232e-03,-1.073520998791954284e+00,-2.097341516820576679e-01,-1.813344454839969533e+00,4.554225222104060222e-01,1.576408688266901947e+00,4.909175105790808402e-01
1.342666666666666764e+01,-3.521792212270752342e-02,-8.366720575408824467e-02,1.045357895924221153e-01,-2.088072225823753986e-02,1.064698863003818137e-04,-3.521831575159502237e-02,1.443765227635385451e-01,-1.827997414713955493e-03,-3.640113443170722718e-03,3.932988871507614448e-03,-1.514642039790459194e-04,-1.986614516447104961e-06,-1.828063810661362254e-03,5.951904278323857066e-03,-1.073989699847714974e+00,-2.108458018578880377e-01,-1.811956937724152672e+00,4.551465012695303791e-01,1.576410106512557974e+00,4.904488042922814373e-01
1.344000000000000128e+01,-3.567167866962382000e-02,-8.488644259337634057e-02,1.061667114036747989e-01,-2.129307941350424768e-02,1.077368090154323774e-04,-3.567207799307563210e-02,1.465450490191071986e-01,-1.826056335318071433e-03,-3.634923772280806986e-03,3.929914559458236312e-03,-1.510931502930468184e-04,-1.980306030269218809e-06,-1.826122660762319327e-03,5.945497291944242327e-03,-1.074459272142684441e+00,-2.119613646012759034e-01,-1.810563127196253674e+00,4.548680916394207685e-01,1.576411526111042072e+00,4.899792267489266884e-01
1.345333333333333492e+01,-3.651092478319357265e-02,-8.703080732646821527e-02,1.089604737667102807e-01,-2.194328624006360029e-02,1.101561358462270290e-04,-3.651133418672897202e-02,1.503143085849429350e-01,-1.824117317078766121e-03,-3.629724801634370834e-03,3.926854881389552077e-03,-1.507203450099581232e-04,-1.973960312540157247e-06,-1.824183572094906225e-03,5.939096025926793310e-03,-1.074934894524946394e+00,-2.130931838358542940e-01,-1.809147571044204650e+00,4.545841839139073137e-01,1.576412962601828838e+00,4.895035990423521888e-01
1.346666666666666679e+01,-3.760346446634206530e-02,-8.979115480734867205e-02,1.125345786224103417e-01,-2.275802331980919177e-02,1.133273019514257035e-04,-3.760388686272525538e-02,1.551531378442574383e-01,-1.822180357807567930e-03,-3.624502890231529051e-03,3.923821127789217655e-03,-1.503436345853259581e-04,-1.967534292823813757e-06,-1.822246542470207231e-03,5.932699574540886700e-03,-1.075421706855388848e+00,-2.142535946002070979e-01,-1.807694764727315162e+00,4.542916067640399014e-01,1.576414431350306344e+00,4.890167812531958091e-01
1.348000000000000043e+01,-3.843156302702614713e-02,-9.193332748903274010e-02,1.153441506107130698e-01,-2.342640100729909483e-02,1.156974841120853807e-04,-3.843199546844185133e-02,1.589302449056246846e-01,-1.820245455318225680e-03,-3.619249564861259927e-03,3.920820259204926828e-03,-1.499616922302493549e-04,-1.961001381722837777e-06,-1.820311569701971166e-03,5.926307366379226886e-03,-1.075923086381606719e+00,-2.154508099976384372e-01,-1.806194303679016455e+00,4.539881664531089100e-01,1.576415942380998914e+00,4.885153960950261443e-01
1.349333333333333407e+01,-3.886855394038297995e-02,-9.314941600455595161e-02,1.169992957314812676e-01,-2.386631515935108694e-02,1.168908895621482004e-04,-3.886899202138316411e-02,1.611112242911485470e-01,-1.818312607427152727e-03,-3.613974704613109878e-03,3.917843991601444031e-03,-1.495760986940375403e-04,-1.954393095360273946e-06,-1.818378651606167296e-03,5.919920032906648283e-03,-1.076435507221967125e+00,-2.166765876974920957e-01,-1.804656381670873611e+00,4.536758144396784154e-01,1.576417485014120601e+00,4.880029694887801917e-01
1.350666666666666771e+01,-3.891754326563061361e-02,-9.344013057302678893e-02,1.174958435078900104e-01,-2.407283245440298633e-02,1.169213770607478871e-04,-3.891798258922621323e-02,1.616942507288635367e-01,-1.816381811951650604e-03,-3.608692196594098789e-03,3.914880749392946058e-03,-1.491890615885616000e-04,-1.947753520692430129e-06,-1.816447786000985332e-03,5.913538472659555893e-03,-1.076953754607838931e+00,-2.179185799108860344e-01,-1.803096391061120629e+00,4.533575969042202836e-01,1.576419043559314837e+00,4.874847162618283214e-01
1.352000000000000135e+01,-3.858167915464789238e-02,-9.280618568007403812e-02,1.168295060029236471e-01,-2.404092836934167837e-02,1.158029110173446925e-04,-3.858211533277675076e-02,1.606773998124485792e-01,-1.814453066712573559e-03,-3.603415499571660519e-03,3.911919354597337417e-03,-1.488027116609558220e-04,-1.941125253868136724e-06,-1.814518970706835432e-03,5.907163561367594767e-03,-1.077472655184713801e+00,-2.191644483185264392e-01,-1.801529779814348808e+00,4.530366258048283967e-01,1.576420602511008795e+00,4.869658098273053071e-01
1.353333333333333499e+01,-3.824761032788309700e-02,-9.217285731361560264e-02,1.161611845100716522e-01,-2.400641942347596716e-02,1.146927046830496029e-04,-3.824804336303687380e-02,1.596601711667181567e-01,-1.812526369532996284e-03,-3.598157847190641689e-03,3.908948858240890445e-03,-1.484191349314656350e-04,-1.934550045046279365e-06,-1.812592203547236380e-03,5.900796165633305501e-03,-1.077987077573442143e+00,-2.204018641275942159e-01,-1.799972053067643074e+00,4.527160800932370499e-01,1.576422146549822045e+00,4.864513816228681620e-01
1.354666666666666686e+01,-3.817049230075830746e-02,-9.215640497047872248e-02,1.162684030808173591e-01,-2.413069529860447163e-02,1.143507021670738487e-04,-3.817092511526055942e-02,1.597105321209611184e-01,-1.810601718238658009e-03,-3.592919168610375635e-03,3.905969343208415268e-03,-1.480383138519059116e-04,-1.928027583808500367e-06,-1.810667482345706958e-03,5.894436278018726390e-03,-1.078497045711147351e+00,-2.216308355584422074e-01,-1.798423237274175523e+00,4.523959945009239370e-01,1.576423675785884271e+00,4.859414077113610730e-01
1.356000000000000050e+01,-3.809360059786935648e-02,-9.214021331117210056e-02,1.163757885252037910e-01,-2.425487467157682112e-02,1.140100152377023770e-04,-3.809403318988192899e-02,1.597614871572324291e-01,-1.808679110656630229e-03,-3.587690571311696885e-03,3.902988171994081767e-03,-1.476588436792880543e-04,-1.921529781956365923e-06,-1.808744804931095018e-03,5.888083306755165225e-03,-1.079005985608490814e+00,-2.228595876247152496e-01,-1.796872991899764571e+00,4.520742518969425028e-01,1.576425200461913256e+00,4.854324620431578197e-01
1.357333333333333414e+01,-3.801693436244032998e-02,-9.212428242326052563e-02,1.164833421375703199e-01,-2.437895875627518402e-02,1.136706378186938033e-04,-3.801736673015916612e-02,1.598130358575498289e-01,-1.806758544617093065e-03,-3.582472033631045605e-03,3.900005365249814560e-03,-1.472807192719471914e-04,-1.915056554668836952e-06,-1.806824169133136593e-03,5.881737244653767460e-03,-1.079513900283129324e+00,-2.240881238021974475e-01,-1.795321314719428463e+00,4.517508535679883863e-01,1.576426720595449638e+00,4.849245416006260356e-01
1.358666666666666778e+01,-3.794049274176040237e-02,-9.210861240104896430e-02,1.165910652189920543e-01,-2.450294876878678779e-02,1.133325638279313432e-04,-3.794092488334728508e-02,1.598651778232930698e-01,-1.804840017951114817e-03,-3.577263533926622330e-03,3.897020943542273130e-03,-1.469039355028733951e-04,-1.908607814460339114e-06,-1.804905572783788159e-03,5.875398084528577272e-03,-1.080020792741295033e+00,-2.253164475678408607e-01,-1.793768203490927471e+00,4.514258007845715071e-01,1.576428236203954114e+00,4.844176433775571056e-01
1.360000000000000142e+01,-3.786427488694710936e-02,-9.209320334119308615e-02,1.166989590758480827e-01,-2.462684592567600944e-02,1.129957872234228403e-04,-3.786470680066443550e-02,1.599179126712773624e-01,-1.802923528495092853e-03,-3.572065050592154734e-03,3.894034927342193697e-03,-1.465284872654848414e-04,-1.902183475177565697e-06,-1.802989013717226641e-03,5.869065819199112757e-03,-1.080526665977851852e+00,-2.265445623998547653e-01,-1.792213655954674190e+00,4.510990948009876433e-01,1.576429747304805673e+00,4.839117643791124301e-01
1.361333333333333506e+01,-3.778827995298229825e-02,-9.207805534565786931e-02,1.168070250183167874e-01,-2.475065144492602162e-02,1.126603019912018297e-04,-3.778871163705910252e-02,1.599712400344304175e-01,-1.801009074084092276e-03,-3.566876562041798593e-03,3.891047337038155973e-03,-1.461543694691869177e-04,-1.895783451111299200e-06,-1.801074489770293496e-03,5.862740441488027525e-03,-1.081031522976344306e+00,-2.277724717777371843e-01,-1.790657669833662924e+00,4.507707368553117711e-01,1.576431253915302477e+00,4.834069016217701353e-01
1.362666666666666693e+01,-3.771250709864431422e-02,-9.206316852220608471e-02,1.169152643582658802e-01,-2.487436654592205948e-02,1.123261021092491243e-04,-3.771293855134301432e-02,1.600251595605143851e-01,-1.799096652558063170e-03,-3.561698046729233624e-03,3.888058192919263689e-03,-1.457815770424808477e-04,-1.889407656552322123e-06,-1.799161998782050631e-03,5.856421944222836747e-03,-1.081535366709050816e+00,-2.290001791823459421e-01,-1.789100242833418619e+00,4.504407281693794118e-01,1.576432756052662754e+00,4.829030521332757786e-01
1.364000000000000057e+01,-3.763695548667579660e-02,-9.204854297452939871e-02,1.170236784264856583e-01,-2.499799244821511793e-02,1.119931817196089208e-04,-3.763738670625799143e-02,1.600796709188755662e-01,-1.797186261758287884e-03,-3.556529483185855156e-03,3.885067515145834705e-03,-1.454101049400691181e-04,-1.883056006679595384e-06,-1.797251538593336306e-03,5.850110320238338830e-03,-1.082038200137033002e+00,-2.302276880959754912e-01,-1.787541372641975101e+00,4.501090699487670932e-01,1.576434253734023905e+00,4.824002129525912785e-01
1.365333333333333421e+01,-3.756162428344819726e-02,-9.203417882350013735e-02,1.171322685378725359e-01,-2.512153037420267881e-02,1.116615348142953893e-04,-3.756205526824266117e-02,1.601347737874883603e-01,-1.795277899527825127e-03,-3.551370849866231083e-03,3.882075323875966433e-03,-1.450399481157660375e-04,-1.876728414895723063e-06,-1.795343107047653319e-03,5.843805562366172386e-03,-1.082540026210188522e+00,-2.314550020023027344e-01,-1.785981056929621946e+00,4.497757633827910162e-01,1.576435746976446950e+00,4.818983811298411801e-01
1.366666666666666785e+01,-3.798772968664587690e-02,-9.325076766354077618e-02,1.188090310563467700e-01,-2.558258197040548867e-02,1.128110873705005654e-04,-3.798816624576642487e-02,1.623328098027728983e-01,-1.793371563713286321e-03,-3.546222125390130486e-03,3.879081639066139786e-03,-1.446711015651303001e-04,-1.870424796379666077e-06,-1.793436701991613091e-03,5.837507663451031552e-03,-1.083040847867301260e+00,-2.326821243866161737e-01,-1.784419293349116975e+00,4.494408096444684197e-01,1.576437235796911196e+00,4.813975537262646931e-01
1.368000000000000149e+01,-3.841101658170868738e-02,-9.446705297258219114e-02,1.204903767369584211e-01,-2.604854656721904138e-02,1.139485864825022933e-04,-3.841145870359286701e-02,1.645337080985592171e-01,-1.791467252163059243e-03,-3.541066186761199219e-03,3.876100476904564829e-03,-1.443008962414005225e-04,-1.864091596637251769e-06,-1.791532321273159312e-03,5.831215468778006700e-03,-1.083547350929789932e+00,-2.339254679554634286e-01,-1.782835172935032242e+00,4.490997085515298082e-01,1.576438739944743261e+00,4.808910448429877249e-01
1.369333333333333336e+01,-3.808272419772382178e-02,-9.383756766084444534e-02,1.198199106811976278e-01,-2.600799426962742411e-02,1.128676298421631813e-04,-3.808316316443882688e-02,1.635217104977615687e-01,-1.789564962726863939e-03,-3.535903284239694244e-03,3.873131595430123753e-03,-1.439293780691741631e-04,-1.857729710064148776e-06,-1.789629962742456115e-03,5.824928983894341918e-03,-1.084059497817546180e+00,-2.351850286617644947e-01,-1.781228634578539527e+00,4.487523945973004302e-01,1.576440259259229926e+00,4.803788920602731771e-01
1.370666666666666700e+01,-3.700892797214837271e-02,-9.136346180013431295e-02,1.167887504041779378e-01,-2.545090929710930316e-02,1.095947064064772803e-04,-3.700935508571255583e-02,1.592922103608062634e-01,-1.787664693257973170e-03,-3.530758859532134863e-03,3.870154174360873611e-03,-1.435605087962699145e-04,-1.851418666820592307e-06,-1.787729624252776262e-03,5.818649909547452502e-03,-1.084567267473516061e+00,-2.364361962305756570e-01,-1.779631035769456915e+00,4.484056213403722069e-01,1.576441764160961156e+00,4.798711165514140120e-01
1.372000000000000064e+01,-3.519541136406414278e-02,-8.704584586679006697e-02,1.113882928557756308e-01,-2.436771187040734366e-02,1.041547875621953424e-04,-3.519581794618094339e-02,1.518406726802617179e-01,-1.785766441610547872e-03,-3.525658314972535123e-03,3.867147504733381425e-03,-1.431982268176312800e-04,-1.845237616926453939e-06,-1.785831303657836600e-03,5.812379955188134648e-03,-1.085060719846477895e+00,-2.376543757212439267e-01,-1.778073852430734458e+00,4.480662758830775694e-01,1.576443225423712846e+00,4.793776584836044741e-01
1.373333333333333428e+01,-3.239918525518364900e-02,-8.027088344633151462e-02,1.028230795370354139e-01,-2.257695657197662104e-02,9.584053334498822722e-05,-3.239955974802499056e-02,1.400898541838785094e-01,-1.783870205643189877e-03,-3.520627812592547201e-03,3.864090334392500381e-03,-1.428465717414617586e-04,-1.839267823822154924e-06,-1.783934998816683049e-03,5.806120892962417235e-03,-1.085529991997998600e+00,-2.388149869994675711e-01,-1.776588675192657396e+00,4.477413730581387696e-01,1.576444614154214108e+00,4.789083809109886403e-01
1.374666666666666792e+01,-3.011292450595788595e-02,-7.472841522294093597e-02,9.581309798690661184e-02,-2.110945366259319236e-02,8.904411458567171745e-05,-3.011327274874735574e-02,1.304749024460655493e-01,-1.781975983215389192e-03,-3.515704075960357500e-03,3.860952878067536176e-03,-1.425112042845455562e-04,-1.833623213265411778e-06,-1.782040707587029260e-03,5.799875220222993830e-03,-1.085961981134734522e+00,-2.398852654454186606e-01,-1.775217700798830345e+00,4.474403469705126035e-01,1.576445892027992457e+00,4.784763867810148952e-01
1.376000000000000156e+01,-2.932205959943765330e-02,-7.287629403956807916e-02,9.351959926939223955e-02,-2.066843904809798765e-02,8.665243580642174902e-05,-2.932239899644774675e-02,1.272935498123873022e-01,-1.780083772188412183e-03,-3.510871264492898547e-03,3.857748226819168735e-03,-1.421896279749645942e-04,-1.828253827440562418e-06,-1.780148427831917957e-03,5.793641886698305474e-03,-1.086363486794813760e+00,-2.408816443150580966e-01,-1.773940192825671502e+00,4.471588875883445446e-01,1.576447079282853991e+00,4.780748764776983073e-01
1.377333333333333343e+01,-3.001687809024582848e-02,-7.471270410576189014e-02,9.595707863306493501e-02,-2.127003885822142948e-02,8.862352988244381229e-05,-3.001722601277475796e-02,1.305535075343987605e-01,-1.778193570427077930e-03,-3.506074638576883729e-03,3.854521058394233535e-03,-1.418733409885852836e-04,-1.822988902944189249e-06,-1.778258157415280039e-03,5.787417193996871080e-03,-1.086754447589473038e+00,-2.418533282355856961e-01,-1.772693264835413007e+00,4.468833084010364054e-01,1.576448234648665014e+00,4.776839111577455554e-01
1.378666666666666707e+01,-3.218772509635770690e-02,-8.023613792253905808e-02,1.031398892079107010e-01,-2.293039501192053672e-02,9.491502228763185880e-05,-3.218809888219809762e-02,1.402626463294409376e-01,-1.776305375797981867e-03,-3.501258445504973338e-03,3.851316738732180056e-03,-1.415537144344725107e-04,-1.817654972757765108e-06,-1.776369894202822763e-03,5.781197356198569844e-03,-1.087154672630676444e+00,-2.428494976236623693e-01,-1.771413837120305423e+00,4.465997078829269107e-01,1.576449416295730543e+00,4.772836814775751613e-01
1.380000000000000071e+01,-3.483941006934147822e-02,-8.698706254817857586e-02,1.119213237154020046e-01,-2.496253171167393814e-02,1.025975228550814086e-04,-3.483981545756276166e-02,1.521310865792173395e-01,-1.774419186168163520e-03,-3.496369080766559279e-03,3.848178757730913446e-03,-1.412224798320593777e-04,-1.812085675290120435e-06,-1.774483636063806102e-03,5.774978718208072931e-03,-1.087583842298627701e+00,-2.439193127959629059e-01,-1.770038638597533298e+00,4.462939692827680993e-01,1.576450681829361322e+00,4.768545068258127628e-01
1.381333333333333435e+01,-3.649354348962781380e-02,-9.127808729388928177e-02,1.175601185033372659e-01,-2.631183711146404397e-02,1.073410714191438340e-04,-3.649396887157718705e-02,1.597121894448398360e-01,-1.772534999409991485e-03,-3.491392334676657327e-03,3.845118493984500674e-03,-1.408774772251319973e-04,-1.806237397872223482e-06,-1.772599380868822294e-03,5.768760289931738720e-03,-1.088048367766218938e+00,-2.450791402966054910e-01,-1.768546354281328004e+00,4.459611355266126509e-01,1.576452049796333021e+00,4.763899759530452194e-01
1.382666666666666799e+01,-3.740234669690031821e-02,-9.372463640339216695e-02,1.208379780736157372e-01,-2.714437500208892462e-02,1.098931954837365518e-04,-3.740278337502933592e-02,1.640757670324007600e-01,-1.770652813397610714e-03,-3.486365695195114967e-03,3.842105350518210116e-03,-1.405245270218458131e-04,-1.800227068304849354e-06,-1.770717126492016291e-03,5.762544593863998428e-03,-1.088534948346080888e+00,-2.462961814605240107e-01,-1.766978886034616947e+00,4.456103110317930494e-01,1.576453481010618773e+00,4.759033897014242065e-01
1.384000000000000163e+01,-3.757153658935055013e-02,-9.432758001308287621e-02,1.217463694986609252e-01,-2.745056529108396218e-02,1.102789771307241155e-04,-3.757197588622737672e-02,1.652171004078029637e-01,-1.768772626004722071e-03,-3.481315584310529232e-03,3.839117791945234615e-03,-1.401677246999355475e-04,-1.794136996746686918e-06,-1.768836870807533046e-03,5.756333408168845707e-03,-1.089033646302039582e+00,-2.475458432792358998e-01,-1.765367712993635374e+00,4.452483860317650866e-01,1.576454946253225131e+00,4.754046859230904865e-01
1.385333333333333350e+01,-3.700703085541854481e-02,-9.308783405351428453e-02,1.202763040275253298e-01,-2.722044321310706366e-02,1.085241260938065453e-04,-3.700746411476277253e-02,1.631311472357121761e-01,-1.766894435109467310e-03,-3.476267076759853580e-03,3.836135448154642802e-03,-1.398109421621995807e-04,-1.788045074668787038e-06,-1.766958611693070225e-03,5.750128428345204976e-03,-1.089534600123230668e+00,-2.488035443460772100e-01,-1.763744428066986503e+00,4.448823784945505899e-01,1.576456416639587133e+00,4.749037262446074159e-01
1.386666666666666714e+01,-3.877442687798770410e-02,-9.101663695914326280e-02,1.177290605053459838e-01,-2.675943057649778772e-02,1.135456481377952764e-04,-3.877488164748962851e-02,1.608327937166725841e-01,-1.765018238591764543e-03,-3.471244687278218777e-03,3.833138477138398059e-03,-1.394579487987712696e-04,-1.782027209795700173e-06,-1.765082347029434118e-03,5.743931322129190373e-03,-1.090028027201302763e+00,-2.500447154667906347e-01,-1.762140744013286131e+00,4.445194392517093362e-01,1.576457863627934941e+00,4.744102933897438312e-01
1.388000000000000078e+01,-4.102600097529934126e-02,-9.017757903227228977e-02,1.167686338858519857e-01,-2.665340139430514774e-02,1.199604315407995514e-04,-4.102648307959508300e-02,1.607595499060211208e-01,-1.763144034335084598e-03,-3.466259514456559998e-03,3.830117950690770101e-03,-1.391104384707020358e-04,-1.776117580121194806e-06,-1.763208074698763284e-03,5.737742849496113746e-03,-1.090545019559676199e+00,-2.512582706262458387e-01,-1.760571023206548125e+00,4.441626468440227349e-01,1.576459377569910281e+00,4.738932949677772122e-01
1.389333333333333442e+01,-3.978459349587662452e-02,-9.058691327213219679e-02,1.174175532240749886e-01,-2.688606127965626966e-02,1.162330881472082791e-04,-3.978506162157398329e-02,1.608770010611525469e-01,-1.761271820223342388e-03,-3.461294965104499965e-03,3.827087326870870498e-03,-1.387658519260703827e-04,-1.770264622891204453e-06,-1.761335792584528548e-03,5.731561875911591122e-03,-1.091092032906013642e+00,-2.524606383466760917e-01,-1.759014108088070127e+00,4.438072681587654778e-01,1.576460977042330569e+00,4.733462751933825707e-01
1.390666666666666806e+01,-3.506070164002920986e-02,-9.223805451525138310e-02,1.196739697011392212e-01,-2.746224789112325024e-02,1.024354419581680243e-04,-3.506111435752998218e-02,1.613766953947312899e-01,-1.759401594142673275e-03,-3.456334203480349032e-03,3.824060210381396985e-03,-1.384216035003049683e-04,-1.764416188709816424e-06,-1.759465498573753450e-03,5.725387243007550898e-03,-1.091622494152625578e+00,-2.536684638569712824e-01,-1.757448540711749052e+00,4.434487873417034542e-01,1.576462526816839294e+00,4.728158077050950148e-01
1.392000000000000171e+01,-2.686590460532781860e-02,-9.512638216955822401e-02,1.235386625507674807e-01,-2.838752065442506217e-02,7.863440163634369642e-05,-2.686622042827755547e-02,1.629731814506274745e-01,-1.757533353981877156e-03,-3.451360793008007022e-03,3.821049835842416087e-03,-1.380751790716061578e-04,-1.758521629202647318e-06,-1.757597190555681976e-03,5.719217813091769659e-03,-1.092089970174492386e+00,-2.548983045838415507e-01,-1.755852887782400451e+00,4.430826240364886814e-01,1.576463892622731677e+00,4.723483261803278488e-01
1.393333333333333357e+01,-1.429603106692760826e-02,-1.002794475684725406e-01,1.303530478599175257e-01,-2.996886496151536516e-02,4.223347669291354993e-05,-1.429619765845281318e-02,1.683887677771655489e-01,-1.755667097632418461e-03,-3.446359023743905681e-03,3.818068804951391115e-03,-1.377241859508160360e-04,-1.752532803322992550e-06,-1.755730866421334468e-03,5.713052491940248667e-03,-1.092448182235896681e+00,-2.561666563461022506e-01,-1.754205705615056843e+00,4.427041237610964686e-01,1.576464941081420434e+00,4.719901099079506501e-01
1.394666666666666721e+01,-4.080937335624545276e-03,-1.046034507391837842e-01,1.361141477393443544e-01,-3.134119455380619812e-02,1.268256096422789398e-05,-4.080982470868320389e-03,1.745981736036337217e-01,-1.753802822989314336e-03,-3.441301278174435652e-03,3.815139249663701548e-03,-1.373644234430315691e-04,-1.746365183130649257e-06,-1.753866524063951715e-03,5.706889357808346899e-03,-1.092638795983456035e+00,-2.575037156470152411e-01,-1.752467664976924633e+00,4.423045388949429224e-01,1.576465504194443312e+00,4.717994939391711995e-01
1.396000000000000085e+01,-4.802919683020417246e-04,-1.055243377929423604e-01,1.374701510087261436e-01,-3.175529425038037257e-02,2.266445223415419955e-06,-4.802942745639193767e-04,1.761882185789702127e-01,-1.751940527945805570e-03,-3.436200244422593642e-03,3.812250820571350118e-03,-1.369978587582032503e-04,-1.740058786836584659e-06,-1.752004161378550862e-03,5.700729258153952941e-03,-1.092693208481264389e+00,-2.588984283235378214e-01,-1.750652809673733268e+00,4.418866563008920778e-01,1.576465673295256664e+00,4.717450808395597939e-01
1.397333333333333449e+01,-3.464434345301869306e-03,-1.030385367938483898e-01,1.343956184888376870e-01,-3.118894271737590249e-02,1.088859052996532033e-05,-3.464472161044517690e-03,1.722668786293267140e-01,-1.750080210401350200e-03,-3.431098430064061233e-03,3.809369262921080690e-03,-1.366309951364996778e-04,-1.733745108811746150e-06,-1.750143776264589945e-03,5.694575105590949510e-03,-1.092699612374175011e+00,-2.603054194941103461e-01,-1.748819874326950297e+00,4.414632523775536832e-01,1.576465703514526417e+00,4.717386769158991022e-01
1.398666666666666814e+01,-1.300426225738141213e-02,-9.714233606543136446e-02,1.268649222613997263e-01,-2.962026377375102590e-02,3.845507249643043233e-05,-1.300441362960148839e-02,1.635448839681875044e-01,-1.748221868255850353e-03,-3.426037123062553036e-03,3.806461440234443216e-03,-1.362701199001392638e-04,-1.727551092400858579e-06,-1.748285366621082915e-03,5.688429749798635561e-03,-1.092745804832112366e+00,-2.616792666513614307e-01,-1.747027932747099221e+00,4.410473998079886826e-01,1.576465848695733030e+00,4.716924839537517400e-01
1.400000000000000178e+01,-2.458363104996528353e-02,-8.980513601540951463e-02,1.174274663846449213e-01,-2.760043896514870546e-02,7.188182766112520799e-05,-2.458392044408670707e-02,1.543524725241910978e-01,-1.746365499411872690e-03,-3.421059063547726709e-03,3.803493189055817680e-03,-1.359217115632915807e-04,-1.721607337579200703e-06,-1.746428930350152342e-03,5.682296164173619019e-03,-1.092919194995544352e+00,-2.629744977989005861e-01,-1.745336400450280490e+00,4.406524629576722418e-01,1.576466361430032492e+00,4.715190917720235575e-01
1.401333333333333364e+01,-3.176559578355105801e-02,-8.474739894653134098e-02,1.109371415309401421e-01,-2.621929187404823877e-02,9.255508806599066799e-05,-3.176597111283306629e-02,1.489790617110489934e-01,-1.744511101773760231e-03,-3.416185057251830415e-03,3.800448031812564409e-03,-1.355888900684831810e-04,-1.715976532423724166e-06,-1.744574465357029425e-03,5.676175819067958740e-03,-1.093246976742877408e+00,-2.641718996124393648e-01,-1.743770700898485293e+00,4.402844571048034616e-01,1.576467319854401694e+00,4.711913061661023860e-01
1.402666666666666728e+01,-3.583740375829149588e-02,-8.185965494089483818e-02,1.072655849646873133e-01,-2.546511454678773712e-02,1.042124457283100125e-04,-3.583782816987387404e-02,1.463696047000264122e-01,-1.742658673248520529e-03,-3.411387410078070559e-03,3.797348324217963977e-03,-1.352674082619742535e-04,-1.710572747004590610e-06,-1.742721969548277627e-03,5.670066813492738965e-03,-1.093670518019991711e+00,-2.653018649317262501e-01,-1.742291539011405987e+00,4.399348665464826169e-01,1.576468553922242499e+00,4.707677598845978473e-01
1.404000000000000092e+01,-3.680725092190584302e-02,-8.113727404557471989e-02,1.064180109321098550e-01,-2.534763854813891493e-02,1.069051640652311753e-04,-3.680768750231151742e-02,1.458085871225371366e-01,-1.740808211744493406e-03,-3.406637632640929780e-03,3.794216968013408575e-03,-1.349529178482633540e-04,-1.705308127597504608e-06,-1.740871440833124950e-03,5.663967175238861403e-03,-1.094148350070102360e+00,-2.663933269976048734e-01,-1.740861331211876806e+00,4.395953316858589588e-01,1.576469943421519027e+00,4.702899221756662307e-01
1.405333333333333456e+01,-3.468184602348476503e-02,-8.257417048967267970e-02,1.083969290818877496e-01,-2.587549405180441034e-02,1.006858094949455242e-04,-3.468225774749141704e-02,1.471177373485558493e-01,-1.738959715174459575e-03,-3.401906193480463969e-03,3.791077617914861975e-03,-1.346409300069240089e-04,-1.700092023604327096e-06,-1.739022877121687571e-03,5.657874846865562288e-03,-1.094639113415727838e+00,-2.674751573182123643e-01,-1.739442424399448628e+00,4.392573631718836857e-01,1.576471368823706420e+00,4.697991530089686840e-01
1.406666666666666821e+01,-4.023071304386295621e-02,-8.893682024599804115e-02,1.168601881578145707e-01,-2.799603724984552067e-02,1.165706069729163899e-04,-4.023119184572548218e-02,1.599590958073192903e-01,-1.737113181450311572e-03,-3.397163607241182604e-03,3.787953816934752638e-03,-1.343269792974943755e-04,-1.694834268484157747e-06,-1.737176276328522562e-03,5.651787763498548368e-03,-1.095101538029374488e+00,-2.685761462580744663e-01,-1.737997132011690038e+00,4.389123565845265418e-01,1.576472711301166285e+00,4.693367229056688572e-01
1.408000000000000007e+01,-4.781663486280529618e-02,-9.386698441684653005e-02,1.234671343390815190e-01,-2.970754781223314614e-02,1.382505582161663784e-04,-4.781720550860646402e-02,1.717865455962876986e-01,-1.735268608488826914e-03,-3.392344994009643955e-03,3.784897253219732249e-03,-1.340012668524792616e-04,-1.689336985855049988e-06,-1.735331636369075170e-03,5.645701373698418062e-03,-1.095637947536626022e+00,-2.697619705280209779e-01,-1.736438996169585858e+00,4.385390760878618011e-01,1.576474265575925848e+00,4.688003070143924589e-01
1.409333333333333371e+01,-4.389747888101192680e-02,-9.140360396712074453e-02,1.203487504811114189e-01,-2.903578484114355956e-02,1.268240430646598745e-04,-4.389800336500643274e-02,1.659384126649557645e-01,-1.733425994207671295e-03,-3.387472125113699661e-03,3.781890415036848196e-03,-1.336671163234548487e-04,-1.683667056440185661e-06,-1.733488955161455181e-03,5.639617174733804229e-03,-1.096275502668130120e+00,-2.710135303202454438e-01,-1.734792767711731409e+00,4.381429754503654017e-01,1.576476108916701868e+00,4.681627442742777312e-01
1.410666666666666735e+01,-2.852765791573428494e-02,-8.153280257324174718e-02,1.074472624683237981e-01,-2.593753015617287355e-02,8.259320906007766702e-05,-2.852799804442654116e-02,1.431535830435431422e-01,-1.731585336526730856e-03,-3.382639834110801047e-03,3.778857692338988272e-03,-1.333388606461483050e-04,-1.678113831005134671e-06,-1.731648230625104645e-03,5.633541794145898070e-03,-1.096860802386543376e+00,-2.722322450398069194e-01,-1.733188117705316555e+00,4.377558316524834403e-01,1.576477799903942767e+00,4.675774375627441692e-01
1.412000000000000099e+01,-1.748801369596639232e-03,-6.425537078822506076e-02,8.472889834272434584e-02,-2.038067046197322360e-02,5.736460355178477804e-06,-1.748819093009383596e-03,1.083015573541807608e-01,-1.729746633369000364e-03,-3.377946168440004726e-03,3.775721186740632618e-03,-1.330312573633030127e-04,-1.672975817434974033e-06,-1.729809460682130151e-03,5.627482127655417110e-03,-1.097241171158753303e+00,-2.733193490741170351e-01,-1.731755487539072158e+00,4.374099979170678054e-01,1.576478901146730394e+00,4.671970642554850173e-01
1.413333333333333464e+01,3.214909772628812834e-02,-4.190265497759139424e-02,5.525299745237233912e-02,-1.311610884477829204e-02,-9.155504396576295584e-05,3.214948815050670122e-02,8.395189687047618921e-02,-1.727909882658362761e-03,-3.373504710617591940e-03,3.772390898735267228e-03,-1.327613486150625022e-04,-1.668598162307688426e-06,-1.727972643257746910e-03,5.621446211052924698e-03,-1.097264488510347746e+00,-2.741760873512935071e-01,-1.730625768894502592e+00,4.371382556442413581e-01,1.576478977632868705e+00,4.671737466675782713e-01
1.414666666666666828e+01,5.837811467011096156e-02,-2.453576213023466943e-02,3.232107738121937218e-02,-7.445558216929571219e-03,-1.670426255473642920e-04,5.837881975145224611e-02,9.229415352449926724e-02,-1.726075082321809617e-03,-3.369418659799894300e-03,3.768785253847717343e-03,-1.325445747308862110e-04,-1.665293702046710678e-06,-1.726137776278502400e-03,5.615441393570888215e-03,-1.096835833873996968e+00,-2.747347894176614957e-01,-1.729889062261804389e+00,4.369633741929774828e-01,1.576477756898949423e+00,4.676024065095849558e-01
1.416000000000000014e+01,7.383665878994788434e-02,-1.485966606856317304e-02,1.953471260225066869e-02,-4.273219763391818485e-03,-2.118365064960974463e-04,7.383754757233707000e-02,1.073524828158799183e-01,-1.724242230288552946e-03,-3.365634496364400263e-03,3.764947091296821924e-03,-1.323728079700714488e-04,-1.662898264420675787e-06,-1.724304857673164548e-03,5.609463967243990060e-03,-1.096057459011729129e+00,-2.750619329127310664e-01,-1.729458114563388049e+00,4.368641000834183608e-01,1.576475529663942332e+00,4.683807907729375941e-01
1.417333333333333378e+01,7.852945260817217887e-02,-1.283886509194144716e-02,1.686345043997431944e-02,-3.601811565045410970e-03,-2.257945155091778530e-04,7.853039506362702316e-02,1.131199996600617264e-01,-1.722411324490469298e-03,-3.362029718978032378e-03,3.760973795011501863e-03,-1.322275950066398309e-04,-1.661038507627665695e-06,-1.722473885372721725e-03,5.603505302086266536e-03,-1.095072970227863429e+00,-2.752600617936451499e-01,-1.729197651728691332e+00,4.368071238199062734e-01,1.576472705177188516e+00,4.693652914072354854e-01
1.418666666666666742e+01,7.244889779908424143e-02,-1.842504936825505035e-02,2.425124651936310521e-02,-5.423251791031335513e-03,-2.086601048662885293e-04,7.244976515631680603e-02,1.070274351019468995e-01,-1.720582362859435221e-03,-3.358466462633380445e-03,3.756974805251722671e-03,-1.320882026063507908e-04,-1.659295213229938781e-06,-1.720644857310826836e-03,5.597555636778515052e-03,-1.094025910859754536e+00,-2.754312466615376209e-01,-1.728972805722825079e+00,4.367590996657058078e-01,1.576469694583648717e+00,4.704123633414170058e-01
1.420000000000000107e+01,6.739839758397551950e-02,-3.205879681557792515e-02,4.227219067114514062e-02,-9.804426903297563251e-03,-1.943775144007785910e-04,6.739920265397654486e-02,1.095265522245624373e-01,-1.718755343331324070e-03,-3.354804961091417681e-03,3.753061011431135796e-03,-1.319336240195312371e-04,-1.657244234287702511e-06,-1.718817771422465057e-03,5.591605044321454852e-03,-1.093059925555766476e+00,-2.756769139864476692e-01,-1.728649455769233567e+00,4.366867896418256123e-01,1.576466912448917235e+00,4.713783602101679904e-01
1.421333333333333471e+01,6.950635238528118931e-02,-4.063708285110273488e-02,5.362006807398515124e-02,-1.254155083271410280e-02,-2.008023959519819287e-04,6.950718045187015415e-02,1.197756076088686977e-01,-1.716930263844673732e-03,-3.350910099873871673e-03,3.749343129142879150e-03,-1.317435625773910601e-04,-1.654476402990212591e-06,-1.716992625645730186e-03,5.585646310722507286e-03,-1.092161280254646982e+00,-2.761043646106555727e-01,-1.728085826560284977e+00,4.365560639497818585e-01,1.576464320748725001e+00,4.722770162455542931e-01
1.422666666666666835e+01,7.005773451915642269e-02,-3.711848952991929351e-02,4.899173778377031996e-02,-1.143756648039228122e-02,-2.027825351275373725e-04,7.005856698987804332e-02,1.171542600951336055e-01,-1.715107122338910273e-03,-3.346877180857799061e-03,3.745741987162265474e-03,-1.315323604389462275e-04,-1.651281611003696526e-06,-1.715169417919604200e-03,5.579683858425573025e-03,-1.091234528889510003e+00,-2.766461923820036084e-01,-1.727370892319298523e+00,4.363888432720122168e-01,1.576461643383446187e+00,4.732037786515794764e-01
1.424000000000000021e+01,6.909347879174897178e-02,-2.140834585053976932e-02,2.823826548616669221e-02,-6.450312696121127468e-03,-2.001665874956158435e-04,6.909429774517762690e-02,1.041407427605025859e-01,-1.713285916756568383e-03,-3.342907745381484830e-03,3.742097599110927320e-03,-1.313303021417411287e-04,-1.648270698595410977e-06,-1.713348146187509968e-03,5.573731918836858333e-03,-1.090300425762587899e+00,-2.771411055757360131e-01,-1.726717669148848167e+00,4.362363423856070455e-01,1.576458939616310673e+00,4.741378928781112556e-01
1.425333333333333385e+01,6.665258483085535757e-02,7.944197773394575876e-03,-1.052802082874518610e-02,2.649029967540679747e-03,-1.887030747437108669e-04,6.665337298708572111e-02,9.521681398073864044e-02,-1.711466645041070933e-03,-3.338154447594998686e-03,3.736878945626020965e-03,-1.310102003992952291e-04,-1.642881252816863480e-06,-1.711528808393758538e-03,5.566251402962202159e-03,-1.089379179378697771e+00,-2.774265501870765149e-01,-1.726341158942365839e+00,4.361503382163256504e-01,1.576456270728477271e+00,4.750591501813801187e-01
1.426666666666666750e+01,6.372530953066264658e-02,4.019632227458552060e-02,-5.329041022996153232e-02,1.351563693690189388e-02,-1.910240969370589448e-04,6.372606139522897506e-02,1.129612635137503401e-01,-1.709649305139393505e-03,-3.312643686021132794e-03,3.703782275259470680e-03,-1.275749223967892476e-04,-1.574766660183968270e-06,-1.709711402483549136e-03,5.527558502641321050e-03,-1.088490478247619464e+00,-2.773206275500976759e-01,-1.726481532553415743e+00,4.361856586158929794e-01,1.576453754687480391e+00,4.759478618212078516e-01
1.428000000000000114e+01,6.187012199714092553e-02,6.952677706365238686e-02,-9.198303878789203247e-02,2.253270357099727839e-02,-1.809119266997273340e-04,6.187085036261578269e-02,1.464872749879375102e-01,-1.707833895000732127e-03,-3.333646661471512118e-03,3.729153244827365654e-03,-1.311192612871714402e-04,-1.647156272710503799e-06,-1.707895926405633702e-03,5.556130314265247776e-03,-1.087640807453877478e+00,-2.767846765864363512e-01,-1.727192071356481895e+00,4.363658671083849860e-01,1.576451207699521184e+00,4.767975426398107786e-01
1.429333333333333478e+01,6.087663849422877277e-02,8.536763265497471220e-02,-1.128336036300687517e-01,2.747093297650405122e-02,-1.782110860006808116e-04,6.087735357324762508e-02,1.678861400577550400e-01,-1.706020412576059186e-03,-3.332626162744212195e-03,3.724735947636226285e-03,-1.313582875956953444e-04,-1.653016648894833907e-06,-1.706082378111428710e-03,5.551444449999783960e-03,-1.086815872493915869e+00,-2.758576528922542792e-01,-1.728418511873653696e+00,4.366663031559983033e-01,1.576448795540498438e+00,4.776224873113124048e-01
1.430666666666666842e+01,6.071369648077964282e-02,8.929814913203619475e-02,-1.179142884060139784e-01,2.860518111746599215e-02,-1.780346555026126221e-04,6.071440802837975437e-02,1.734030542245505735e-01,-1.704208855817235246e-03,-3.331266621604545008e-03,3.719052312381787573e-03,-1.315462455409033282e-04,-1.657845730029805509e-06,-1.704270755554126993e-03,5.545706555714986254e-03,-1.086004183980659565e+00,-2.747194177901879364e-01,-1.729922959922054693e+00,4.370325822623515322e-01,1.576446419392684817e+00,4.784341853589557658e-01
1.432000000000000028e+01,6.135168602242854763e-02,8.136016746196554628e-02,-1.073344465973269241e-01,2.599672415062381087e-02,-1.801405147386854521e-04,6.135240336005839956e-02,1.623088696553954269e-01,-1.702399222679673585e-03,-3.330011999818971447e-03,3.713291183855105260e-03,-1.317498747144263405e-04,-1.662985919637094412e-06,-1.702461056687365470e-03,5.539982752045465551e-03,-1.085194668027582576e+00,-2.735287758017608262e-01,-1.731495150434134933e+00,4.374139846772511220e-01,1.576444045597278354e+00,4.792437107993343659e-01
1.433333333333333393e+01,6.127597167887610663e-02,7.297664819752588961e-02,-9.619568688691829128e-02,2.327185575650595611e-02,-1.801522739669883023e-04,6.127668647610454850e-02,1.504340057755099436e-01,-1.700591511122340194e-03,-3.328555057423354668e-03,3.707696440923946568e-03,-1.319229671770116852e-04,-1.667508570779574484e-06,-1.700653279470110135e-03,5.534250733646437111e-03,-1.084376645547283857e+00,-2.724439735689347941e-01,-1.732926276388766063e+00,4.377606076659259493e-01,1.576441643723748953e+00,4.800617428441351642e-01
1.434666666666666757e+01,6.066429099840500716e-02,7.250736419901171459e-02,-9.549974432770325095e-02,2.304341718551180043e-02,-1.786277726062174157e-04,6.066499705826154665e-02,1.492278395060035456e-01,-1.698785719102868796e-03,-3.326889162417856483e-03,3.702273731805760804e-03,-1.320644394189329773e-04,-1.671392404034577339e-06,-1.698847421861771068e-03,5.528509887495742722e-03,-1.083559632591565514e+00,-2.714709515929678574e-01,-1.734208885547258383e+00,4.380708990760124877e-01,1.576439241693429416e+00,4.808787653304831267e-01
1.436000000000000121e+01,6.110109126622749465e-02,7.269507293355596811e-02,-9.567058309262119198e-02,2.302829674847813382e-02,-1.801948498652564058e-04,6.110180073919824206e-02,1.497816491660897420e-01,-1.696981844583334009e-03,-3.325214070986959314e-03,3.696864479204808873e-03,-1.322043356717372831e-04,-1.675241073417765847e-06,-1.697043481822646527e-03,5.522774696503664899e-03,-1.082750775378253483e+00,-2.705041867369808450e-01,-1.735482215471627843e+00,4.383781446384857894e-01,1.576436859989794215e+00,4.816876319579268539e-01
1.437333333333333485e+01,6.259080675732835164e-02,7.353702239134297935e-02,-9.670180730197137919e-02,2.322286513486310558e-02,-1.848859081503043090e-04,6.259153173101653089e-02,1.520972642110686446e-01,-1.695179885528919073e-03,-3.323546141956068567e-03,3.691455668772825049e-03,-1.323451212700277324e-04,-1.679104096652395128e-06,-1.695241457317919753e-03,5.517046347970249245e-03,-1.081936094161370487e+00,-2.695349190978668652e-01,-1.736757823246196208e+00,4.386851885951319474e-01,1.576434457391796329e+00,4.825023226344495875e-01
1.438666666666666671e+01,6.513798333296609566e-02,7.503033252275530252e-02,-9.858682916039715471e-02,2.362341536436683015e-02,-1.927345467753168514e-04,6.513873582809526219e-02,1.561826762494087639e-01,-1.693379839903919049e-03,-3.321901713835284653e-03,3.686034266221938083e-03,-1.324892665337529252e-04,-1.683030988797185046e-06,-1.693441346312773987e-03,5.511326040262788314e-03,-1.081101550071272843e+00,-2.685544254659824048e-01,-1.738047180676889125e+00,4.389948267969301376e-01,1.576431992246353886e+00,4.833368763908629795e-01
1.440000000000000036e+01,7.113833134101510414e-02,7.590766324112493968e-02,-9.966336865319029570e-02,2.385312377623825808e-02,-2.108658655220632487e-04,7.113915069252549350e-02,1.624352711561298512e-01,-1.691581705678402159e-03,-3.320297199821631295e-03,3.680587141078550673e-03,-1.326392612353011202e-04,-1.687071541134343988e-06,-1.691643146775057005e-03,5.505614990268067020e-03,-1.080233043626833478e+00,-2.675540210323457124e-01,-1.739361671732361003e+00,4.393098056684552333e-01,1.576429422452396700e+00,4.842053928685707831e-01
1.441333333333333400e+01,7.644879192965468861e-02,7.633377395302505530e-02,-1.001446204676103569e-01,2.393648135604138291e-02,-2.270387761103919810e-04,7.644966968617966652e-02,1.676835308653084056e-01,-1.689785480821104358e-03,-3.318717282922101219e-03,3.675126440498388547e-03,-1.327928030172564888e-04,-1.691179402740772275e-06,-1.689846856675725206e-03,5.499912082610757674e-03,-1.079284532542286623e+00,-2.665419188557973662e-01,-1.740690516647736885e+00,4.396278473188051095e-01,1.576426610907523340e+00,4.851539148778045707e-01
1.442666666666666764e+01,7.659811967984500591e-02,7.767196589960052855e-02,-1.018120965905484065e-01,2.426151790851217155e-02,-2.279289361026731232e-04,7.659899653336399439e-02,1.694756286611824314e-01,-1.687991163305646580e-03,-3.317150643093569329e-03,3.669661154653613977e-03,-1.329481874039473155e-04,-1.695320104300179764e-06,-1.688052473986623170e-03,5.494216486081007593e-03,-1.078265215316557946e+00,-2.655241352030905944e-01,-1.742025778253971646e+00,4.399470004035523907e-01,1.576423583723841837e+00,4.861732438069537032e-01
1.444000000000000128e+01,7.157616546751487119e-02,7.994463607809822181e-02,-1.046909389549950942e-01,2.483084745749708847e-02,-2.133899213177631012e-04,7.157698268681453313e-02,1.679713248481290722e-01,-1.686198751105649762e-03,-3.315620365649252221e-03,3.664172809718646562e-03,-1.331089183405076426e-04,-1.699563517476576635e-06,-1.686259996683148188e-03,5.488529918465558620e-03,-1.077243907054159955e+00,-2.644885089910959941e-01,-1.743383272875179024e+00,4.402704873089993143e-01,1.576420544671360169e+00,4.871945637607320023e-01
1.445333333333333492e+01,6.137111925808792778e-02,8.317175800607258529e-02,-1.088027676203608268e-01,2.564594800242994688e-02,-1.832797050561111825e-04,6.137181861744869793e-02,1.641531181899023029e-01,-1.684408242198287553e-03,-3.314150426284800943e-03,3.658642164943159969e-03,-1.332786466394786373e-04,-1.703982557721417379e-06,-1.684469422741585731e-03,5.482854183989138708e-03,-1.076289558181259487e+00,-2.634225805100545159e-01,-1.744779152061245675e+00,4.406015652750991940e-01,1.576417699472409062e+00,4.881489235298897000e-01
1.446666666666666679e+01,4.840181550723295784e-02,8.748577888563227600e-02,-1.143187796080409324e-01,2.675857559646178593e-02,-1.447614479356796290e-04,4.840236659435448452e-02,1.616295518723492863e-01,-1.682619634562954047e-03,-3.312765849569299093e-03,3.653049080278414351e-03,-1.334611952117370492e-04,-1.708653709187046843e-06,-1.682680750140441717e-03,5.477191187883656727e-03,-1.075471276591151604e+00,-2.623136237366403556e-01,-1.746229855629517047e+00,4.409435112484647590e-01,1.576415255743008004e+00,4.889672144447891888e-01
1.448000000000000043e+01,3.886467679323078045e-02,9.119637075617308131e-02,-1.190354925596334296e-01,2.769676921657202376e-02,-1.163817357684328432e-04,3.886511919475274524e-02,1.620935276006448822e-01,-1.680832926180819697e-03,-3.311495893763005682e-03,3.647369957960666653e-03,-1.336610446633912375e-04,-1.713666774261213277e-06,-1.680893976862218864e-03,5.471543179336413494e-03,-1.074825919051055401e+00,-2.611471466848320766e-01,-1.747754106024290932e+00,4.413002922564177588e-01,1.576413325590369396e+00,4.896125793327139597e-01
1.449333333333333407e+01,3.343489562389116709e-02,9.332742571316966773e-02,-1.216839831552369577e-01,2.817536375864975601e-02,-1.002252053533797511e-04,3.343527614374690315e-02,1.629314925083064636e-01,-1.679048115034387223e-03,-3.310326206658054105e-03,3.641616069610442707e-03,-1.338760604312483338e-04,-1.718979487641547621e-06,-1.679109100888531714e-03,5.465909155178706388e-03,-1.074307723360479194e+00,-2.599311950747495992e-01,-1.749341245925086108e+00,4.416695825126386588e-01,1.576411773833892305e+00,4.901307809219774825e-01
1.450666666666666771e+01,3.212392350243384320e-02,9.387018625306514652e-02,-1.222610447820660917e-01,2.820011872355855653e-02,-9.637815867411816083e-05,3.212428876100228287e-02,1.631519148301675826e-01,-1.677265199109712057e-03,-3.309215892560057881e-03,3.635820009888490745e-03,-1.341000600483255312e-04,-1.724468664310307986e-06,-1.677326120204991611e-03,5.460286094101774942e-03,-1.073861924752160579e+00,-2.586868293985737921e-01,-1.750963699033822651e+00,4.420452540294208532e-01,1.576410437497821171e+00,4.905765846038940836e-01
1.452000000000000135e+01,3.494488374693005550e-02,9.281841556998031428e-02,-1.207672320941440280e-01,2.777795709099106086e-02,-1.049217902825252187e-04,3.494528026074043836e-02,1.625236168620474153e-01,-1.675484176394181901e-03,-3.308122950521408256e-03,3.630015370771566552e-03,-1.343266687925392944e-04,-1.730007195277494247e-06,-1.675545032800318523e-03,5.454670849553363426e-03,-1.073433605772128097e+00,-2.574352269151995998e-01,-1.752593846297583635e+00,4.424212556124018647e-01,1.576409152455705787e+00,4.910049084540406561e-01
1.453333333333333499e+01,3.401293891632173327e-02,9.816439353502440235e-02,-1.275851066891208474e-01,2.922350517625352251e-02,-1.022445640778762516e-04,3.401332441802415452e-02,1.705345055037310598e-01,-1.673705044877404902e-03,-3.307004906677679656e-03,3.624236243287004555e-03,-1.345494141080649797e-04,-1.735465888330622874e-06,-1.673765836662788331e-03,5.449060195102599369e-03,-1.072967673988835635e+00,-2.561976480409331458e-01,-1.754204076058838879e+00,4.427916283736150760e-01,1.576407753498502373e+00,4.914708455241836305e-01
1.454666666666666686e+01,3.032267165436001999e-02,1.045812379283684590e-01,-1.357661972379356208e-01,3.094120933481848967e-02,-9.126938261850386610e-05,3.032301525483466556e-02,1.793488557941878281e-01,-1.671927802551209652e-03,-3.306033176726064227e-03,3.618344790613292616e-03,-1.347944656742150471e-04,-1.741367039898022995e-06,-1.671988529784229627e-03,5.443467203022454327e-03,-1.072514168136617929e+00,-2.548887894604661142e-01,-1.755905210814693751e+00,4.431812751092985003e-01,1.576406390237647948e+00,4.919243565164239662e-01
1.456000000000000050e+01,3.227271246887247064e-02,1.013980786126921219e-01,-1.314813597256453137e-01,2.986314838995810655e-02,-9.718954381226681814e-05,3.227307749686765537e-02,1.747678885849333064e-01,-1.670152447409201102e-03,-3.305239705930329563e-03,3.612314960685480969e-03,-1.350667786841341922e-04,-1.747809393659593979e-06,-1.670213110158691450e-03,5.437894446320676138e-03,-1.072109865847893140e+00,-2.534943729547545210e-01,-1.757715426777866297e+00,4.435938245670962843e-01,1.576405173312545926e+00,4.923286633864885076e-01
1.457333333333333414e+01,3.987186967304597734e-02,8.859922910433801202e-02,-1.147679202659573072e-01,2.604156519443650425e-02,-1.200885104157791610e-04,3.987231921973233284e-02,1.577315576866821223e-01,-1.668378977448092826e-03,-3.304362150572170975e-03,3.606357766031909051e-03,-1.353262848118319539e-04,-1.753993428721400960e-06,-1.668439575782443285e-03,5.432321867216114396e-03,-1.071679563014974690e+00,-2.521423985732518247e-01,-1.759468511574208138e+00,4.439919998789623179e-01,1.576403877451961755e+00,4.927589710864466177e-01
1.458666666666666778e+01,5.311788991178441333e-02,6.616114622968451153e-02,-8.564526226358373795e-02,1.951535779799067061e-02,-1.600416225893087289e-04,5.311848658445363081e-02,1.331779518825526865e-01,-1.666607390665930666e-03,-3.303144048409034639e-03,3.600680300218428442e-03,-1.355336377866223074e-04,-1.759134195644662668e-06,-1.666667924653086885e-03,5.426729572784664245e-03,-1.071147938086000728e+00,-2.509610755185271991e-01,-1.760998750511087563e+00,4.443392207482212974e-01,1.576402276271823055e+00,4.932906020093765775e-01
1.460000000000000142e+01,7.183483286434982906e-02,4.012845551217879975e-02,-5.195502661919820103e-02,1.205320592824254272e-02,-2.166794981289071854e-04,7.183563658767234961e-02,1.215547051847572224e-01,-1.664837685062980910e-03,-3.301356410024602894e-03,3.595468188974493273e-03,-1.356535504877243170e-04,-1.762528042625888247e-06,-1.664898154771332628e-03,5.421099613507386790e-03,-1.070439699553843660e+00,-2.500789269021312933e-01,-1.762140687341268608e+00,4.445994255188612243e-01,1.576400142383521441e+00,4.939988484971693516e-01
1.461333333333333506e+01,8.675063805437666087e-02,2.043916190476858727e-02,-2.651064780320730105e-02,6.444919447976797493e-03,-2.621442103951905438e-04,8.675160486905483803e-02,1.273330029599203383e-01,-1.663069858641286203e-03,-3.298955954389448664e-03,3.590757390464549559e-03,-1.356791623030595417e-04,-1.764038808360623989e-06,-1.663130264139667247e-03,5.415428385946210663e-03,-1.069481901782318722e+00,-2.495438808286354337e-01,-1.762833421029524672e+00,4.447601349312377828e-01,1.576397253323546188e+00,4.949566569850047948e-01
1.462666666666666693e+01,9.338942618098020065e-02,6.019820578832523091e-03,-7.885940347722684984e-03,2.320078072400717523e-03,-2.827935305099453143e-04,9.339046293007124966e-02,1.324660428869144924e-01,-1.661303909405553725e-03,-3.296127645400215300e-03,3.586399133653550564e-03,-1.356387200064368415e-04,-1.764230554979207000e-06,-1.661364250761909744e-03,5.409730032878978800e-03,-1.068325226608260348e+00,-2.492713586699051298e-01,-1.763186896333567510e+00,4.448460671905443142e-01,1.576393758067407447e+00,4.961133450499257691e-01
1.464000000000000057e+01,9.176861959506459054e-02,-3.078706795226470241e-03,3.869856189081014378e-03,-3.202889853007442130e-04,-2.784692130925502714e-04,9.176963456720173273e-02,1.298760167373996521e-01,-1.659539835363155191e-03,-3.293006254918129372e-03,3.582284765211607436e-03,-1.355528595743393794e-04,-1.763515507402502180e-06,-1.659600112645431835e-03,5.404014898274497707e-03,-1.067080034259180632e+00,-2.491910943955208957e-01,-1.763292042204870569e+00,4.448770015648428888e-01,1.576389987487000433e+00,4.973585512223266392e-01
1.465333333333333421e+01,8.191885087314602909e-02,-6.800395730829239017e-03,8.690600260246556658e-03,-1.464240242624938486e-03,-2.490400996839933876e-04,8.191975404281433282e-02,1.163852317360350580e-01,-1.657777634522794585e-03,-3.289709829008113928e-03,3.578318942863312202e-03,-1.354396936887880543e-04,-1.762255244397437082e-06,-1.657837847798493414e-03,5.398292067609365870e-03,-1.065856452664579734e+00,-2.492321438194573524e-01,-1.763240444122349482e+00,4.448727310450388828e-01,1.576386274564159251e+00,4.985821463498893991e-01
1.466666666666666785e+01,7.032708119648373168e-02,-1.334923564590262575e-02,1.716705866723759397e-02,-3.438876725609252370e-03,-2.140976266060617224e-04,7.032785461071645872e-02,1.018660256921057883e-01,-1.656017304894064068e-03,-3.286345946964974729e-03,3.574414702836481439e-03,-1.353157459269560547e-04,-1.760779106962928608e-06,-1.656077454232018908e-03,5.392569837373436051e-03,-1.064764201319604364e+00,-2.493228157625351216e-01,-1.763124569452212853e+00,4.448532078418039326e-01,1.576382954029496908e+00,4.996744097371270676e-01
1.468000000000000149e+01,6.419135046271318146e-02,-2.345854038941964925e-02,3.024051303782994762e-02,-6.410748254519722973e-03,-1.956506127479055144e-04,6.419205473189892874e-02,9.872728641701981889e-02,-1.654258844490996694e-03,-3.282863565345905954e-03,3.570613300551528368e-03,-1.351731749528184423e-04,-1.758931573725419639e-06,-1.654318929959597284e-03,5.386844239294243282e-03,-1.063826506903651214e+00,-2.495008055711469552e-01,-1.762895675336649592e+00,4.448073561521290742e-01,1.576380099394475209e+00,5.006121144652699861e-01
1.469333333333333513e+01,6.065741682200607304e-02,-2.925896281138273131e-02,3.775049228849342714e-02,-8.125489784386822484e-03,-1.851057888488622601e-04,6.065808078235018080e-02,9.851887839864716112e-02,-1.652502251329401872e-03,-3.279203300432076418e-03,3.566962710421783811e-03,-1.350028629576449646e-04,-1.756531969654417935e-06,-1.652562272995261594e-03,5.381110654715388388e-03,-1.062970622230815287e+00,-2.498135861096724142e-01,-1.762492468496145159e+00,4.447218795087355403e-01,1.576377490719638175e+00,5.014680085283620414e-01
1.470666666666666700e+01,5.973384524483729696e-02,-3.075927334997681506e-02,3.970427205936377657e-02,-8.580650060868664705e-03,-1.825395438873970695e-04,5.973449751085574411e-02,9.865376553149575456e-02,-1.650747523425533103e-03,-3.275446873250320579e-03,3.563396817290787055e-03,-1.348173739819102934e-04,-1.753830267681166788e-06,-1.650807481356597606e-03,5.375375393757150962e-03,-1.062161856673188520e+00,-2.502037056138242122e-01,-1.761989128598965282e+00,4.446135396449437671e-01,1.576375022642453771e+00,5.022767829387935201e-01
1.472000000000000064e+01,6.142718466687513423e-02,-2.796843294810831895e-02,3.610640022984126091e-02,-7.771491728441998724e-03,-1.880188549673991792e-04,6.142785363379354990e-02,9.845312098688654978e-02,-1.648994658798752511e-03,-3.271669655500186735e-03,3.559854666895123643e-03,-1.346282910184015691e-04,-1.751056591725586031e-06,-1.649054553062967443e-03,5.369644283451367218e-03,-1.061365405403257078e+00,-2.506138292584907390e-01,-1.761459738304840483e+00,4.444991309774657395e-01,1.576372588781868700e+00,5.030732429056050670e-01
1.473333333333333428e+01,6.266585869676322140e-02,-2.499694237168886488e-02,3.227182384294186718e-02,-6.909340275307910943e-03,-1.921227226964681276e-04,6.266653931326016114e-02,9.781716941297702306e-02,-1.647243655471086754e-03,-3.267944920867460468e-03,3.556277056468104547e-03,-1.344468630790629504e-04,-1.748434129034137641e-06,-1.647303486135953676e-03,5.363923000950330568e-03,-1.060546376274365432e+00,-2.509867416977988874e-01,-1.760978319635109202e+00,4.443955110877531034e-01,1.576370081863802675e+00,5.038922809540555825e-01
1.474666666666666792e+01,6.216097371211175976e-02,-2.488445725645436341e-02,3.213619595560589931e-02,-6.889572495016057715e-03,-1.908584156475536420e-04,6.216164710149288397e-02,9.709547344110690259e-02,-1.645494511465450671e-03,-3.264276180727332388e-03,3.552661171310145249e-03,-1.342736234168917520e-04,-1.745973327693661759e-06,-1.645554278598915232e-03,5.358211819968026514e-03,-1.059710831491742056e+00,-2.513200342627546213e-01,-1.760548028650536612e+00,4.443033865507488578e-01,1.576367520227499597e+00,5.047278348115655788e-01
1.476000000000000156e+01,6.234297923863382079e-02,-2.504965970736370770e-02,3.235903781504655824e-02,-6.946049913422173115e-03,-1.917061501850136874e-04,6.234365281690565364e-02,9.744873137871884472e-02,-1.643747224808755902e-03,-3.260613929631173136e-03,3.549046993362559022e-03,-1.341009735824627569e-04,-1.743523469599495002e-06,-1.643806928476543305e-03,5.352506891855860795e-03,-1.058882018508914058e+00,-2.516518270261740575e-01,-1.760119546037795191e+00,4.442115255841487809e-01,1.576364975448623973e+00,5.055566567729190552e-01
1.477333333333333343e+01,6.320980459218150660e-02,-2.549574577957828062e-02,3.294490380452693573e-02,-7.080147303047536027e-03,-1.946722407574777111e-04,6.321048567476419966e-02,9.887674660142257987e-02,-1.642001793527469999e-03,-3.256953343278468083e-03,3.545438409914947187e-03,-1.339281739820563644e-04,-1.741069898031355478e-06,-1.642061433797969983e-03,5.346807835355377181e-03,-1.058050778785732504e+00,-2.519858224889390819e-01,-1.759688092200261345e+00,4.441189115853032554e-01,1.576362419366621026e+00,5.063879054771445176e-01
1.478666666666666707e+01,6.475932645933943355e-02,-2.622597877287049378e-02,3.389845104292855960e-02,-7.293278004911072677e-03,-1.997630463858582534e-04,6.476002225893529030e-02,1.013793351797179360e-01,-1.640258215651613227e-03,-3.253289580936069569e-03,3.541839318269790482e-03,-1.337544831798709311e-04,-1.738597941614017373e-06,-1.640317792592771440e-03,5.341114266992567916e-03,-1.057207981391170115e+00,-2.523257657660002984e-01,-1.759248826816200983e+00,4.440245096212627196e-01,1.576359823736744659e+00,5.072307119528081110e-01
1.480000000000000071e+01,6.721740520645987094e-02,-2.733772487574536239e-02,3.534600012748242981e-02,-7.612915642209468377e-03,-2.076921357299492963e-04,6.721812525671506944e-02,1.053145121657477479e-01,-1.638516489213426297e-03,-3.249617803315896225e-03,3.538253611225172790e-03,-1.335791606562608536e-04,-1.736092973381175852e-06,-1.638576002892300210e-03,5.335425802486137847e-03,-1.056344523705045724e+00,-2.526754454829718277e-01,-1.758796847468961921e+00,4.439272659145307998e-01,1.576357160229459708e+00,5.080941789162607414e-01
1.481333333333333435e+01,6.921346467102408584e-02,-2.827035810388271037e-02,3.656333032071170525e-02,-7.884509029217107515e-03,-2.142232878630383772e-04,6.921420383791715425e-02,1.085329965973295951e-01,-1.636776612246038098e-03,-3.245931586504546829e-03,3.534686455979318964e-03,-1.334012238336512723e-04,-1.733535603953839654e-06,-1.636836062729685182e-03,5.329741933026927239e-03,-1.055448291635626035e+00,-2.530399484813150579e-01,-1.758325567467262207e+00,4.438257603726345479e-01,1.576354391000982957e+00,5.089904205863504671e-01
1.482666666666666799e+01,6.983803688640494167e-02,-2.864359811850078139e-02,3.705831570574563000e-02,-8.002194770239797958e-03,-2.165196533542795105e-04,6.983878046287270158e-02,1.096022952803006878e-01,-1.635038582787018413e-03,-3.242234143319588924e-03,3.531135245226302288e-03,-1.332211672782079859e-04,-1.730935680122058784e-06,-1.635097970142496138e-03,5.324062901103095852e-03,-1.054525445440012366e+00,-2.534168865893668965e-01,-1.757838056396319404e+00,4.437206335855785611e-01,1.576351534690478395e+00,5.099132766375227277e-01
1.484000000000000163e+01,6.909572816381273630e-02,-2.845038712235744768e-02,3.682086932804861518e-02,-7.962903783812525643e-03,-2.145675939779803881e-04,6.909646166517986743e-02,1.085227878675398272e-01,-1.633302398873937022e-03,-3.238535055162472531e-03,3.527592240522903211e-03,-1.330404603407941977e-04,-1.728322293725881309e-06,-1.633361723168746948e-03,5.318389447471798086e-03,-1.053594271614860300e+00,-2.537988012309471131e-01,-1.757343945520242867e+00,4.436139376553085434e-01,1.576348647761767197e+00,5.108444603770276871e-01
1.485333333333333350e+01,6.699115671024016838e-02,-2.768369061811676995e-02,3.584090125409283151e-02,-7.763551332666700222e-03,-2.083537368194739127e-04,6.699186587358854639e-02,1.052948158273742801e-01,-1.631568058547472333e-03,-3.234843916611218617e-03,3.524049700142306563e-03,-1.328605728634357774e-04,-1.725724493084612732e-06,-1.631627319847783752e-03,5.312722315762639751e-03,-1.052672995239342768e+00,-2.541781397259117448e-01,-1.756853000595868908e+00,4.435077656048576067e-01,1.576345786860514409e+00,5.117657465325633481e-01
1.486666666666666714e+01,6.730850476469618648e-02,-2.004733078131318291e-02,2.594160721910964557e-02,-5.518480322445232060e-03,-2.097072327114620014e-04,6.730921518858744290e-02,1.008281970567822539e-01,-1.629835559849190929e-03,-3.231170408072969735e-03,3.520499820740763397e-03,-1.326829862566825113e-04,-1.723171498824171977e-06,-1.629894758222061313e-03,5.307062258258599813e-03,-1.051779779816539584e+00,-2.545472556008201437e-01,-1.756375121912481019e+00,4.434042515870886270e-01,1.576343008810690449e+00,5.126589714108780171e-01
1.488000000000000078e+01,6.855083482034060594e-02,-1.279133279367640486e-02,1.652735339981651480e-02,-3.372527567965054058e-03,-2.139611994391802383e-04,6.855155614636743167e-02,9.923066124584047076e-02,-1.628104900824212109e-03,-3.227632946670944136e-03,3.516847234505515729e-03,-1.325258160771447535e-04,-1.721020604694700751e-06,-1.628164036336254838e-03,5.301418551711445208e-03,-1.050882333086343934e+00,-2.548145533445711486e-01,-1.756029233816226220e+00,4.433306718494560705e-01,1.576340212714254285e+00,5.135564276133925965e-01
1.489333333333333442e+01,6.616969725554014414e-02,-1.582351946155492045e-02,2.046936229089199588e-02,-4.287787818851813981e-03,-2.068269957589578074e-04,6.617039158375803698e-02,9.718413460935575177e-02,-1.626376079518543349e-03,-3.224228593319278247e-03,3.513094356123680484e-03,-1.323886016364461682e-04,-1.719262313848446411e-06,-1.626435152236815895e-03,5.295790982579800382e-03,-1.049968321955406125e+00,-2.549851044484867657e-01,-1.755808869104228620e+00,4.432857048152163415e-01,1.576337359898261958e+00,5.144704483620108348e-01
1.490666666666666806e+01,6.014045418587322944e-02,-2.913490099583471507e-02,3.776552940082206211e-02,-8.272466863816912985e-03,-1.881594411102161966e-04,6.014108379775923163e-02,9.786404328966737121e-02,-1.624649093980856662e-03,-3.220773847889990549e-03,3.509388946186575708e-03,-1.322432726769129374e-04,-1.717343082852096359e-06,-1.624708103972416495e-03,5.290165147610294098e-03,-1.049086059325332165e+00,-2.551960847079741690e-01,-1.755535944273683313e+00,4.432285343109647613e-01,1.576334602204985558e+00,5.153527202497940607e-01
1.492000000000000171e+01,5.044628850574303658e-02,-5.271746592733564385e-02,6.842354062023540962e-02,-1.534714481919179606e-02,-1.578543214232974257e-04,5.044681587861757355e-02,1.130759972460673862e-01,-1.622923942261600416e-03,-3.217093501567180880e-03,3.505872023993994446e-03,-1.320630403158773447e-04,-1.714735471836092984e-06,-1.622982889593060918e-03,5.284527265107307435e-03,-1.048284186602853829e+00,-2.555845500545852467e-01,-1.755032403881672254e+00,4.431182347527804488e-01,1.576332093412437629e+00,5.161546013670976762e-01
1.493333333333333357e+01,3.765950021058808717e-02,-8.214275635250006813e-02,1.067284154174142768e-01,-2.423861958153309196e-02,-1.177004970039674693e-04,3.765989398943807992e-02,1.468414695606476694e-01,-1.621200622414775694e-03,-3.213045113071189007e-03,3.502658105156264412e-03,-1.318261530398601167e-04,-1.711011928584582620e-06,-1.621259507151862067e-03,5.278866129206439932e-03,-1.047611569422777222e+00,-2.562874496002831570e-01,-1.754120090006735744e+00,4.429136061551912640e-01,1.576329988688152106e+00,5.168272255788126657e-01
1.494666666666666721e+01,2.730564556259670872e-02,-1.046858672000429147e-01,1.361718436153462608e-01,-3.115823168369498061e-02,-8.513467948936122266e-05,2.730593158785665428e-02,1.787846654891483422e-01,-1.619479132493495399e-03,-3.208598525062722473e-03,3.499771086939329479e-03,-1.315280797387075040e-04,-1.706084121977369250e-06,-1.619537954704153293e-03,5.273179358774282219e-03,-1.047109442753302755e+00,-2.573826863516499586e-01,-1.752697044467836918e+00,4.425904245607705789e-01,1.576328419348191900e+00,5.173293574986717047e-01
1.496000000000000085e+01,2.157345037463675314e-02,-1.184162184862552619e-01,1.542268025118187225e-01,-3.549482452104062158e-02,-6.709660476268634985e-05,2.157367681281661259e-02,1.999975794244237548e-01,-1.617759470555757417e-03,-3.203895940963708000e-03,3.497096015666834035e-03,-1.311906696570552810e-04,-1.700382414426826472e-06,-1.617818230305712035e-03,5.267478064245198488e-03,-1.046745367479134714e+00,-2.587784979143172848e-01,-1.750881419886298973e+00,4.421749814716546823e-01,1.576327284219131819e+00,5.176934365865095700e-01
1.497333333333333449e+01,2.045390512908902558e-02,-1.233477229628908295e-01,1.608673106561978594e-01,-3.720426855812189459e-02,-6.359320933972476681e-05,2.045411978915053636e-02,2.081197907271376268e-01,-1.616041634660447812e-03,-3.199061715573936482e-03,3.494532439354713915e-03,-1.308330142535396590e-04,-1.694282389941292877e-06,-1.616100332014980268e-03,5.261771928358325266e-03,-1.046457721474139291e+00,-2.603573808274672885e-01,-1.748825062519474782e+00,4.417017171447072954e-01,1.576326389597735300e+00,5.179810856106805694e-01
1.498666666666666814e+01,2.393032910672556607e-02,-1.194958677802498426e-01,1.560548025630587310e-01,-3.623092003037792219e-02,-7.459948127216733667e-05,2.393057943498817786e-02,2.027076274690494118e-01,-1.614325622867784915e-03,-3.194191010750913051e-03,3.492003649847585933e-03,-1.304696877859612414e-04,-1.688070616623349451e-06,-1.614384257894840857e-03,5.256068363473815307e-03,-1.046185002739084879e+00,-2.620020171336392423e-01,-1.746680165044058874e+00,4.412056602305991504e-01,1.576325541688277099e+00,5.182538072078690661e-01
1.500000000000000178e+01,2.534685008648692589e-02,-1.240978048498622421e-01,1.622818791345982947e-01,-3.784303717652657412e-02,-7.910509996799524896e-05,2.534711474362491210e-02,2.108381232593029009e-01,-1.612611433242427950e-03,-3.189367594159442376e-03,3.489442411496845864e-03,-1.301134564073436195e-04,-1.681998091918046612e-06,-1.612670006006400314e-03,5.250373940718893427e-03,-1.045865931684328842e+00,-2.635952953707092483e-01,-1.744599434343218070e+00,4.407225812968609269e-01,1.576324547028526979e+00,5.185728816003356556e-01
1.501333333333333364e+01,2.369591210595563269e-02,-1.345509206317015427e-01,1.762016953895373106e-01,-4.130664096137594971e-02,-7.392073982035498583e-05,2.369615947150158913e-02,2.279917454141828226e-01,-1.610899063847259782e-03,-3.184513038168912402e-03,3.486914706733124092e-03,-1.297523830112723431e-04,-1.675830234582065259e-06,-1.610957574415650129e-03,5.244684552198993453e-03,-1.045527973683175738e+00,-2.652499327687074526e-01,-1.742435675954756791e+00,4.402180074678403443e-01,1.576323492293861150e+00,5.189108431302509317e-01
1.502666666666666728e+01,2.511352626520022696e-02,-1.323382517002129055e-01,1.735622197496956287e-01,-4.087605664814070866e-02,-7.844787899835679748e-05,2.511378794381123603e-02,2.248766477316884171e-01,-1.609188512750936439e-03,-3.179577588912074759e-03,3.484457064527823889e-03,-1.293789477783136022e-04,-1.669419348537815040e-06,-1.609246961189469971e-03,5.238994161974804518e-03,-1.045212028188429620e+00,-2.670439450437966933e-01,-1.740086320016229537e+00,4.396672522550222340e-01,1.576322506683997204e+00,5.192267919232040896e-01
1.504000000000000092e+01,2.959528085623368276e-02,-1.174736455430097498e-01,1.542842828812189815e-01,-3.645890510618262498e-02,-9.269648501633557408e-05,2.959558826138724077e-02,2.017045789986275373e-01,-1.607479778021669858e-03,-3.174672427796121355e-03,3.481980451970123625e-03,-1.290100501778468356e-04,-1.663097540571811805e-06,-1.607538164396515867e-03,5.233311517327362411e-03,-1.044877181171560032e+00,-2.688084550664662231e-01,-1.737772157086233671e+00,4.391222381663801855e-01,1.576321460712277300e+00,5.195616424291218394e-01
1.505333333333333456e+01,3.714357100003765066e-02,-8.838715736729756134e-02,1.162647152221163438e-01,-2.773942976393791934e-02,-1.120135504839438829e-04,3.714395538174154743e-02,1.576660407058248503e-01,-1.605772857732112868e-03,-3.169913144815517114e-03,3.479392804071501644e-03,-1.286631504897606249e-04,-1.657207840732866089e-06,-1.605831182108552468e-03,5.227645821915619280e-03,-1.044482577426810277e+00,-2.703747703403731606e-01,-1.735715033314484179e+00,4.386361194316310552e-01,1.576320224759143684e+00,5.199562502726071678e-01
1.506666666666666821e+01,4.604438808871348654e-02,-5.606111881251946844e-02,7.370861194085218115e-02,-1.710307392088673134e-02,-1.498338763104334109e-04,4.604486289098572854e-02,1.144926249922068179e-01,-1.604067749955362387e-03,-3.144331140871425845e-03,3.449434261142858560e-03,-1.251716288765969409e-04,-1.589555984615742545e-06,-1.604126012398232604e-03,5.191082653826978310e-03,-1.043987329813476528e+00,-2.715532657719372800e-01,-1.734164837111522584e+00,4.382662603681120039e-01,1.576318731245136995e+00,5.204515030110306029e-01
1.508000000000000185e+01,5.292535316605123663e-02,-2.741560022997107868e-02,3.605885484010880326e-02,-8.335450444481024360e-03,-1.671837123566601794e-04,5.292589720650785201e-02,8.788405677778415859e-02,-1.602364452765847602e-03,-3.161595563415886545e-03,3.473551691977938560e-03,-1.281470485423596983e-04,-1.648900668005381931e-06,-1.602422653342649994e-03,5.216608328004954109e-03,-1.043373404638960444e+00,-2.723007473561041003e-01,-1.733182055618977868e+00,4.380382193825003156e-01,1.576316733460119579e+00,5.210654345162435419e-01
1.509333333333333371e+01,5.781512959374852240e-02,-1.241216305792164007e-02,1.629374941442726654e-02,-3.584027241292806528e-03,-1.829752380160139236e-04,5.781572209891171904e-02,8.436630680977545704e-02,-1.600662964241550412e-03,-3.158026336896657682e-03,3.470031878901380651e-03,-1.279790019461657380e-04,-1.646522227893854051e-06,-1.600721103017122005e-03,5.211051995119436037e-03,-1.042667733263413332e+00,-2.726662886925037554e-01,-1.732701270887776479e+00,4.379270800432406574e-01,1.576314504343955036e+00,5.217711131456637119e-01
1.510666666666666735e+01,6.069245538657985078e-02,-9.451623935944605814e-03,1.239082163331056696e-02,-2.633510313840244088e-03,-1.923832582883424464e-04,6.069307553660893695e-02,8.727577901463105803e-02,-1.598963282461340896e-03,-3.154715041071565196e-03,3.466313727265024625e-03,-1.278494502781057918e-04,-1.644898320662946389e-06,-1.599021359501406891e-03,5.205521964281515160e-03,-1.041896864868830264e+00,-2.728317841999428062e-01,-1.732484020895584065e+00,4.378792930133568184e-01,1.576312064674114666e+00,5.225419894403158239e-01
1.512000000000000099e+01,6.152913889174672218e-02,-1.853287964098804252e-02,2.436012845069631880e-02,-5.494177755351811743e-03,-1.952835873392715993e-04,6.152976578996240120e-02,9.240592308795009258e-02,-1.597265405507641844e-03,-3.151459497007902399e-03,3.462558007142124694e-03,-1.277279079978654863e-04,-1.643430449060900855e-06,-1.597323420877927447e-03,5.200002011534914093e-03,-1.041087632130342833e+00,-2.729578058524220197e-01,-1.732318809940473159e+00,4.378441795425054295e-01,1.576309499564004568e+00,5.233512304474707832e-01
1.513333333333333464e+01,6.323482303109612124e-02,-2.802017387164694798e-02,3.686999354368909743e-02,-8.484627463635544681e-03,-2.009670161736124732e-04,6.323546537268180667e-02,1.010639539268128606e-01,-1.595569331462876050e-03,-3.148050495781262725e-03,3.458930997036091526e-03,-1.275828465732153916e-04,-1.641500474658386111e-06,-1.595627285229106462e-03,5.194475292883947611e-03,-1.040267243611785908e+00,-2.732049109143019905e-01,-1.731994008227797144e+00,4.377709238391007673e-01,1.576306895782840556e+00,5.241716273246703750e-01
1.514666666666666828e+01,6.629071711940502654e-02,-2.949528997414392270e-02,3.882284817049479891e-02,-8.942362433547417291e-03,-2.110169197906827871e-04,6.629138833415598731e-02,1.060481182682481011e-01,-1.593875058413463108e-03,-3.144488309132054127e-03,3.455432436727079448e-03,-1.274143149907480677e-04,-1.639109807882732639e-06,-1.593932950640919444e-03,5.188941809113946715e-03,-1.039424112638037911e+00,-2.735785132325907476e-01,-1.731502408313881247e+00,4.376577954729188313e-01,1.576304216222625065e+00,5.250147668629727704e-01
1.516000000000000014e+01,6.800821984926519459e-02,-3.038102350501401677e-02,4.000180487286013331e-02,-9.224387044454192622e-03,-2.168310977304548711e-04,6.800890623011854319e-02,1.088972754849838881e-01,-1.592182584446710791e-03,-3.140906826938572038e-03,3.451955879817170114e-03,-1.272424959188889204e-04,-1.636654127779024748e-06,-1.592240415200674164e-03,5.183412326366858107e-03,-1.038540236409779105e+00,-2.739717837655795130e-01,-1.730984770338274581e+00,4.375385639738049726e-01,1.576301402663694340e+00,5.258986520407615828e-01
1.517333333333333378e+01,6.839177336944113339e-02,-3.067071477122668144e-02,4.039709470011684095e-02,-9.327541755203146503e-03,-2.183981739128376003e-04,6.839246141680009605e-02,1.096112776178211762e-01,-1.590491907652591408e-03,-3.137315722283151587e-03,3.448493623989801193e-03,-1.270688489922733311e-04,-1.634162089203528012e-06,-1.590549676997898843e-03,5.177887615829434263e-03,-1.037633460145122477e+00,-2.743768640789796542e-01,-1.730451412939969735e+00,4.374155721465458058e-01,1.576298511582391093e+00,5.268054374571633502e-01
1.518666666666666742e+01,6.744601962430880893e-02,-3.035744315370904334e-02,3.999852656336481960e-02,-9.248516072893314677e-03,-2.157065441268559564e-04,6.744669605427150438e-02,1.081899275937208277e-01,-1.588803026121521356e-03,-3.133724596838582954e-03,3.445038030749358882e-03,-1.268948215935594703e-04,-1.631662057466343185e-06,-1.588860734124342144e-03,5.172368444771113273e-03,-1.036721569833529699e+00,-2.747858069425959116e-01,-1.729912785010634835e+00,4.372912049231429954e-01,1.576295599606739373e+00,5.277173369427208272e-01
1.520000000000000107e+01,6.738716280414698556e-02,-3.044484928128085577e-02,4.012749424838839979e-02,-9.290534412266581582e-03,-2.158501199303777644e-04,6.738783651343559222e-02,1.081924927345158660e-01,-1.587115937948802014e-03,-3.130143063121870739e-03,3.441581460602805009e-03,-1.267218611316067722e-04,-1.629182344586865838e-06,-1.587173584673973181e-03,5.166855583261119669e-03,-1.035822289571872279e+00,-2.751905728513119875e-01,-1.729379471323123196e+00,4.371678913755046025e-01,1.576292723519484795e+00,5.286166262234441859e-01
1.521333333333333471e+01,6.821210258593965459e-02,-3.093753415523230188e-02,4.079079286335727389e-02,-9.455815045993227683e-03,-2.188364778137551995e-04,6.821278232792349350e-02,1.096191349250985742e-01,-1.585430641229734761e-03,-3.126564723408442603e-03,3.438128986682720267e-03,-1.265490048725226302e-04,-1.626704116741706230e-06,-1.585488226741649243e-03,5.161348508947741220e-03,-1.034923794067816871e+00,-2.755965041750623179e-01,-1.728844438066478029e+00,4.370440175833412155e-01,1.576289845517885979e+00,5.295151307102901050e-01
1.522666666666666835e+01,6.771006220937601794e-02,-3.082380529934717825e-02,4.065513799040627180e-02,-9.437251961120071350e-03,-2.175584536909776017e-04,6.771073480780029352e-02,1.089102952296949062e-01,-1.583747134060953243e-03,-3.122983155448899595e-03,3.434685696463546378e-03,-1.263752874791634895e-04,-1.624208525008441484e-06,-1.583804658425780332e-03,5.155846696202778107e-03,-1.034014299366670997e+00,-2.760090046304655154e-01,-1.728300560828299970e+00,4.369179400493945487e-01,1.576286927698181906e+00,5.304246344746621489e-01
1.524000000000000021e+01,6.588570292805394357e-02,-3.009678056035196281e-02,3.971033603092734288e-02,-9.231501354357539435e-03,-2.120049313940776793e-04,6.588635542112614152e-02,1.060656882886087810e-01,-1.582065414543532000e-03,-3.119407987240752078e-03,3.431243942906725408e-03,-1.262021576868832540e-04,-1.621723873412861394e-06,-1.582122877825664631e-03,5.150350917910623098e-03,-1.033111498537212736e+00,-2.764199887011233869e-01,-1.727758492321761263e+00,4.367921100232461384e-01,1.576284026918798986e+00,5.313274442720992141e-01
1.525333333333333385e+01,6.274350393740493748e-02,-2.874988263773947325e-02,3.794660640601482671e-02,-8.835341073116445218e-03,-2.021654958930600677e-04,6.274412356856670647e-02,1.010849995840804455e-01,-1.580385480778545571e-03,-3.115848910511420655e-03,3.427796036257646506e-03,-1.260310721598045802e-04,-1.619278568121274020e-06,-1.580442883042820768e-03,5.144861954119664058e-03,-1.032233022498171948e+00,-2.768212791085948865e-01,-1.727229021174682133e+00,4.366690233385215336e-01,1.576281200186380183e+00,5.322059290110474628e-01
1.526666666666666750e+01,5.784707897398430609e-02,-2.657233142643824694e-02,3.508470152348444615e-02,-8.183193600558795466e-03,-1.866055032723072172e-04,5.784764886437675918e-02,9.325588229439017718e-02,-1.578707330869288938e-03,-3.112315761713446705e-03,3.424334179712218429e-03,-1.258635076819558662e-04,-1.616901351475519277e-06,-1.578764672180987816e-03,5.139380598725732871e-03,-1.031396442445672967e+00,-2.772046108770980233e-01,-1.726723066422601871e+00,4.365512187908802133e-01,1.576278504646435152e+00,5.330425173252950621e-01
1.528000000000000114e+01,5.384194887757055153e-02,-2.478912109348121312e-02,3.274080563328799626e-02,-7.648891430615268813e-03,-1.738714642324589821e-04,5.384247812152367918e-02,8.685024213385424130e-02,-1.577030962923053892e-03,-3.108821891024238226e-03,3.420847799233683872e-03,-1.257014672786382903e-04,-1.614631173207925485e-06,-1.577088243346125296e-03,5.133907933228046110e-03,-1.030625148059352902e+00,-2.775589086294507624e-01,-1.726255270402288655e+00,4.364421095428729913e-01,1.576276016573058492e+00,5.338138193101533702e-01
1.529333333333333478e+01,5.248428308688352084e-02,-2.422791616250072680e-02,3.200878923426409700e-02,-7.487059820758622426e-03,-1.696783947951352066e-04,5.248479775075171050e-02,8.471654697530715816e-02,-1.575356375046244040e-03,-3.105361107171411561e-03,3.417341810396212765e-03,-1.255440179486200236e-04,-1.612449739063492871e-06,-1.575413594646413173e-03,5.128443453724271586e-03,-1.029907255407652045e+00,-2.778894302440306774e-01,-1.725818726327178254e+00,4.363401243237978733e-01,1.576273698286868807e+00,5.345317190184402101e-01
1.530666666666666842e+01,5.376653514711211140e-02,-2.489978266139540944e-02,3.290511916723849045e-02,-7.703135190008311012e-03,-1.740436960801646730e-04,5.376706095215859349e-02,8.685534970350049233e-02,-1.573683565348815705e-03,-3.101913669214084734e-03,3.413831855203497412e-03,-1.253881938252376926e-04,-1.610299211307619771e-06,-1.573740724190031415e-03,5.122985552380249219e-03,-1.029207464966493291e+00,-2.782124691261973481e-01,-1.725391942470721363e+00,4.362402968595211483e-01,1.576271435908271457e+00,5.352315163217835625e-01
1.532000000000000028e+01,5.768114688558369924e-02,-2.681579010553435463e-02,3.544624167638307788e-02,-8.302580133745950455e-03,-1.869845375434842907e-04,5.768170920884804764e-02,9.326727577960863824e-02,-1.572012531943833835e-03,-3.098459618831039819e-03,3.410333735068604710e-03,-1.252309991204292317e-04,-1.608121261931216850e-06,-1.572069630090044967e-03,5.117532599379136758e-03,-1.028490577831198571e+00,-2.785444662283493855e-01,-1.724953207548491463e+00,4.361375883903209072e-01,1.576269115325656500e+00,5.359484104678124972e-01
1.533333333333333393e+01,6.450107210694072668e-02,-2.577207066075497266e-02,3.406568527506391442e-02,-7.931130409206234647e-03,-2.094516185205809011e-04,6.450169865516486301e-02,1.010369965472917991e-01,-1.570343272943919288e-03,-3.094979125605856751e-03,3.406863137790594465e-03,-1.250694598615709197e-04,-1.605858069630983209e-06,-1.570400310459962867e-03,5.112082971364563869e-03,-1.027721495872723878e+00,-2.789020100964232363e-01,-1.724480590992806261e+00,4.360268873218711150e-01,1.576266622198489564e+00,5.367174999239305855e-01
1.534666666666666757e+01,6.955972064990476045e-02,-2.392032200116714011e-02,3.161563600937643270e-02,-7.309795147831220363e-03,-2.262693256207884689e-04,6.956039386383933154e-02,1.063128293255951179e-01,-1.568675786465245636e-03,-3.091519684205845664e-03,3.403382451055314561e-03,-1.249107035166119317e-04,-1.603648316361727666e-06,-1.568732763415514597e-03,5.106640532442053952e-03,-1.026861481577964419e+00,-2.792456377052334737e-01,-1.724026381855805479e+00,4.359211389164148187e-01,1.576263829510242687e+00,5.375775225726662221e-01
1.536000000000000121e+01,7.024103985019711227e-02,-2.653628833242920038e-02,3.508990413541612785e-02,-8.158577559013729594e-03,-2.288392872816276001e-04,7.024171729452535762e-02,1.089485807783715926e-01,-1.567010070626206897e-03,-3.088094300575772166e-03,3.399881384541281193e-03,-1.247566790389953439e-04,-1.601529854511341000e-06,-1.567066987074650086e-03,5.101206341198598511e-03,-1.025934018635966005e+00,-2.795645753319155880e-01,-1.723604840042347153e+00,4.358236749811101873e-01,1.576260812585901228e+00,5.385049944908506525e-01
1.537333333333333485e+01,6.653998044619198471e-02,-3.360179302850423849e-02,4.447110220979517969e-02,-1.047873379313726122e-02,-2.170581921708514511e-04,6.654062020864577598e-02,1.098718960343433859e-01,-1.565346123546085266e-03,-3.084631236784041164e-03,3.396416697240667304e-03,-1.245966291048006269e-04,-1.599293676157742539e-06,-1.565402979556651530e-03,5.095774533951554809e-03,-1.024997471437963270e+00,-2.799183925096810910e-01,-1.723136974653874942e+00,4.357148939469901450e-01,1.576257761395403634e+00,5.394415507214445071e-01
1.538666666666666849e+01,5.845442658125062085e-02,-4.509912231651980880e-02,5.974482375534446305e-02,-1.427467700962508322e-02,-1.908381333873266337e-04,5.845498727117715704e-02,1.124325715529808783e-01,-1.563683943346383387e-03,-3.081062103734932833e-03,3.393042453342154374e-03,-1.244203080918993010e-04,-1.596741045606364651e-06,-1.563740738983909750e-03,5.090339508651516888e-03,-1.024110271698680741e+00,-2.803664164167276596e-01,-1.722544026624410973e+00,4.355751774964149448e-01,1.576254867286174921e+00,5.403287589908929434e-01
1.540000000000000036e+01,4.671500498470659152e-02,-6.354226929776631005e-02,8.426014997463289469e-02,-2.037442329136303701e-02,-1.525079826941078316e-04,4.671545257159967490e-02,1.261632214398809848e-01,-1.562023528150824347e-03,-3.077326333571051009e-03,3.389806470955214479e-03,-1.242186555492352795e-04,-1.593696524082588439e-06,-1.562080263479703746e-03,5.084896295906567686e-03,-1.023330879344264144e+00,-2.809677380476145458e-01,-1.721747428974339744e+00,4.353848484696198895e-01,1.576252322777730086e+00,5.411081588211752447e-01
1.541333333333333400e+01,3.789076484079106910e-02,-7.900149768611336443e-02,1.048565188857204927e-01,-2.553224670174873007e-02,-1.236448571403898715e-04,3.789112774678660839e-02,1.440815210959182080e-01,-1.560364876086239860e-03,-3.073342355053743091e-03,3.386773073494886432e-03,-1.239794863687748716e-04,-1.589924255362973327e-06,-1.560421551169977050e-03,5.079438205894036551e-03,-1.022708012611134976e+00,-2.818149683049182563e-01,-1.720623960308011346e+00,4.351131894924016308e-01,1.576250289337960631e+00,5.417310315221297579e-01
1.542666666666666764e+01,3.454143765304689556e-02,-8.399735256269853789e-02,1.115904228358169659e-01,-2.728075667546202634e-02,-1.127300085943562784e-04,3.454176817814806622e-02,1.504608745258100289e-01,-1.558707985279461639e-03,-3.069172444339685057e-03,3.383892764865947811e-03,-1.237121863066903416e-04,-1.585606607790168709e-06,-1.558764600182005466e-03,5.073970301307425754e-03,-1.022202802413257672e+00,-2.828683216073999418e-01,-1.719225873389535142e+00,4.347727595363783948e-01,1.576248640739865259e+00,5.422362465587537983e-01
1.544000000000000128e+01,3.666385583403307391e-02,-7.854578088980589123e-02,1.044382356511785598e-01,-2.557847564146885702e-02,-1.198121414581725114e-04,3.666420584065940846e-02,1.428970253264775503e-01,-1.557052853860430019e-03,-3.064951706243324026e-03,3.381058599886355154e-03,-1.234370237281900984e-04,-1.581136525707904639e-06,-1.557109408646173421e-03,5.068503597364638034e-03,-1.021742249911216760e+00,-2.839882863082356934e-01,-1.717738001085057586e+00,4.344090161140390371e-01,1.576247137673083998e+00,5.426968034677956965e-01
1.545333333333333492e+01,4.425437585016021164e-02,-6.266393357075702997e-02,8.337455446375149903e-02,-2.038451533248651984e-02,-1.449411936535740999e-04,4.425479677437127446e-02,1.233311444660571410e-01,-1.555399479961305786e-03,-3.060801947371682985e-03,3.378174406672762586e-03,-1.231722176306959682e-04,-1.576866960117939698e-06,-1.555455974693753518e-03,5.063048053901229514e-03,-1.021253398500096221e+00,-2.850355633867662775e-01,-1.716345491276375146e+00,4.340679697721530061e-01,1.576245540177864335e+00,5.431856595456712178e-01
1.546666666666666679e+01,5.462790429802399234e-02,-3.942368554642167872e-02,5.245892917464833882e-02,-1.269982440392961390e-02,-1.793429436726238536e-04,5.462842181961712062e-02,1.021565285945645607e-01,-1.553747861715581990e-03,-3.056856233404570133e-03,3.375135427002184940e-03,-1.229376042646279643e-04,-1.573181980241145084e-06,-1.553804296459126988e-03,5.057614607819980318e-03,-1.020663340155427257e+00,-2.858710825010430945e-01,-1.715233830550191740e+00,4.337961762343867100e-01,1.576243607628615706e+00,5.437757235026627889e-01
1.548000000000000043e+01,6.137386726350350930e-02,-2.315861531415757193e-02,3.079710035049599420e-02,-7.302784004701790704e-03,-2.018778213179446362e-04,6.137444658155505328e-02,9.524562214722535891e-02,-1.552097997258528039e-03,-3.053238151502046804e-03,3.371844600919438051e-03,-1.227515548758439934e-04,-1.570436956477294643e-06,-1.552154372076230970e-03,5.052213477366447429e-03,-1.019934968098120009e+00,-2.863967316416622388e-01,-1.714534378161196360e+00,4.336268452423341913e-01,1.576241216389366429e+00,5.445041024602579327e-01
1.549333333333333407e+01,6.396354833253373173e-02,-1.796733612656706627e-02,2.388182316410488240e-02,-5.577053966205206340e-03,-2.107282688957554399e-04,6.396415003777303210e-02,9.543093098055270562e-02,-1.550449884729410144e-03,-3.049873594207941352e-03,3.368360574987239175e-03,-1.226029537013673121e-04,-1.568416122310622995e-06,-1.550506199685219855e-03,5.046838631091785272e-03,-1.019116649867940261e+00,-2.867055131791844680e-01,-1.714123750156523185e+00,4.335294747889379963e-01,1.576238524685082076e+00,5.453224284146784839e-01
1.550666666666666771e+01,6.237512378410307867e-02,-2.383766727540101091e-02,3.171502349716308344e-02,-7.535130715163784222e-03,-2.057468279857740782e-04,6.237570874397106030e-02,9.701691982126134373e-02,-1.548803522267050425e-03,-3.046596551646185702e-03,3.364814150510042623e-03,-1.224670273902717099e-04,-1.566639690864235490e-06,-1.548859777424027584e-03,5.041476411116252616e-03,-1.018263802556839792e+00,-2.869450776608721831e-01,-1.713805325847668426e+00,4.334551140693885252e-01,1.576235714974830060e+00,5.461752837485152057e-01
1.552000000000000135e+01,5.658643886766206998e-02,-4.075917397242038998e-02,5.429710459358900315e-02,-1.319022267212950975e-02,-1.867889662260743442e-04,5.658696823756977079e-02,1.057715119134770843e-01,-1.547158908012047362e-03,-3.043229333612007537e-03,3.361345198046983285e-03,-1.223172884206036315e-04,-1.564595423886316894e-06,-1.547215103433696726e-03,5.036112146023942644e-03,-1.017432134239718344e+00,-2.872629132245441141e-01,-1.713382458867706237e+00,4.333546456598531549e-01,1.576232971683790396e+00,5.470069598651017273e-01
1.553333333333333499e+01,5.176937749839682912e-02,-6.837657923538725813e-02,9.117559828742410888e-02,-2.242390307514607189e-02,-1.709593096060933542e-04,5.176986074327813436e-02,1.373003783503961850e-01,-1.545516040109440326e-03,-3.039610001662751415e-03,3.358081101914045519e-03,-1.221296156508344666e-04,-1.561817593476177990e-06,-1.545572175859266650e-03,5.030732442950987954e-03,-1.016677648388149446e+00,-2.878063688775096551e-01,-1.712658497473125152e+00,4.331787760242247209e-01,1.576230481164240693e+00,5.477614527749361528e-01
1.554666666666666686e+01,4.971407255595752112e-02,-8.862525980933629033e-02,1.182835266292368293e-01,-2.926073902281796021e-02,-1.642769774049873330e-04,4.971453553739670767e-02,1.662668675262951867e-01,-1.543874916704268685e-03,-3.035626524932499848e-03,3.355114558284189030e-03,-1.218873605504100510e-04,-1.557985394029515192e-06,-1.543930992845332639e-03,5.025331205319873151e-03,-1.015987390021503955e+00,-2.887180566006479765e-01,-1.711442822829292831e+00,4.328797906498893511e-01,1.576228201706779686e+00,5.484517175848466763e-01
1.556000000000000050e+01,4.616470005057771164e-02,-9.280770020943264476e-02,1.239913583507025463e-01,-3.079970655381496572e-02,-1.526467141658445601e-04,4.616512915223858204e-02,1.708747203919860069e-01,-1.542235535945124525e-03,-3.031414183499503423e-03,3.352334024179892680e-03,-1.216107541903710398e-04,-1.553490206251950667e-06,-1.542291552540930866e-03,5.019916396896839314e-03,-1.015324535720758092e+00,-2.898997267314391557e-01,-1.709865709140903078e+00,4.324896474629182919e-01,1.576226011347080735e+00,5.491145780586785818e-01
1.557333333333333414e+01,4.116192606304609064e-02,-8.053399259693304335e-02,1.077136671268873469e-01,-2.690055535269135489e-02,-1.351022059701584722e-04,4.116230816096515949e-02,1.489975031695899288e-01,-1.540597895979711751e-03,-3.027164980430541164e-03,3.349588276588377767e-03,-1.213284354202315285e-04,-1.548885109059483511e-06,-1.540653853093765235e-03,5.014503824092641365e-03,-1.014709006386750545e+00,-2.911371627342314028e-01,-1.708212491029560409e+00,4.320789847088675195e-01,1.576223976057558929e+00,5.497301131140419628e-01
1.558666666666666778e+01,3.473795279871755987e-02,-5.128106881821577201e-02,6.868993546044037390e-02,-1.741304414024479399e-02,-1.102709655919501604e-04,3.473827514932713301e-02,1.003232507627733333e-01,-1.538961994961063340e-03,-3.018027193017580601e-03,3.340193086014409118e-03,-1.203197598509397892e-04,-1.530271671601468597e-06,-1.539017892655980546e-03,5.001683443786082359e-03,-1.014160180705910186e+00,-2.922109493021904925e-01,-1.706776308801202013e+00,4.317203106374982724e-01,1.576222174694812850e+00,5.502789438895216989e-01
1.560000000000000142e+01,2.760822111600161333e-02,-1.930015661850884023e-02,2.576009308769911313e-02,-6.005159187287948536e-03,-9.729311011271571711e-05,2.760847757425554869e-02,5.095676354869927566e-02,-1.537327831041324089e-03,-2.992295436855307855e-03,3.308430047588739598e-03,-1.168487779676929961e-04,-1.464191224265221081e-06,-1.537383669381053863e-03,4.963881802476303139e-03,-1.013697008001927191e+00,-2.928946968864334366e-01,-1.705860442995062787e+00,4.314881367156284675e-01,1.576220704415272067e+00,5.507421208915128652e-01
1.561333333333333506e+01,2.147890049778062443e-02,7.732339794999354074e-03,-1.037423014086519442e-02,2.683167649313689378e-03,-7.114073748381238111e-05,2.147910050269969534e-02,3.312571666180907232e-02,-1.535695402377079688e-03,-3.016419356828503595e-03,3.340554863734190860e-03,-1.207742090989505357e-04,-1.540687733836421103e-06,-1.535751181424238609e-03,4.998957228992667763e-03,-1.013328898387046983e+00,-2.931520323080136770e-01,-1.705516975087226772e+00,4.314080679264646889e-01,1.576219407173804044e+00,5.511102339258364680e-01
1.562666666666666693e+01,1.648828576736645693e-02,2.119886038393446401e-02,-2.840864687641996011e-02,7.188159793084492565e-03,-5.458393300248367804e-05,1.648843992077574788e-02,4.303310049381407071e-02,-1.534064707125804006e-03,-3.013619165512793074e-03,3.336691972026351038e-03,-1.207057021650470574e-04,-1.540202853256289472e-06,-1.534120426942564563e-03,4.993682613032442673e-03,-1.013042513047076376e+00,-2.930489344440805333e-01,-1.705655298155771549e+00,4.314438434951224366e-01,1.576218458630637365e+00,5.513966219325392437e-01
1.564000000000000057e+01,1.262243163189256077e-02,2.314711862810018769e-02,-3.100690786291426804e-02,7.811969748521270344e-03,-4.171592482188194085e-05,1.262255033024741596e-02,4.332321092340944702e-02,-1.532435743445859089e-03,-3.011069686358336384e-03,3.332638998745807157e-03,-1.206740154398033837e-04,-1.540426254997839806e-06,-1.532491404096170129e-03,4.988434338988744117e-03,-1.012822669236844497e+00,-2.927662829722947890e-01,-1.706034080114123830e+00,4.315396856256970004e-01,1.576217730844863496e+00,5.516164677981496567e-01
1.565333333333333421e+01,9.874051878346662772e-03,1.357337643139946808e-02,-1.817576787700373939e-02,4.565718604855096424e-03,-3.251943425633073550e-05,9.874145398031271975e-03,2.702660869212523617e-02,-1.530808509499159697e-03,-3.008559678536304460e-03,3.328561410902430850e-03,-1.206478382904663249e-04,-1.540754656303988668e-06,-1.530864111046081888e-03,4.983194788438063787e-03,-1.012654370148418970e+00,-2.924576547239201574e-01,-1.706447505552296073e+00,4.316438452223438915e-01,1.576217174632532192e+00,5.517847684692194221e-01
1.566666666666666785e+01,1.217834991186980687e-04,2.191099923136280425e-04,-2.806718548089476078e-04,6.595039976359755776e-06,6.473554383848351420e-08,1.217879225006308479e-04,3.955918304024580467e-04,-1.529183003449396949e-03,-3.005873341486164918e-03,3.324628379263394606e-03,-1.205951548559625053e-04,-1.540571429980985840e-06,-1.529238545955102779e-03,4.977945877414619372e-03,-1.012522716123374522e+00,-2.922766763715016758e-01,-1.706689849123989466e+00,4.317047214704086144e-01,1.576216741040075142e+00,5.519164237411930962e-01
